order_number,created_at,created_day,weekday,hour_of_day,month,user_id,user_segment,user_orders_90d,user_spent_90d,user_avg_order_value_90d,user_days_since_last_order,item_count,total_quantity,subtotal,tax,shipping_fee,discount_amount,total_amount,avg_item_price,payment_method,payment_status,has_voucher,voucher_code,qty_low_cal,qty_balanced,qty_high_protein,qty_vegetarian,current_status,age_hours,label_cancelled,label_delay_risk,label_payment_unpaid
ORD-20260312-001,2026-02-13T08:34:32.247Z,2026-02-13,5,15,2,69b66f179390b3e4eaa4710a,vip,300,150762893,502543,-31,2,3,569700,45576,0,56970,558306,284850,momo,paid,1,WELCOME10,1,2,0,0,completed,724.2,0,0,0
ORD-20260312-002,2026-02-15T08:34:32.247Z,2026-02-15,0,15,2,69b66f179390b3e4eaa4710d,regular,128,62788236,490533,-29,1,1,229900,18392,25000,0,273292,229900,cash,paid,0,,0,0,1,0,completed,676.2,0,0,0
ORD-20260312-003,2026-02-16T08:34:32.247Z,2026-02-16,1,15,2,69b66f179390b3e4eaa47110,regular,80,39676181,495952,-28,2,3,519700,41576,0,51970,509306,259850,card,paid,1,EATOMO50K,0,1,0,2,completed,652.2,0,0,0
ORD-20260312-004,2026-02-17T08:34:32.247Z,2026-02-17,2,15,2,69b66f179390b3e4eaa47113,regular,89,41138137,462226,-27,1,3,419700,33576,0,0,453276,419700,momo,paid,0,,3,0,0,0,completed,628.2,0,0,0
ORD-20260312-005,2026-02-18T08:34:32.247Z,2026-02-18,3,15,2,69b66f179390b3e4eaa47116,regular,82,38788483,473030,-26,2,3,729700,58376,0,72970,715106,364850,bank_transfer,paid,1,VIP100K,0,1,2,0,completed,604.2,0,0,0
ORD-20260312-006,2026-02-19T08:34:32.247Z,2026-02-19,4,15,2,69b66f179390b3e4eaa47119,regular,49,23556582,480747,-25,2,3,429700,34376,0,42970,421106,214850,cash,paid,1,VEGGIE25,0,0,0,3,completed,580.2,0,0,0
ORD-20260312-007,2026-02-20T08:34:32.247Z,2026-02-20,5,15,2,69b66f179390b3e4eaa4711c,regular,50,24230795,484616,-24,2,2,384800,30784,0,0,415584,192400,momo,paid,0,,0,1,1,0,completed,556.2,0,0,0
ORD-20260312-008,2026-02-21T08:34:32.247Z,2026-02-21,6,15,2,69b66f179390b3e4eaa4710a,vip,300,150762893,502543,-23,1,2,479800,38384,0,47980,470204,479800,card,paid,1,HEALTHY20,0,0,2,0,completed,532.2,0,0,0
ORD-20260312-009,2026-02-22T08:34:32.247Z,2026-02-22,0,15,2,69b66f179390b3e4eaa4710d,regular,128,62788236,490533,-22,2,3,524700,41976,0,0,566676,262350,cash,paid,0,,1,2,0,0,completed,508.2,0,0,0
ORD-20260312-010,2026-02-23T08:34:32.247Z,2026-02-23,1,15,2,69b66f179390b3e4eaa4711f,regular,96,51556197,537044,-21,1,2,419800,33584,0,41980,411404,419800,momo,paid,1,FIRSTORDER30,0,2,0,0,completed,484.2,0,0,0
ORD-20260312-011,2026-02-24T08:34:32.247Z,2026-02-24,2,15,2,69b66f179390b3e4eaa47122,regular,84,40357330,480444,-20,2,2,414800,33184,0,0,447984,207400,card,paid,0,,1,0,1,0,completed,460.2,0,0,0
ORD-20260312-012,2026-02-25T08:34:32.247Z,2026-02-25,3,15,2,69b66f179390b3e4eaa47125,regular,78,39418164,505361,-19,2,4,549600,43968,0,54960,538608,274800,cash,paid,1,VEGGIE25,0,0,0,4,completed,436.2,0,0,0
ORD-20260312-013,2026-02-26T08:34:32.247Z,2026-02-26,4,15,2,69b66f179390b3e4eaa47128,regular,66,34270303,519247,-17,2,2,499800,39984,0,49980,489804,249900,bank_transfer,paid,1,PROTEIN10,0,0,2,0,completed,412.2,0,0,0
ORD-20260312-014,2026-02-27T08:34:32.247Z,2026-02-27,5,15,2,69b66f179390b3e4eaa4712b,regular,83,34910035,420603,-17,1,2,399800,31984,0,39980,391804,399800,momo,paid,1,EATOMO50K,0,2,0,0,completed,388.2,0,0,0
ORD-20260312-015,2026-02-28T08:34:32.247Z,2026-02-28,6,15,2,69b66f189390b3e4eaa4712e,regular,66,32415979,491151,-16,2,3,549700,43976,0,0,593676,274850,cash,paid,0,,2,1,0,0,completed,364.2,0,0,0
ORD-20260312-016,2026-03-01T08:34:32.247Z,2026-03-01,0,15,3,69b66f189390b3e4eaa47131,regular,82,38006436,463493,-15,1,2,499800,39984,0,49980,489804,499800,card,paid,1,VIP100K,0,0,2,0,completed,340.2,0,0,0
ORD-20260312-017,2026-03-02T08:34:32.247Z,2026-03-02,1,15,3,69b66f189390b3e4eaa47134,regular,69,34548879,500708,-14,2,3,519700,41576,0,51970,509306,259850,momo,paid,1,HEALTHY20,2,1,0,0,completed,316.2,0,0,0
ORD-20260312-018,2026-03-03T08:34:32.247Z,2026-03-03,2,15,3,69b66f179390b3e4eaa4711f,regular,96,51556197,537044,-13,1,2,399800,31984,0,0,431784,399800,cash,paid,0,,0,2,0,0,completed,292.2,0,0,0
ORD-20260312-019,2026-03-04T08:34:32.247Z,2026-03-04,3,15,3,69b66f179390b3e4eaa47113,regular,89,41138137,462226,-12,2,2,449800,35984,0,44980,440804,224900,card,paid,1,EATOMO50K,0,1,1,0,completed,268.2,0,0,0
ORD-20260312-020,2026-03-05T08:34:32.247Z,2026-03-05,4,15,3,69b66f179390b3e4eaa4710a,vip,300,150762893,502543,-11,1,1,249900,19992,25000,0,294892,249900,momo,paid,0,,0,0,1,0,completed,244.2,0,0,0
ORD-20260312-021,2026-03-06T08:34:32.247Z,2026-03-06,5,15,3,69b66f179390b3e4eaa47125,regular,78,39418164,505361,-10,2,3,529700,42376,0,52970,519106,264850,cash,paid,1,FREESHIP,1,2,0,0,completed,220.2,0,0,0
ORD-20260312-022,2026-03-07T08:34:32.247Z,2026-03-07,6,15,3,69b66f179390b3e4eaa47122,regular,84,40357330,480444,-9,2,3,449700,35976,0,44970,440706,224850,momo,paid,1,VEGGIE25,0,0,0,3,completed,196.2,0,0,0
ORD-20260312-023,2026-03-14T08:34:32.247Z,2026-03-14,6,15,3,69b66f179390b3e4eaa47110,regular,80,39676181,495952,-2,2,2,459800,36784,0,45980,450604,229900,momo,paid,1,PROTEIN10,0,1,1,0,delivering,28.2,0,1,0
ORD-20260312-024,2026-03-14T08:34:32.247Z,2026-03-14,6,15,3,69b66f179390b3e4eaa47113,regular,89,41138137,462226,-2,1,2,309800,24784,0,0,334584,309800,cash,unpaid,0,,2,0,0,0,delivering,28.2,0,1,1
ORD-20260312-025,2026-03-14T08:34:32.247Z,2026-03-14,6,15,3,69b66f179390b3e4eaa47128,regular,66,34270303,519247,-1,2,3,629700,50376,0,62970,617106,314850,card,paid,1,EATOMO50K,0,2,1,0,delivering,28.2,0,1,0
ORD-20260312-026,2026-03-14T08:34:32.247Z,2026-03-14,6,15,3,69b66f179390b3e4eaa4712b,regular,83,34910035,420603,-2,1,2,279800,22384,25000,27980,299204,279800,momo,paid,1,VEGGIE25,0,0,0,2,delivering,28.2,0,1,0
ORD-20260312-027,2026-03-14T08:34:32.247Z,2026-03-14,6,15,3,69b66f189390b3e4eaa4712e,regular,66,32415979,491151,-2,2,2,429800,34384,0,0,464184,214900,bank_transfer,paid,0,,1,0,1,0,delivering,28.2,0,1,0
ORD-20260312-028,2026-03-15T08:34:32.247Z,2026-03-15,0,15,3,69b66f189390b3e4eaa47131,regular,82,38006436,463493,-1,1,2,419800,33584,0,41980,411404,419800,momo,paid,1,HEALTHY20,0,2,0,0,delivering,4.2,0,0,0
ORD-20260312-029,2026-03-15T08:34:32.247Z,2026-03-15,0,15,3,69b66f179390b3e4eaa4710d,regular,128,62788236,490533,-1,2,2,409800,32784,0,0,442584,204900,cash,unpaid,0,,0,1,1,0,delivering,4.2,0,0,1
ORD-20260312-030,2026-03-15T08:34:32.247Z,2026-03-15,0,15,3,69b66f189390b3e4eaa47134,regular,69,34548879,500708,-1,1,2,439800,35184,0,43980,431004,439800,card,paid,1,EATOMO50K,0,2,0,0,delivering,4.2,0,0,0
ORD-20260312-031,2026-03-15T08:34:32.247Z,2026-03-15,0,15,3,69b66f179390b3e4eaa47116,regular,82,38788483,473030,-1,2,2,469800,37584,0,0,507384,234900,card,paid,0,,0,1,1,0,preparing,4.2,0,1,0
ORD-20260312-032,2026-03-15T08:34:32.247Z,2026-03-15,0,15,3,69b66f179390b3e4eaa4711c,regular,50,24230795,484616,-1,2,4,549600,43968,0,54960,538608,274800,momo,paid,1,VEGGIE25,0,0,0,4,preparing,4.2,0,1,0
ORD-20260312-033,2026-03-15T08:34:32.247Z,2026-03-15,0,15,3,69b66f179390b3e4eaa4711f,regular,96,51556197,537044,-1,2,3,619700,49576,0,0,669276,309850,cash,paid,0,,0,2,1,0,preparing,4.2,0,1,0
ORD-20260312-034,2026-03-15T08:34:32.247Z,2026-03-15,0,15,3,69b66f179390b3e4eaa47125,regular,78,39418164,505361,-1,2,3,579700,46376,0,57970,568106,289850,momo,paid,1,PROTEIN10,2,0,1,0,confirmed,4.2,0,1,0
ORD-20260312-035,2026-03-15T08:34:32.247Z,2026-03-15,0,15,3,69b66f179390b3e4eaa47128,regular,66,34270303,519247,0,1,2,359800,28784,0,35980,352604,359800,card,paid,1,FREESHIP,0,2,0,0,preparing,4.2,0,1,0
ORD-20260312-036,2026-03-15T08:34:32.247Z,2026-03-15,0,15,3,69b66f179390b3e4eaa4710a,vip,300,150762893,502543,-1,1,2,499800,39984,0,49980,489804,499800,momo,paid,1,FLASH25,0,0,2,0,preparing,4.2,0,1,0
ORD-20260312-037,2026-03-15T08:34:32.247Z,2026-03-15,0,15,3,69b66f179390b3e4eaa4712b,regular,83,34910035,420603,-1,2,3,484700,38776,0,0,523476,242350,cash,unpaid,0,,2,1,0,0,preparing,4.2,0,1,1
ORD-20260312-038,2026-03-15T08:34:32.247Z,2026-03-15,0,15,3,69b66f189390b3e4eaa4712e,regular,66,32415979,491151,-1,1,3,539700,43176,0,53970,528906,539700,bank_transfer,paid,1,EATOMO50K,0,3,0,0,preparing,4.2,0,1,0
ORD-20260312-039,2026-03-15T08:34:32.247Z,2026-03-15,0,15,3,69b66f179390b3e4eaa47119,regular,49,23556582,480747,-1,1,2,399800,31984,0,0,431784,399800,momo,paid,0,,0,2,0,0,confirmed,4.2,0,1,0
ORD-20260312-040,2026-03-15T08:34:32.247Z,2026-03-15,0,15,3,69b66f179390b3e4eaa4710a,vip,300,150762893,502543,-1,2,2,354800,28384,0,0,383184,177400,cash,unpaid,0,,1,1,0,0,delivering,4.2,0,0,1
ORD-20260312-041,2026-03-15T08:34:32.247Z,2026-03-15,0,15,3,69b66f189390b3e4eaa47131,regular,82,38006436,463493,-1,2,2,424800,33984,0,42480,416304,212400,card,paid,1,HEALTHY20,0,1,1,0,confirmed,4.2,0,1,0
ORD-20260312-042,2026-03-15T08:34:32.247Z,2026-03-15,0,15,3,69b66f189390b3e4eaa47134,regular,69,34548879,500708,-1,2,3,439700,35176,0,0,474876,219850,momo,unpaid,0,,0,0,0,3,confirmed,4.2,0,1,1
ORD-20260312-043,2026-03-15T08:34:32.247Z,2026-03-15,0,15,3,69b66f179390b3e4eaa47122,regular,84,40357330,480444,-1,1,2,379800,30384,0,37980,372204,379800,cash,paid,1,FREESHIP,0,2,0,0,confirmed,4.2,0,1,0
ORD-20260312-044,2026-03-15T08:34:32.247Z,2026-03-15,0,15,3,69b66f179390b3e4eaa4710d,regular,128,62788236,490533,-1,2,2,409800,32784,0,0,442584,204900,momo,unpaid,0,,1,0,1,0,confirmed,4.2,0,1,1
ORD-20260312-045,2026-03-15T08:34:32.247Z,2026-03-15,0,15,3,69b66f179390b3e4eaa4710d,regular,128,62788236,490533,-1,2,3,569700,45576,0,0,615276,284850,momo,unpaid,0,,2,0,1,0,pending,4.2,0,1,1
ORD-20260312-046,2026-03-15T08:34:32.247Z,2026-03-15,0,15,3,69b66f179390b3e4eaa47110,regular,80,39676181,495952,-1,2,3,529700,42376,0,52970,519106,264850,card,unpaid,1,FIRSTORDER30,0,2,0,1,pending,4.2,0,1,1
ORD-20260312-047,2026-03-15T08:34:32.247Z,2026-03-15,0,15,3,69b66f179390b3e4eaa4711f,regular,96,51556197,537044,-1,1,2,399800,31984,0,0,431784,399800,bank_transfer,unpaid,0,,0,2,0,0,pending,4.2,0,1,1
ORD-20260312-048,2026-03-15T08:34:32.247Z,2026-03-15,0,15,3,69b66f179390b3e4eaa4712b,regular,83,34910035,420603,-1,2,2,429800,34384,0,42980,421204,214900,momo,unpaid,1,FLASH25,1,0,1,0,pending,4.2,0,1,1
ORD-20260312-049,2026-03-12T08:34:32.247Z,2026-03-12,4,15,3,69b66f179390b3e4eaa47116,regular,82,38788483,473030,-4,1,1,239900,19192,25000,0,284092,239900,cash,unpaid,0,,0,0,1,0,cancelled,76.2,1,0,1
ORD-20260312-050,2026-03-10T08:34:32.247Z,2026-03-10,2,15,3,69b66f179390b3e4eaa4710a,vip,300,150762893,502543,-6,2,3,514700,41176,0,0,555876,257350,momo,refunded,0,,2,1,0,0,cancelled,124.2,1,0,0
ORD-MMRI8JYC,2026-03-15T08:40:40.467Z,2026-03-15,0,15,3,69b66f179390b3e4eaa4710a,vip,300,150762893,502543,-1,1,1,169900,13592,30000,0,213492,169900,cash,unpaid,0,,1,0,0,0,confirmed,4.1,0,1,1
SYN-20260306-000001,2026-03-06T03:30:33.000Z,2026-03-06,5,10,3,69b66f179390b3e4eaa4710a,vip,300,150762893,502543,-10,2,2,369800,29584,30000,0,429384,184900,momo,paid,0,,0,0,1,1,completed,225.27,0,0,0
SYN-20260203-000002,2026-02-03T01:13:06.000Z,2026-02-03,2,8,2,69b66f179390b3e4eaa47110,regular,80,39676181,495952,-41,2,2,389800,31184,30000,80000,370984,194900,cash,paid,1,FLASH25,1,0,1,0,delivering,971.56,0,1,0
SYN-20250729-000003,2025-07-29T04:47:13.000Z,2025-07-29,2,11,7,69b66f179390b3e4eaa4712b,regular,83,34910035,420603,-230,1,1,249900,19992,30000,0,299892,249900,cash,paid,0,,0,0,1,0,delivering,5503.99,0,1,0
SYN-20251216-000004,2025-12-16T09:24:36.000Z,2025-12-16,2,16,12,69b66f179390b3e4eaa4710d,regular,128,62788236,490533,-90,1,1,259900,20792,30000,0,310692,259900,momo,paid,0,,0,0,1,0,delivering,2139.37,0,1,0
SYN-20250728-000005,2025-07-28T03:48:25.000Z,2025-07-28,1,10,7,69b66f179390b3e4eaa47110,regular,80,39676181,495952,-231,1,2,319800,25584,30000,0,375384,319800,card,paid,0,,2,0,0,0,completed,5528.97,0,0,0
SYN-20250326-000006,2025-03-26T07:53:02.000Z,2025-03-26,3,14,3,69b66f179390b3e4eaa47110,regular,80,39676181,495952,-355,2,2,314800,25184,30000,62960,307024,157400,bank_transfer,unpaid,1,HEALTHY20,0,1,0,1,preparing,8500.89,0,1,1
SYN-20260309-000007,2026-03-09T12:08:42.000Z,2026-03-09,1,19,3,69b66f179390b3e4eaa4711f,regular,96,51556197,537044,-7,2,3,679700,54376,0,0,734076,339850,card,unpaid,0,,0,2,1,0,preparing,144.63,0,1,1
SYN-20250622-000008,2025-06-22T02:36:45.000Z,2025-06-22,0,9,6,69b66f179390b3e4eaa4712b,regular,83,34910035,420603,-267,1,2,339800,27184,30000,33980,363004,339800,momo,paid,1,PROTEIN10,2,0,0,0,delivering,6394.17,0,1,0
SYN-20260201-000009,2026-02-01T09:53:11.000Z,2026-02-01,0,16,2,69b66f189390b3e4eaa47134,regular,69,34548879,500708,-43,1,1,189900,15192,30000,0,235092,189900,momo,paid,0,,0,1,0,0,delivering,1010.89,0,1,0
SYN-20251019-000010,2025-10-19T03:21:49.000Z,2025-10-19,0,10,10,69b66f179390b3e4eaa47122,regular,84,40357330,480444,-148,1,1,189900,15192,30000,47475,187617,189900,momo,paid,1,VEGGIE25,0,1,0,0,completed,3537.41,0,0,0
SYN-20251020-000011,2025-10-20T03:04:01.000Z,2025-10-20,1,10,10,69b66f189390b3e4eaa47131,regular,82,38006436,463493,-147,2,3,539700,43176,0,0,582876,269850,momo,unpaid,0,,0,0,1,2,pending,3513.71,0,1,1
SYN-20260101-000012,2026-01-01T07:58:21.000Z,2026-01-01,4,14,1,69b66f179390b3e4eaa4710d,regular,128,62788236,490533,-74,2,2,509800,40784,0,50000,500584,254900,momo,unpaid,1,EATOMO50K,0,0,2,0,preparing,1756.81,0,1,1
SYN-20260225-000013,2026-02-25T10:48:32.000Z,2026-02-25,3,17,2,69b66f179390b3e4eaa4710a,vip,300,150762893,502543,-19,2,4,729600,58368,0,100000,687968,364800,card,paid,1,HEALTHY20,2,2,0,0,completed,433.97,0,0,0
SYN-20250725-000014,2025-07-25T08:30:56.000Z,2025-07-25,5,15,7,69b66f179390b3e4eaa47128,regular,66,34270303,519247,-234,1,1,149900,11992,30000,0,191892,149900,momo,paid,0,,0,0,0,1,completed,5596.26,0,0,0
SYN-20250725-000015,2025-07-25T07:19:50.000Z,2025-07-25,5,14,7,69b66f179390b3e4eaa47113,regular,89,41138137,462226,-234,1,1,174900,13992,30000,0,218892,174900,momo,unpaid,0,,0,1,0,0,preparing,5597.45,0,1,1
SYN-20260201-000016,2026-02-01T09:29:17.000Z,2026-02-01,0,16,2,69b66f179390b3e4eaa4710a,vip,300,150762893,502543,-43,2,2,439800,35184,30000,75000,429984,219900,card,paid,1,VEGGIE25,0,1,1,0,completed,1011.29,0,0,0
SYN-20260216-000017,2026-02-16T11:59:22.000Z,2026-02-16,1,18,2,69b66f189390b3e4eaa47131,regular,82,38006436,463493,-28,2,3,549700,43976,0,50000,543676,274850,card,paid,1,EATOMO50K,0,3,0,0,completed,648.79,0,0,0
SYN-20260204-000018,2026-02-04T03:58:37.000Z,2026-02-04,3,10,2,69b66f179390b3e4eaa47116,regular,82,38788483,473030,-40,2,3,619700,49576,0,50000,619276,309850,cash,unpaid,1,EATOMO50K,0,2,1,0,delivering,944.8,0,1,1
SYN-20250819-000019,2025-08-19T11:36:49.000Z,2025-08-19,2,18,8,69b66f179390b3e4eaa4710a,vip,300,150762893,502543,-209,2,4,839600,67168,0,75000,831768,419800,cash,unpaid,1,VEGGIE25,0,2,2,0,completed,4993.16,0,0,1
SYN-20251117-000020,2025-11-17T12:22:37.000Z,2025-11-17,1,19,11,69b66f179390b3e4eaa47110,regular,80,39676181,495952,-119,2,3,729700,58376,0,0,788076,364850,momo,paid,0,,0,0,3,0,delivering,2832.4,0,1,0
SYN-20260315-000021,2026-03-15T13:57:03.000Z,2026-03-15,0,20,3,69b66f189390b3e4eaa47134,regular,69,34548879,500708,-1,1,2,279800,22384,30000,0,332184,279800,cash,unpaid,0,,0,0,0,2,confirmed,0,0,0,1
SYN-20260201-000022,2026-02-01T10:23:46.000Z,2026-02-01,0,17,2,69b66f189390b3e4eaa4712e,regular,66,32415979,491151,-43,1,2,329800,26384,30000,0,386184,329800,momo,unpaid,0,,2,0,0,0,completed,1010.38,0,0,1
SYN-20250709-000023,2025-07-09T06:34:04.000Z,2025-07-09,3,13,7,69b66f179390b3e4eaa47128,regular,66,34270303,519247,-250,2,3,769700,61576,0,75000,756276,384850,momo,unpaid,1,VEGGIE25,0,0,3,0,confirmed,5982.21,0,1,1
SYN-20251220-000024,2025-12-20T09:39:50.000Z,2025-12-20,6,16,12,69b66f179390b3e4eaa4710d,regular,128,62788236,490533,-85,2,2,354800,28384,30000,50000,363184,177400,momo,unpaid,1,EATOMO50K,0,2,0,0,completed,2043.11,0,0,1
SYN-20260106-000025,2026-01-06T08:44:19.000Z,2026-01-06,2,15,1,69b66f189390b3e4eaa4712e,regular,66,32415979,491151,-69,2,3,759700,60776,0,75000,745476,379850,cash,paid,1,VEGGIE25,0,0,3,0,completed,1636.04,0,0,0
SYN-20250815-000026,2025-08-15T09:23:43.000Z,2025-08-15,5,16,8,69b66f179390b3e4eaa4711f,regular,96,51556197,537044,-213,2,3,539700,43176,0,0,582876,269850,momo,unpaid,0,,2,0,1,0,preparing,5091.38,0,1,1
SYN-20250504-000027,2025-05-04T04:57:12.000Z,2025-05-04,0,11,5,69b66f179390b3e4eaa4712b,regular,83,34910035,420603,-316,2,2,429800,34384,30000,0,494184,214900,card,paid,0,,1,0,1,0,completed,7567.82,0,0,0
SYN-20250721-000028,2025-07-21T07:16:41.000Z,2025-07-21,1,14,7,69b66f179390b3e4eaa47125,regular,78,39418164,505361,-238,2,4,879600,70368,0,50000,899968,439800,card,paid,1,EATOMO50K,0,2,2,0,completed,5693.5,0,0,0
SYN-20250517-000029,2025-05-17T01:36:50.000Z,2025-05-17,6,8,5,69b66f179390b3e4eaa4710d,regular,128,62788236,490533,-303,2,4,649600,51968,0,0,701568,324800,momo,paid,0,,4,0,0,0,completed,7259.16,0,0,0
SYN-20250329-000030,2025-03-29T07:16:28.000Z,2025-03-29,6,14,3,69b66f179390b3e4eaa4711f,regular,96,51556197,537044,-352,2,3,529700,42376,0,0,572076,264850,card,unpaid,0,,2,0,1,0,preparing,8429.5,0,1,1
SYN-20251205-000031,2025-12-05T02:55:16.000Z,2025-12-05,5,9,12,69b66f179390b3e4eaa4710d,regular,128,62788236,490533,-101,2,4,759600,60768,0,50000,770368,379800,momo,unpaid,1,EATOMO50K,2,2,0,0,pending,2409.86,0,1,1
SYN-20260102-000032,2026-01-02T14:31:00.000Z,2026-01-02,5,21,1,69b66f179390b3e4eaa47113,regular,89,41138137,462226,-72,2,3,559700,44776,0,0,604476,279850,momo,paid,0,,0,2,0,1,completed,1726.26,0,0,0
SYN-20250519-000033,2025-05-19T04:32:56.000Z,2025-05-19,1,11,5,69b66f189390b3e4eaa4712e,regular,66,32415979,491151,-301,2,3,439700,35176,30000,0,504876,219850,momo,paid,0,,1,0,0,2,completed,7208.23,0,0,0
SYN-20250412-000034,2025-04-12T09:15:51.000Z,2025-04-12,6,16,4,69b66f179390b3e4eaa47125,regular,78,39418164,505361,-338,1,2,399800,31984,30000,0,461784,399800,bank_transfer,paid,0,,0,2,0,0,completed,8091.51,0,0,0
SYN-20250817-000035,2025-08-17T06:48:26.000Z,2025-08-17,0,13,8,69b66f179390b3e4eaa4710a,vip,300,150762893,502543,-211,1,1,189900,15192,30000,0,235092,189900,momo,paid,0,,0,1,0,0,completed,5045.97,0,0,0
SYN-20250506-000036,2025-05-06T01:21:05.000Z,2025-05-06,2,8,5,69b66f179390b3e4eaa47113,regular,89,41138137,462226,-314,2,3,584700,46776,0,100000,531476,292350,bank_transfer,paid,1,HEALTHY20,0,3,0,0,delivering,7523.43,0,1,0
SYN-20260303-000037,2026-03-03T11:34:05.000Z,2026-03-03,2,18,3,69b66f179390b3e4eaa4710d,regular,128,62788236,490533,-12,2,4,939600,75168,0,50000,964768,469800,bank_transfer,unpaid,1,EATOMO50K,0,0,4,0,confirmed,289.21,0,1,1
SYN-20251014-000038,2025-10-14T08:54:41.000Z,2025-10-14,2,15,10,69b66f179390b3e4eaa47125,regular,78,39418164,505361,-153,2,3,464700,37176,30000,0,531876,232350,momo,paid,0,,0,1,0,2,completed,3651.87,0,0,0
SYN-20251210-000039,2025-12-10T01:41:44.000Z,2025-12-10,3,8,12,69b66f179390b3e4eaa47119,regular,49,23556582,480747,-96,2,3,529700,42376,0,0,572076,264850,bank_transfer,paid,0,,0,2,0,1,completed,2291.08,0,0,0
SYN-20260313-000040,2026-03-13T01:05:04.000Z,2026-03-13,5,8,3,69b66f179390b3e4eaa4710a,vip,300,150762893,502543,-3,2,4,769600,61568,0,60000,771168,384800,momo,unpaid,1,PROTEIN10,0,4,0,0,pending,59.69,0,1,1
SYN-20251216-000041,2025-12-16T07:03:52.000Z,2025-12-16,2,14,12,69b66f179390b3e4eaa4710a,vip,300,150762893,502543,-90,2,3,589700,47176,0,80000,556876,294850,bank_transfer,paid,1,SUMMER15,0,2,0,1,completed,2141.71,0,0,0
SYN-20250521-000042,2025-05-21T02:53:59.000Z,2025-05-21,3,9,5,69b66f179390b3e4eaa47119,regular,49,23556582,480747,-299,1,1,269900,21592,30000,25000,296492,269900,cash,unpaid,1,FREESHIP,0,0,1,0,confirmed,7161.88,0,1,1
SYN-20260102-000043,2026-01-02T10:47:03.000Z,2026-01-02,5,17,1,69b66f189390b3e4eaa47131,regular,82,38006436,463493,-73,2,3,559700,44776,0,0,604476,279850,cash,unpaid,0,,0,2,0,1,pending,1729.99,0,1,1
SYN-20260205-000044,2026-02-05T09:25:50.000Z,2026-02-05,4,16,2,69b66f179390b3e4eaa4711f,regular,96,51556197,537044,-39,2,4,799600,63968,0,50000,813568,399800,momo,paid,1,WELCOME10,0,4,0,0,completed,915.35,0,0,0
SYN-20250317-000045,2025-03-17T03:47:04.000Z,2025-03-17,1,10,3,69b66f179390b3e4eaa4710a,vip,300,150762893,502543,-364,2,3,609700,48776,0,60000,598476,304850,card,paid,1,PROTEIN10,0,3,0,0,delivering,8720.99,0,1,0
SYN-20260313-000046,2026-03-13T10:39:21.000Z,2026-03-13,5,17,3,69b66f179390b3e4eaa47116,regular,82,38788483,473030,-2,2,5,1139500,91160,0,25000,1205660,569750,bank_transfer,unpaid,1,FREESHIP,0,2,3,0,preparing,50.12,0,1,1
SYN-20250502-000047,2025-05-02T06:01:41.000Z,2025-05-02,5,13,5,69b66f179390b3e4eaa47119,regular,49,23556582,480747,-318,2,3,559700,44776,0,0,604476,279850,cash,unpaid,0,,0,3,0,0,confirmed,7614.75,0,1,1
SYN-20260315-000048,2026-03-15T14:18:38.000Z,2026-03-15,0,21,3,69b66f179390b3e4eaa47119,regular,49,23556582,480747,0,1,1,259900,20792,30000,0,310692,259900,cash,unpaid,0,,0,0,1,0,confirmed,0,0,0,1
SYN-20251018-000049,2025-10-18T05:11:24.000Z,2025-10-18,6,12,10,69b66f179390b3e4eaa4710a,vip,300,150762893,502543,-149,2,4,799600,63968,0,120000,743568,399800,card,unpaid,1,FIRSTORDER30,0,4,0,0,preparing,3559.59,0,1,1
SYN-20250719-000050,2025-07-19T06:42:06.000Z,2025-07-19,6,13,7,69b66f179390b3e4eaa4710a,vip,300,150762893,502543,-240,2,2,349800,27984,30000,25000,382784,174900,bank_transfer,unpaid,1,FREESHIP,1,1,0,0,pending,5742.08,0,1,1
SYN-20250606-000051,2025-06-06T07:46:24.000Z,2025-06-06,5,14,6,69b66f179390b3e4eaa4711f,regular,96,51556197,537044,-283,2,2,409800,32784,30000,40980,431604,204900,cash,paid,1,PROTEIN10,0,2,0,0,completed,6773,0,0,0
SYN-20251121-000052,2025-11-21T12:10:40.000Z,2025-11-21,5,19,11,69b66f179390b3e4eaa4710a,vip,300,150762893,502543,-115,1,2,299800,23984,30000,0,353784,299800,momo,paid,0,,0,0,0,2,completed,2736.6,0,0,0
SYN-20260205-000053,2026-02-05T03:58:24.000Z,2026-02-05,4,10,2,69b66f179390b3e4eaa4710d,regular,128,62788236,490533,-39,1,2,279800,22384,30000,0,332184,279800,momo,unpaid,0,,0,0,0,2,completed,920.8,0,0,1
SYN-20251116-000054,2025-11-16T13:45:31.000Z,2025-11-16,0,20,11,69b66f179390b3e4eaa4712b,regular,83,34910035,420603,-119,2,4,599600,47968,0,0,647568,299800,card,unpaid,0,,0,0,0,4,confirmed,2855.02,0,1,1
SYN-20260315-000055,2026-03-15T09:30:50.000Z,2026-03-15,0,16,3,69b66f179390b3e4eaa47125,regular,78,39418164,505361,-1,2,3,739700,59176,0,80000,718876,369850,momo,paid,1,SUMMER15,0,0,3,0,completed,3.26,0,0,0
SYN-20260129-000056,2026-01-29T01:47:52.000Z,2026-01-29,4,8,1,69b66f179390b3e4eaa4711c,regular,50,24230795,484616,-46,2,2,354800,28384,30000,0,413184,177400,cash,paid,0,,1,1,0,0,delivering,1090.98,0,1,0
SYN-20251231-000057,2025-12-31T14:10:40.000Z,2025-12-31,3,21,12,69b66f179390b3e4eaa4710a,vip,300,150762893,502543,-75,2,2,289800,23184,30000,0,342984,144900,card,unpaid,0,,1,0,0,1,confirmed,1774.6,0,1,1
SYN-20260201-000058,2026-02-01T12:20:17.000Z,2026-02-01,0,19,2,69b66f189390b3e4eaa47134,regular,69,34548879,500708,-43,2,4,719600,57568,0,50000,727168,359800,momo,unpaid,1,EATOMO50K,0,4,0,0,completed,1008.44,0,0,1
SYN-20260221-000059,2026-02-21T07:59:11.000Z,2026-02-21,6,14,2,69b66f179390b3e4eaa4711c,regular,50,24230795,484616,-23,2,3,534700,42776,0,100000,477476,267350,momo,unpaid,1,HEALTHY20,0,3,0,0,confirmed,532.79,0,1,1
SYN-20250814-000060,2025-08-14T08:11:30.000Z,2025-08-14,4,15,8,69b66f179390b3e4eaa4710a,vip,300,150762893,502543,-214,2,3,599700,47976,0,100000,547676,299850,momo,paid,1,HEALTHY20,1,0,2,0,delivering,5116.59,0,1,0
SYN-20250626-000061,2025-06-26T11:00:29.000Z,2025-06-26,4,18,6,69b66f179390b3e4eaa4711f,regular,96,51556197,537044,-263,2,2,419800,33584,30000,0,483384,209900,momo,unpaid,0,,1,0,1,0,confirmed,6289.77,0,1,1
SYN-20260216-000062,2026-02-16T07:49:52.000Z,2026-02-16,1,14,2,69b66f189390b3e4eaa4712e,regular,66,32415979,491151,-28,1,1,219900,17592,30000,0,267492,219900,momo,paid,0,,0,1,0,0,completed,652.95,0,0,0
SYN-20250927-000063,2025-09-27T08:40:47.000Z,2025-09-27,6,15,9,69b66f179390b3e4eaa47116,regular,82,38788483,473030,-170,2,4,759600,60768,0,50000,770368,379800,momo,unpaid,1,EATOMO50K,2,0,2,0,preparing,4060.1,0,1,1
SYN-20251002-000064,2025-10-02T14:49:54.000Z,2025-10-02,4,21,10,69b66f179390b3e4eaa47128,regular,66,34270303,519247,-164,1,3,689700,55176,0,0,744876,689700,cash,paid,0,,0,0,3,0,completed,3933.95,0,0,0
SYN-20260102-000065,2026-01-02T03:05:23.000Z,2026-01-02,5,10,1,69b66f179390b3e4eaa4710a,vip,300,150762893,502543,-73,1,1,219900,17592,30000,43980,223512,219900,card,paid,1,HEALTHY20,0,0,1,0,completed,1737.69,0,0,0
SYN-20260227-000066,2026-02-27T14:08:12.000Z,2026-02-27,5,21,2,69b66f189390b3e4eaa4712e,regular,66,32415979,491151,-16,1,1,199900,15992,30000,0,245892,199900,cash,unpaid,0,,0,1,0,0,confirmed,382.64,0,1,1
SYN-20251204-000067,2025-12-04T05:44:47.000Z,2025-12-04,4,12,12,69b66f179390b3e4eaa47128,regular,66,34270303,519247,-102,1,1,149900,11992,30000,0,191892,149900,cash,paid,0,,1,0,0,0,completed,2431.03,0,0,0
SYN-20260228-000068,2026-02-28T14:26:44.000Z,2026-02-28,6,21,2,69b66f179390b3e4eaa4711c,regular,50,24230795,484616,-15,1,1,149900,11992,30000,0,191892,149900,momo,paid,0,,0,0,0,1,delivering,358.33,0,1,0
SYN-20250916-000069,2025-09-16T05:55:54.000Z,2025-09-16,2,12,9,69b66f179390b3e4eaa47110,regular,80,39676181,495952,-181,2,3,589700,47176,0,0,636876,294850,cash,unpaid,0,,0,0,2,1,preparing,4326.85,0,1,1
SYN-20250506-000070,2025-05-06T05:32:28.000Z,2025-05-06,2,12,5,69b66f179390b3e4eaa47125,regular,78,39418164,505361,-314,1,1,269900,21592,30000,67475,254017,269900,cash,unpaid,1,FLASH25,0,0,1,0,pending,7519.24,0,1,1
SYN-20260210-000071,2026-02-10T06:03:36.000Z,2026-02-10,2,13,2,69b66f179390b3e4eaa47128,regular,66,34270303,519247,-34,1,2,319800,25584,30000,25000,350384,319800,momo,paid,1,FREESHIP,2,0,0,0,completed,798.72,0,0,0
SYN-20260228-000072,2026-02-28T04:28:25.000Z,2026-02-28,6,11,2,69b66f179390b3e4eaa47119,regular,49,23556582,480747,-16,2,3,504700,40376,0,50000,495076,252350,momo,paid,1,EATOMO50K,3,0,0,0,completed,368.3,0,0,0
SYN-20260206-000073,2026-02-06T06:07:10.000Z,2026-02-06,5,13,2,69b66f179390b3e4eaa4711f,regular,96,51556197,537044,-38,1,1,149900,11992,30000,0,191892,149900,momo,paid,0,,0,0,0,1,delivering,894.66,0,1,0
SYN-20250917-000074,2025-09-17T01:03:07.000Z,2025-09-17,3,8,9,69b66f179390b3e4eaa47110,regular,80,39676181,495952,-180,2,3,419700,33576,30000,120000,363276,209850,cash,paid,1,FIRSTORDER30,0,0,0,3,completed,4307.73,0,0,0
SYN-20250930-000075,2025-09-30T04:35:55.000Z,2025-09-30,2,11,9,69b66f189390b3e4eaa47134,regular,69,34548879,500708,-167,2,3,549700,43976,0,0,593676,274850,card,unpaid,0,,0,3,0,0,pending,3992.18,0,1,1
SYN-20251111-000076,2025-11-11T04:25:56.000Z,2025-11-11,2,11,11,69b66f179390b3e4eaa4710d,regular,128,62788236,490533,-125,1,1,149900,11992,30000,0,191892,149900,momo,unpaid,0,,0,0,0,1,cancelled,2984.35,1,0,1
SYN-20260127-000077,2026-01-27T06:10:38.000Z,2026-01-27,2,13,1,69b66f179390b3e4eaa47119,regular,49,23556582,480747,-48,2,4,919600,73568,0,0,993168,459800,cash,unpaid,0,,0,2,2,0,preparing,1134.6,0,1,1
SYN-20260302-000078,2026-03-02T13:55:05.000Z,2026-03-02,1,20,3,69b66f189390b3e4eaa47134,regular,69,34548879,500708,-14,1,1,229900,18392,30000,0,278292,229900,cash,paid,0,,0,0,1,0,delivering,310.86,0,1,0
SYN-20251114-000079,2025-11-14T09:38:11.000Z,2025-11-14,5,16,11,69b66f189390b3e4eaa4712e,regular,66,32415979,491151,-122,2,4,859600,68768,0,0,928368,429800,bank_transfer,unpaid,0,,1,0,3,0,pending,2907.14,0,1,1
SYN-20250504-000080,2025-05-04T02:18:19.000Z,2025-05-04,0,9,5,69b66f179390b3e4eaa4710a,vip,300,150762893,502543,-316,1,1,174900,13992,30000,0,218892,174900,momo,paid,0,,0,1,0,0,completed,7570.47,0,0,0
SYN-20250621-000081,2025-06-21T03:38:38.000Z,2025-06-21,6,10,6,69b66f179390b3e4eaa4711c,regular,50,24230795,484616,-268,1,1,209900,16792,30000,0,256692,209900,card,unpaid,0,,0,1,0,0,cancelled,6417.13,1,0,1
SYN-20260210-000082,2026-02-10T07:03:08.000Z,2026-02-10,2,14,2,69b66f179390b3e4eaa47116,regular,82,38788483,473030,-34,2,4,939600,75168,0,0,1014768,469800,momo,unpaid,0,,0,2,2,0,pending,797.73,0,1,1
SYN-20250704-000083,2025-07-04T06:44:31.000Z,2025-07-04,5,13,7,69b66f179390b3e4eaa4710a,vip,300,150762893,502543,-255,2,2,379800,30384,30000,0,440184,189900,cash,paid,0,,1,0,1,0,completed,6102.04,0,0,0
SYN-20250607-000084,2025-06-07T02:44:05.000Z,2025-06-07,6,9,6,69b66f179390b3e4eaa4710a,vip,300,150762893,502543,-282,2,4,1059600,84768,0,120000,1024368,529800,card,paid,1,FIRSTORDER30,0,0,4,0,delivering,6754.04,0,1,0
SYN-20250825-000085,2025-08-25T14:18:40.000Z,2025-08-25,1,21,8,69b66f179390b3e4eaa4711f,regular,96,51556197,537044,-202,2,4,899600,71968,0,0,971568,449800,momo,paid,0,,0,2,2,0,delivering,4846.47,0,1,0
SYN-20250320-000086,2025-03-20T08:30:02.000Z,2025-03-20,4,15,3,69b66f179390b3e4eaa4710d,regular,128,62788236,490533,-361,2,5,854500,68360,0,0,922860,427250,momo,unpaid,0,,5,0,0,0,preparing,8644.28,0,1,1
SYN-20251124-000087,2025-11-24T02:27:07.000Z,2025-11-24,1,9,11,69b66f179390b3e4eaa4711f,regular,96,51556197,537044,-112,2,2,299800,23984,30000,0,353784,149900,cash,paid,0,,2,0,0,0,completed,2674.33,0,0,0
SYN-20251110-000088,2025-11-10T05:03:53.000Z,2025-11-10,1,12,11,69b66f179390b3e4eaa4711c,regular,50,24230795,484616,-126,2,2,419800,33584,30000,41980,441404,209900,momo,paid,1,WELCOME10,0,0,1,1,delivering,3007.71,0,1,0
SYN-20250921-000089,2025-09-21T10:24:18.000Z,2025-09-21,0,17,9,69b66f179390b3e4eaa4711f,regular,96,51556197,537044,-176,2,3,519700,41576,0,75000,486276,259850,momo,paid,1,VEGGIE25,2,1,0,0,delivering,4202.37,0,1,0
SYN-20250329-000090,2025-03-29T08:26:09.000Z,2025-03-29,6,15,3,69b66f179390b3e4eaa47116,regular,82,38788483,473030,-352,2,2,439800,35184,30000,87960,417024,219900,bank_transfer,paid,1,HEALTHY20,0,1,1,0,delivering,8428.34,0,1,0
SYN-20250924-000091,2025-09-24T02:54:41.000Z,2025-09-24,3,9,9,69b66f179390b3e4eaa4710a,vip,300,150762893,502543,-173,2,2,409800,32784,30000,80000,392584,204900,momo,paid,1,FLASH25,0,2,0,0,delivering,4137.87,0,1,0
SYN-20250921-000092,2025-09-21T08:43:21.000Z,2025-09-21,0,15,9,69b66f179390b3e4eaa47116,regular,82,38788483,473030,-176,1,1,149900,11992,30000,0,191892,149900,momo,paid,0,,0,0,0,1,delivering,4204.06,0,1,0
SYN-20251015-000093,2025-10-15T11:08:05.000Z,2025-10-15,3,18,10,69b66f179390b3e4eaa47119,regular,49,23556582,480747,-152,1,1,174900,13992,30000,25000,193892,174900,momo,paid,1,FREESHIP,0,1,0,0,completed,3625.64,0,0,0
SYN-20260122-000094,2026-01-22T01:08:52.000Z,2026-01-22,4,8,1,69b66f179390b3e4eaa4710d,regular,128,62788236,490533,-53,2,2,419800,33584,30000,25000,458384,209900,momo,paid,1,FREESHIP,0,1,1,0,completed,1259.63,0,0,0
SYN-20250703-000095,2025-07-03T03:37:21.000Z,2025-07-03,4,10,7,69b66f189390b3e4eaa47134,regular,69,34548879,500708,-256,1,1,164900,13192,30000,0,208092,164900,momo,paid,0,,1,0,0,0,completed,6129.16,0,0,0
SYN-20251125-000096,2025-11-25T14:37:03.000Z,2025-11-25,2,21,11,69b66f189390b3e4eaa4712e,regular,66,32415979,491151,-110,2,3,549700,43976,0,54970,538706,274850,cash,paid,1,PROTEIN10,0,3,0,0,completed,2638.16,0,0,0
SYN-20251113-000097,2025-11-13T05:34:45.000Z,2025-11-13,4,12,11,69b66f179390b3e4eaa47125,regular,78,39418164,505361,-123,2,3,549700,43976,0,120000,473676,274850,bank_transfer,unpaid,1,FIRSTORDER30,2,1,0,0,completed,2935.2,0,0,1
SYN-20251114-000098,2025-11-14T05:47:15.000Z,2025-11-14,5,12,11,69b66f189390b3e4eaa47134,regular,69,34548879,500708,-122,1,1,159900,12792,30000,0,202692,159900,momo,paid,0,,1,0,0,0,delivering,2910.99,0,1,0
SYN-20260307-000099,2026-03-07T11:34:07.000Z,2026-03-07,6,18,3,69b66f179390b3e4eaa47125,regular,78,39418164,505361,-9,2,4,659600,52768,0,100000,612368,329800,bank_transfer,unpaid,1,HEALTHY20,2,2,0,0,completed,193.21,0,0,1
SYN-20250512-000100,2025-05-12T02:57:41.000Z,2025-05-12,1,9,5,69b66f179390b3e4eaa4712b,regular,83,34910035,420603,-308,2,3,569700,45576,0,0,615276,284850,momo,unpaid,0,,0,0,2,1,confirmed,7377.82,0,1,1
SYN-20260315-000101,2026-03-15T04:47:25.000Z,2026-03-15,0,11,3,69b66f179390b3e4eaa4710a,vip,300,150762893,502543,-1,2,4,669600,53568,0,100000,623168,334800,card,unpaid,1,HEALTHY20,4,0,0,0,confirmed,7.99,0,1,1
SYN-20260104-000102,2026-01-04T05:16:27.000Z,2026-01-04,0,12,1,69b66f179390b3e4eaa47128,regular,66,34270303,519247,-71,1,1,199900,15992,30000,0,245892,199900,momo,paid,0,,0,1,0,0,completed,1687.5,0,0,0
SYN-20260108-000103,2026-01-08T14:44:35.000Z,2026-01-08,4,21,1,69b66f179390b3e4eaa4711f,regular,96,51556197,537044,-66,1,1,249900,19992,30000,0,299892,249900,cash,paid,0,,0,0,1,0,delivering,1582.03,0,1,0
SYN-20260201-000104,2026-02-01T07:33:24.000Z,2026-02-01,0,14,2,69b66f179390b3e4eaa4710a,vip,300,150762893,502543,-43,2,3,669700,53576,0,0,723276,334850,momo,unpaid,0,,0,2,1,0,completed,1013.22,0,0,1
SYN-20260224-000105,2026-02-24T05:06:16.000Z,2026-02-24,2,12,2,69b66f179390b3e4eaa47125,regular,78,39418164,505361,-20,2,2,369800,29584,30000,25000,404384,184900,momo,unpaid,1,FREESHIP,1,1,0,0,completed,463.67,0,0,1
SYN-20250928-000106,2025-09-28T13:05:51.000Z,2025-09-28,0,20,9,69b66f179390b3e4eaa47122,regular,84,40357330,480444,-168,2,4,779600,62368,0,60000,781968,389800,cash,paid,1,PROTEIN10,0,0,2,2,completed,4031.68,0,0,0
SYN-20260305-000107,2026-03-05T08:23:22.000Z,2026-03-05,4,15,3,69b66f179390b3e4eaa4710a,vip,300,150762893,502543,-11,1,2,399800,31984,30000,0,461784,399800,cash,paid,0,,0,2,0,0,delivering,244.39,0,1,0
SYN-20251102-000108,2025-11-02T03:42:09.000Z,2025-11-02,0,10,11,69b66f179390b3e4eaa47125,regular,78,39418164,505361,-134,2,3,649700,51976,0,120000,581676,324850,momo,paid,1,FIRSTORDER30,0,1,2,0,completed,3201.08,0,0,0
SYN-20260221-000109,2026-02-21T08:29:30.000Z,2026-02-21,6,15,2,69b66f179390b3e4eaa47116,regular,82,38788483,473030,-23,2,5,1109500,88760,0,0,1198260,554750,bank_transfer,paid,0,,0,2,3,0,completed,532.29,0,0,0
SYN-20260301-000110,2026-03-01T13:24:13.000Z,2026-03-01,0,20,3,69b66f179390b3e4eaa4710a,vip,300,150762893,502543,-15,1,1,199900,15992,30000,0,245892,199900,momo,unpaid,0,,0,1,0,0,confirmed,335.37,0,1,1
SYN-20260313-000111,2026-03-13T09:11:52.000Z,2026-03-13,5,16,3,69b66f179390b3e4eaa4710a,vip,300,150762893,502543,-3,2,3,639700,51176,0,50000,640876,319850,card,paid,1,EATOMO50K,0,0,2,1,delivering,51.58,0,1,0
SYN-20250907-000112,2025-09-07T12:25:37.000Z,2025-09-07,0,19,9,69b66f179390b3e4eaa4710a,vip,300,150762893,502543,-190,2,3,489700,39176,30000,120000,438876,244850,card,paid,1,FIRSTORDER30,0,1,0,2,completed,4536.35,0,0,0
SYN-20260214-000113,2026-02-14T10:45:51.000Z,2026-02-14,6,17,2,69b66f179390b3e4eaa4710a,vip,300,150762893,502543,-30,2,3,479700,38376,30000,0,548076,239850,momo,paid,0,,2,0,0,1,completed,698.01,0,0,0
SYN-20260212-000114,2026-02-12T01:37:09.000Z,2026-02-12,4,8,2,69b66f179390b3e4eaa47128,regular,66,34270303,519247,-32,2,2,429800,34384,30000,42980,451204,214900,card,unpaid,1,PROTEIN10,0,1,1,0,delivering,755.16,0,1,1
SYN-20260111-000115,2026-01-11T02:16:18.000Z,2026-01-11,0,9,1,69b66f179390b3e4eaa4712b,regular,83,34910035,420603,-64,1,1,239900,19192,30000,0,289092,239900,cash,paid,0,,0,0,1,0,delivering,1522.51,0,1,0
SYN-20260210-000116,2026-02-10T13:48:41.000Z,2026-02-10,2,20,2,69b66f179390b3e4eaa47116,regular,82,38788483,473030,-33,2,5,919500,73560,0,0,993060,459750,bank_transfer,paid,0,,2,3,0,0,completed,790.97,0,0,0
SYN-20260308-000117,2026-03-08T11:32:54.000Z,2026-03-08,0,18,3,69b66f179390b3e4eaa4710a,vip,300,150762893,502543,-8,1,1,139900,11192,30000,0,181092,139900,cash,paid,0,,1,0,0,0,completed,169.23,0,0,0
SYN-20260121-000118,2026-01-21T10:03:39.000Z,2026-01-21,3,17,1,69b66f179390b3e4eaa4711c,regular,50,24230795,484616,-54,2,2,449800,35984,30000,0,515784,224900,cash,paid,0,,0,1,1,0,completed,1274.72,0,0,0
SYN-20260119-000119,2026-01-19T04:34:48.000Z,2026-01-19,1,11,1,69b66f179390b3e4eaa4711f,regular,96,51556197,537044,-56,1,2,439800,35184,30000,87960,417024,439800,momo,unpaid,1,HEALTHY20,0,0,2,0,pending,1328.2,0,1,1
SYN-20251231-000120,2025-12-31T06:57:19.000Z,2025-12-31,3,13,12,69b66f179390b3e4eaa4710a,vip,300,150762893,502543,-75,2,4,839600,67168,0,0,906768,419800,card,unpaid,0,,0,3,1,0,completed,1781.82,0,0,1
SYN-20250717-000121,2025-07-17T04:53:21.000Z,2025-07-17,4,11,7,69b66f179390b3e4eaa47128,regular,66,34270303,519247,-242,2,2,329800,26384,30000,0,386184,164900,cash,paid,0,,0,1,0,1,delivering,5791.89,0,1,0
SYN-20260104-000122,2026-01-04T08:49:57.000Z,2026-01-04,0,15,1,69b66f179390b3e4eaa4710a,vip,300,150762893,502543,-71,1,1,129900,10392,30000,0,170292,129900,momo,paid,0,,0,0,0,1,delivering,1683.95,0,1,0
SYN-20251108-000123,2025-11-08T04:24:24.000Z,2025-11-08,6,11,11,69b66f179390b3e4eaa47113,regular,89,41138137,462226,-128,1,1,179900,14392,30000,0,224292,179900,momo,unpaid,0,,1,0,0,0,cancelled,3056.37,1,0,1
SYN-20250524-000124,2025-05-24T01:45:15.000Z,2025-05-24,6,8,5,69b66f179390b3e4eaa4711f,regular,96,51556197,537044,-296,1,1,149900,11992,30000,44970,146922,149900,card,paid,1,FIRSTORDER30,0,0,0,1,completed,7091.02,0,0,0
SYN-20251126-000125,2025-11-26T01:27:58.000Z,2025-11-26,3,8,11,69b66f179390b3e4eaa47119,regular,49,23556582,480747,-110,2,2,289800,23184,30000,0,342984,144900,momo,unpaid,0,,1,0,0,1,cancelled,2627.31,1,0,1
SYN-20260315-000126,2026-03-15T05:05:53.000Z,2026-03-15,0,12,3,69b66f179390b3e4eaa4710a,vip,300,150762893,502543,-1,2,5,879500,70360,0,25000,924860,439750,card,unpaid,1,FREESHIP,0,3,0,2,preparing,7.68,0,1,1
SYN-20250401-000127,2025-04-01T12:21:38.000Z,2025-04-01,2,19,4,69b66f189390b3e4eaa47131,regular,82,38006436,463493,-349,1,1,159900,12792,30000,0,202692,159900,cash,unpaid,0,,1,0,0,0,completed,8352.42,0,0,1
SYN-20250504-000128,2025-05-04T05:57:21.000Z,2025-05-04,0,12,5,69b66f179390b3e4eaa4710a,vip,300,150762893,502543,-316,1,1,259900,20792,30000,64975,245717,259900,momo,paid,1,VEGGIE25,0,0,1,0,delivering,7566.82,0,1,0
SYN-20260301-000129,2026-03-01T10:54:09.000Z,2026-03-01,0,17,3,69b66f179390b3e4eaa4711f,regular,96,51556197,537044,-15,2,3,529700,42376,0,0,572076,264850,card,paid,0,,3,0,0,0,completed,337.88,0,0,0
SYN-20251115-000130,2025-11-15T10:46:09.000Z,2025-11-15,6,17,11,69b66f179390b3e4eaa4710a,vip,300,150762893,502543,-121,1,2,379800,30384,30000,0,440184,379800,momo,unpaid,0,,0,2,0,0,pending,2882.01,0,1,1
SYN-20251016-000131,2025-10-16T10:19:59.000Z,2025-10-16,4,17,10,69b66f179390b3e4eaa4710d,regular,128,62788236,490533,-150,2,2,399800,31984,30000,0,461784,199900,momo,paid,0,,0,0,1,1,completed,3602.44,0,0,0
SYN-20250511-000132,2025-05-11T03:40:44.000Z,2025-05-11,0,10,5,69b66f179390b3e4eaa4710d,regular,128,62788236,490533,-309,2,4,819600,65568,0,0,885168,409800,momo,paid,0,,0,4,0,0,completed,7401.1,0,0,0
SYN-20260221-000133,2026-02-21T09:57:10.000Z,2026-02-21,6,16,2,69b66f179390b3e4eaa4711c,regular,50,24230795,484616,-23,2,4,829600,66368,0,100000,795968,414800,momo,unpaid,1,HEALTHY20,0,3,1,0,confirmed,530.82,0,1,1
SYN-20251207-000134,2025-12-07T07:35:44.000Z,2025-12-07,0,14,12,69b66f179390b3e4eaa47122,regular,84,40357330,480444,-99,1,1,189900,15192,30000,0,235092,189900,card,paid,0,,0,1,0,0,completed,2357.18,0,0,0
SYN-20250916-000135,2025-09-16T08:02:56.000Z,2025-09-16,2,15,9,69b66f179390b3e4eaa47110,regular,80,39676181,495952,-181,1,1,169900,13592,30000,0,213492,169900,card,unpaid,0,,1,0,0,0,confirmed,4324.73,0,1,1
SYN-20251022-000136,2025-10-22T08:44:38.000Z,2025-10-22,3,15,10,69b66f179390b3e4eaa47122,regular,84,40357330,480444,-145,2,2,329800,26384,30000,0,386184,164900,momo,paid,0,,0,1,0,1,completed,3460.03,0,0,0
SYN-20250909-000137,2025-09-09T04:19:04.000Z,2025-09-09,2,11,9,69b66f179390b3e4eaa47125,regular,78,39418164,505361,-188,2,2,399800,31984,30000,0,461784,199900,card,unpaid,0,,1,0,1,0,completed,4496.46,0,0,1
SYN-20260223-000138,2026-02-23T13:40:14.000Z,2026-02-23,1,20,2,69b66f179390b3e4eaa4710d,regular,128,62788236,490533,-20,2,3,659700,52776,0,0,712476,329850,bank_transfer,paid,0,,0,1,2,0,delivering,479.11,0,1,0
SYN-20251228-000139,2025-12-28T08:31:28.000Z,2025-12-28,0,15,12,69b66f179390b3e4eaa47110,regular,80,39676181,495952,-78,2,3,494700,39576,30000,25000,539276,247350,momo,paid,1,FREESHIP,3,0,0,0,delivering,1852.25,0,1,0
SYN-20260113-000140,2026-01-13T02:21:36.000Z,2026-01-13,2,9,1,69b66f179390b3e4eaa4710d,regular,128,62788236,490533,-62,2,4,799600,63968,0,60000,803568,399800,cash,paid,1,PROTEIN10,0,0,2,2,completed,1474.42,0,0,0
SYN-20251224-000141,2025-12-24T12:20:46.000Z,2025-12-24,3,19,12,69b66f179390b3e4eaa47119,regular,49,23556582,480747,-82,1,2,329800,26384,30000,65960,320224,329800,cash,paid,1,HEALTHY20,2,0,0,0,completed,1944.43,0,0,0
SYN-20251017-000142,2025-10-17T06:11:41.000Z,2025-10-17,5,13,10,69b66f189390b3e4eaa47134,regular,69,34548879,500708,-150,1,1,219900,17592,30000,0,267492,219900,bank_transfer,paid,0,,0,0,1,0,completed,3582.58,0,0,0
SYN-20260124-000143,2026-01-24T06:08:48.000Z,2026-01-24,6,13,1,69b66f179390b3e4eaa4710a,vip,300,150762893,502543,-51,2,2,349800,27984,30000,80000,327784,174900,bank_transfer,paid,1,FLASH25,0,1,0,1,completed,1206.63,0,0,0
SYN-20250722-000144,2025-07-22T04:01:03.000Z,2025-07-22,2,11,7,69b66f179390b3e4eaa47116,regular,82,38788483,473030,-237,2,2,399800,31984,30000,0,461784,199900,momo,paid,0,,1,0,1,0,completed,5672.76,0,0,0
SYN-20251013-000145,2025-10-13T04:33:20.000Z,2025-10-13,1,11,10,69b66f179390b3e4eaa47128,regular,66,34270303,519247,-154,1,1,149900,11992,30000,14990,176902,149900,bank_transfer,unpaid,1,WELCOME10,1,0,0,0,delivering,3680.22,0,1,1
SYN-20251226-000146,2025-12-26T08:57:44.000Z,2025-12-26,5,15,12,69b66f179390b3e4eaa4710a,vip,300,150762893,502543,-80,1,2,319800,25584,30000,63960,311424,319800,cash,paid,1,HEALTHY20,2,0,0,0,completed,1899.82,0,0,0
SYN-20260204-000147,2026-02-04T09:58:40.000Z,2026-02-04,3,16,2,69b66f179390b3e4eaa47113,regular,89,41138137,462226,-40,1,2,479800,38384,30000,0,548184,479800,cash,paid,0,,0,0,2,0,completed,938.8,0,0,0
SYN-20250906-000148,2025-09-06T02:24:18.000Z,2025-09-06,6,9,9,69b66f189390b3e4eaa47131,regular,82,38006436,463493,-191,1,2,279800,22384,30000,0,332184,279800,momo,unpaid,0,,0,0,0,2,confirmed,4570.37,0,1,1
SYN-20260214-000149,2026-02-14T04:04:05.000Z,2026-02-14,6,11,2,69b66f179390b3e4eaa4710d,regular,128,62788236,490533,-30,1,1,189900,15192,30000,0,235092,189900,bank_transfer,unpaid,0,,0,1,0,0,confirmed,704.71,0,1,1
SYN-20251101-000150,2025-11-01T02:48:26.000Z,2025-11-01,6,9,11,69b66f179390b3e4eaa4711f,regular,96,51556197,537044,-135,1,1,249900,19992,30000,0,299892,249900,momo,paid,0,,0,0,1,0,completed,3225.97,0,0,0
SYN-20250406-000151,2025-04-06T05:28:02.000Z,2025-04-06,0,12,4,69b66f189390b3e4eaa47134,regular,69,34548879,500708,-344,2,2,399800,31984,30000,0,461784,199900,cash,unpaid,0,,0,2,0,0,preparing,8239.31,0,1,1
SYN-20260309-000152,2026-03-09T14:05:18.000Z,2026-03-09,1,21,3,69b66f179390b3e4eaa4710a,vip,300,150762893,502543,-7,1,3,539700,43176,0,25000,557876,539700,momo,paid,1,FREESHIP,3,0,0,0,completed,142.69,0,0,0
SYN-20250707-000153,2025-07-07T10:40:01.000Z,2025-07-07,1,17,7,69b66f179390b3e4eaa4710a,vip,300,150762893,502543,-252,2,2,339800,27184,30000,0,396984,169900,bank_transfer,paid,0,,0,1,0,1,delivering,6026.11,0,1,0
SYN-20260304-000154,2026-03-04T02:55:03.000Z,2026-03-04,3,9,3,69b66f179390b3e4eaa47113,regular,89,41138137,462226,-12,2,4,939600,75168,0,75000,939768,469800,cash,paid,1,VEGGIE25,0,0,4,0,completed,273.86,0,0,0
SYN-20260101-000155,2026-01-01T07:25:06.000Z,2026-01-01,4,14,1,69b66f179390b3e4eaa4710a,vip,300,150762893,502543,-74,1,1,139900,11192,30000,0,181092,139900,card,paid,0,,0,0,0,1,completed,1757.36,0,0,0
SYN-20250905-000156,2025-09-05T13:12:38.000Z,2025-09-05,5,20,9,69b66f179390b3e4eaa4710a,vip,300,150762893,502543,-192,2,4,859600,68768,0,50000,878368,429800,momo,paid,1,EATOMO50K,2,0,2,0,completed,4583.57,0,0,0
SYN-20250911-000157,2025-09-11T08:11:07.000Z,2025-09-11,4,15,9,69b66f179390b3e4eaa4712b,regular,83,34910035,420603,-186,2,2,389800,31184,30000,77960,373024,194900,card,unpaid,1,HEALTHY20,1,0,1,0,completed,4444.59,0,0,1
SYN-20250330-000158,2025-03-30T06:36:27.000Z,2025-03-30,0,13,3,69b66f179390b3e4eaa47113,regular,89,41138137,462226,-351,1,1,189900,15192,30000,56970,178122,189900,card,paid,1,FIRSTORDER30,0,1,0,0,completed,8406.17,0,0,0
SYN-20250823-000159,2025-08-23T01:11:37.000Z,2025-08-23,6,8,8,69b66f179390b3e4eaa4710d,regular,128,62788236,490533,-205,2,3,604700,48376,0,50000,603076,302350,momo,unpaid,1,EATOMO50K,0,1,2,0,confirmed,4907.58,0,1,1
SYN-20260309-000160,2026-03-09T02:27:04.000Z,2026-03-09,1,9,3,69b66f179390b3e4eaa47113,regular,89,41138137,462226,-7,1,3,719700,57576,0,0,777276,719700,momo,unpaid,0,,0,0,3,0,confirmed,154.33,0,1,1
SYN-20250523-000161,2025-05-23T08:46:46.000Z,2025-05-23,5,15,5,69b66f179390b3e4eaa4712b,regular,83,34910035,420603,-297,2,2,304800,24384,30000,50000,309184,152400,momo,unpaid,1,EATOMO50K,1,0,0,1,completed,7108,0,0,1
SYN-20260314-000162,2026-03-14T01:25:21.000Z,2026-03-14,6,8,3,69b66f179390b3e4eaa47128,regular,66,34270303,519247,-2,2,2,389800,31184,30000,25000,425984,194900,momo,refunded,1,FREESHIP,1,1,0,0,cancelled,35.36,1,0,0
SYN-20260209-000163,2026-02-09T01:32:41.000Z,2026-02-09,1,8,2,69b66f179390b3e4eaa4712b,regular,83,34910035,420603,-35,2,3,479700,38376,30000,47970,500106,239850,card,paid,1,PROTEIN10,2,0,0,1,completed,827.23,0,0,0
SYN-20260206-000164,2026-02-06T05:17:31.000Z,2026-02-06,5,12,2,69b66f179390b3e4eaa4712b,regular,83,34910035,420603,-38,2,3,569700,45576,0,0,615276,284850,cash,unpaid,0,,1,2,0,0,pending,895.49,0,1,1
SYN-20251221-000165,2025-12-21T06:41:46.000Z,2025-12-21,0,13,12,69b66f179390b3e4eaa47122,regular,84,40357330,480444,-85,2,2,409800,32784,30000,0,472584,204900,momo,unpaid,0,,1,0,1,0,confirmed,2022.08,0,1,1
SYN-20251212-000166,2025-12-12T03:15:38.000Z,2025-12-12,5,10,12,69b66f179390b3e4eaa47125,regular,78,39418164,505361,-94,1,1,219900,17592,30000,43980,223512,219900,momo,unpaid,1,HEALTHY20,0,0,1,0,cancelled,2241.52,1,0,1
SYN-20260211-000167,2026-02-11T14:46:00.000Z,2026-02-11,3,21,2,69b66f179390b3e4eaa4711c,regular,50,24230795,484616,-32,2,2,339800,27184,30000,0,396984,169900,bank_transfer,unpaid,0,,0,1,0,1,cancelled,766.01,1,0,1
SYN-20250329-000168,2025-03-29T11:32:27.000Z,2025-03-29,6,18,3,69b66f179390b3e4eaa4710a,vip,300,150762893,502543,-352,1,2,499800,39984,30000,75000,494784,499800,card,paid,1,VEGGIE25,0,0,2,0,completed,8425.24,0,0,0
SYN-20250516-000169,2025-05-16T12:54:33.000Z,2025-05-16,5,19,5,69b66f189390b3e4eaa47134,regular,69,34548879,500708,-304,1,2,289800,23184,30000,57960,285024,289800,cash,paid,1,HEALTHY20,2,0,0,0,completed,7271.87,0,0,0
SYN-20251213-000170,2025-12-13T10:42:47.000Z,2025-12-13,6,17,12,69b66f179390b3e4eaa4712b,regular,83,34910035,420603,-93,2,3,664700,53176,0,100000,617876,332350,momo,unpaid,1,HEALTHY20,0,1,2,0,completed,2210.06,0,0,1
SYN-20250425-000171,2025-04-25T01:20:58.000Z,2025-04-25,5,8,4,69b66f179390b3e4eaa4710a,vip,300,150762893,502543,-325,1,1,189900,15192,30000,0,235092,189900,cash,paid,0,,0,1,0,0,completed,7787.43,0,0,0
SYN-20260113-000172,2026-01-13T10:28:43.000Z,2026-01-13,2,17,1,69b66f179390b3e4eaa47119,regular,49,23556582,480747,-62,2,4,559600,44768,0,55960,548408,279800,cash,unpaid,1,PROTEIN10,2,0,0,2,confirmed,1466.3,0,1,1
SYN-20251013-000173,2025-10-13T13:35:32.000Z,2025-10-13,1,20,10,69b66f179390b3e4eaa4712b,regular,83,34910035,420603,-154,1,1,179900,14392,30000,0,224292,179900,card,unpaid,0,,0,1,0,0,pending,3671.19,0,1,1
SYN-20260103-000174,2026-01-03T08:34:51.000Z,2026-01-03,6,15,1,69b66f189390b3e4eaa47131,regular,82,38006436,463493,-72,1,1,209900,16792,30000,0,256692,209900,card,unpaid,0,,0,1,0,0,confirmed,1708.2,0,1,1
SYN-20260215-000175,2026-02-15T03:25:51.000Z,2026-02-15,0,10,2,69b66f179390b3e4eaa47128,regular,66,34270303,519247,-29,2,3,589700,47176,0,0,636876,294850,momo,paid,0,,0,3,0,0,delivering,681.35,0,1,0
SYN-20251225-000176,2025-12-25T07:24:18.000Z,2025-12-25,4,14,12,69b66f179390b3e4eaa47125,regular,78,39418164,505361,-81,1,1,169900,13592,30000,0,213492,169900,momo,unpaid,0,,1,0,0,0,confirmed,1925.37,0,1,1
SYN-20260211-000177,2026-02-11T05:52:13.000Z,2026-02-11,3,12,2,69b66f179390b3e4eaa4710a,vip,300,150762893,502543,-33,2,2,379800,30384,30000,56970,383214,189900,momo,paid,1,SUMMER15,0,0,1,1,completed,774.91,0,0,0
SYN-20260313-000178,2026-03-13T12:31:46.000Z,2026-03-13,5,19,3,69b66f179390b3e4eaa47110,regular,80,39676181,495952,-3,2,2,359800,28784,30000,25000,393584,179900,momo,unpaid,1,FREESHIP,1,1,0,0,confirmed,48.25,0,1,1
SYN-20251027-000179,2025-10-27T07:20:43.000Z,2025-10-27,1,14,10,69b66f189390b3e4eaa47134,regular,69,34548879,500708,-140,1,1,164900,13192,30000,0,208092,164900,cash,paid,0,,0,1,0,0,completed,3341.43,0,0,0
SYN-20250917-000180,2025-09-17T11:30:05.000Z,2025-09-17,3,18,9,69b66f179390b3e4eaa4710d,regular,128,62788236,490533,-179,2,2,299800,23984,30000,59960,293824,149900,momo,unpaid,1,HEALTHY20,1,0,0,1,confirmed,4297.28,0,1,1
SYN-20250927-000181,2025-09-27T01:07:01.000Z,2025-09-27,6,8,9,69b66f179390b3e4eaa4710a,vip,300,150762893,502543,-170,2,4,879600,70368,0,100000,849968,439800,momo,unpaid,1,HEALTHY20,2,0,2,0,confirmed,4067.66,0,1,1
SYN-20260306-000182,2026-03-06T09:42:50.000Z,2026-03-06,5,16,3,69b66f189390b3e4eaa47131,regular,82,38006436,463493,-10,1,2,479800,38384,30000,0,548184,479800,cash,paid,0,,0,0,2,0,delivering,219.06,0,1,0
SYN-20260227-000183,2026-02-27T11:50:31.000Z,2026-02-27,5,18,2,69b66f179390b3e4eaa47110,regular,80,39676181,495952,-17,1,2,399800,31984,30000,119940,341844,399800,cash,paid,1,FIRSTORDER30,0,2,0,0,completed,384.94,0,0,0
SYN-20260315-000184,2026-03-15T01:43:49.000Z,2026-03-15,0,8,3,69b66f179390b3e4eaa4710d,regular,128,62788236,490533,-1,2,3,499700,39976,30000,0,569676,249850,cash,paid,0,,0,2,0,1,delivering,11.05,0,1,0
SYN-20250619-000185,2025-06-19T04:43:08.000Z,2025-06-19,4,11,6,69b66f179390b3e4eaa47119,regular,49,23556582,480747,-270,2,4,729600,58368,0,0,787968,364800,card,paid,0,,0,4,0,0,completed,6464.06,0,0,0
SYN-20260312-000186,2026-03-12T01:28:52.000Z,2026-03-12,4,8,3,69b66f179390b3e4eaa47122,regular,84,40357330,480444,-4,2,3,619700,49576,0,100000,569276,309850,cash,unpaid,1,HEALTHY20,0,2,1,0,delivering,83.3,0,1,1
SYN-20250501-000187,2025-05-01T05:08:58.000Z,2025-05-01,4,12,5,69b66f179390b3e4eaa47110,regular,80,39676181,495952,-319,2,5,899500,71960,0,120000,851460,449750,cash,paid,1,FIRSTORDER30,2,3,0,0,completed,7639.63,0,0,0
SYN-20260309-000188,2026-03-09T07:07:36.000Z,2026-03-09,1,14,3,69b66f179390b3e4eaa4712b,regular,83,34910035,420603,-7,2,2,429800,34384,30000,0,494184,214900,cash,paid,0,,0,1,1,0,completed,149.65,0,0,0
SYN-20250321-000189,2025-03-21T09:53:14.000Z,2025-03-21,5,16,3,69b66f179390b3e4eaa47119,regular,49,23556582,480747,-360,2,3,429700,34376,30000,50000,444076,214850,card,paid,1,EATOMO50K,0,0,0,3,delivering,8618.89,0,1,0
SYN-20260111-000190,2026-01-11T04:16:00.000Z,2026-01-11,0,11,1,69b66f179390b3e4eaa47122,regular,84,40357330,480444,-64,2,4,629600,50368,0,80000,599968,314800,card,paid,1,SUMMER15,0,2,0,2,delivering,1520.51,0,1,0
SYN-20260223-000191,2026-02-23T03:23:37.000Z,2026-02-23,1,10,2,69b66f179390b3e4eaa47119,regular,49,23556582,480747,-21,1,1,189900,15192,30000,0,235092,189900,card,paid,0,,0,1,0,0,delivering,489.38,0,1,0
SYN-20260314-000192,2026-03-14T09:06:56.000Z,2026-03-14,6,16,3,69b66f179390b3e4eaa47113,regular,89,41138137,462226,-2,1,2,379800,30384,30000,0,440184,379800,card,unpaid,0,,0,2,0,0,pending,27.66,0,1,1
SYN-20250802-000193,2025-08-02T13:48:14.000Z,2025-08-02,6,20,8,69b66f189390b3e4eaa47134,regular,69,34548879,500708,-226,2,3,609700,48776,0,100000,558476,304850,momo,paid,1,HEALTHY20,0,0,2,1,completed,5398.97,0,0,0
SYN-20251219-000194,2025-12-19T13:17:06.000Z,2025-12-19,5,20,12,69b66f189390b3e4eaa47131,regular,82,38006436,463493,-87,1,1,219900,17592,30000,54975,212517,219900,momo,unpaid,1,VEGGIE25,0,0,1,0,confirmed,2063.49,0,1,1
SYN-20260114-000195,2026-01-14T02:59:42.000Z,2026-01-14,3,9,1,69b66f179390b3e4eaa47128,regular,66,34270303,519247,-61,2,4,759600,60768,0,0,820368,379800,cash,unpaid,0,,0,0,2,2,confirmed,1449.78,0,1,1
SYN-20250418-000196,2025-04-18T05:14:09.000Z,2025-04-18,5,12,4,69b66f179390b3e4eaa4710a,vip,300,150762893,502543,-332,1,2,339800,27184,30000,50000,346984,339800,card,unpaid,1,EATOMO50K,2,0,0,0,pending,7951.54,0,1,1
SYN-20260130-000197,2026-01-30T12:18:59.000Z,2026-01-30,5,19,1,69b66f179390b3e4eaa4712b,regular,83,34910035,420603,-45,2,2,334800,26784,30000,100440,291144,167400,cash,unpaid,1,FIRSTORDER30,1,1,0,0,preparing,1056.46,0,1,1
SYN-20260311-000198,2026-03-11T03:42:38.000Z,2026-03-11,3,10,3,69b66f179390b3e4eaa4710a,vip,300,150762893,502543,-5,2,5,814500,65160,0,50000,829660,407250,card,paid,1,WELCOME10,5,0,0,0,completed,105.07,0,0,0
SYN-20251102-000199,2025-11-02T03:41:15.000Z,2025-11-02,0,10,11,69b66f179390b3e4eaa4711f,regular,96,51556197,537044,-134,2,2,354800,28384,30000,0,413184,177400,card,unpaid,0,,0,2,0,0,confirmed,3201.09,0,1,1
SYN-20250720-000200,2025-07-20T04:15:38.000Z,2025-07-20,0,11,7,69b66f189390b3e4eaa47134,regular,69,34548879,500708,-239,1,2,279800,22384,30000,69950,262234,279800,cash,unpaid,1,VEGGIE25,2,0,0,0,preparing,5720.52,0,1,1
SYN-20250402-000201,2025-04-02T13:26:55.000Z,2025-04-02,3,20,4,69b66f179390b3e4eaa47113,regular,89,41138137,462226,-347,2,5,1019500,81560,0,75000,1026060,509750,bank_transfer,unpaid,1,VEGGIE25,0,2,3,0,pending,8327.33,0,1,1
SYN-20250725-000202,2025-07-25T07:20:14.000Z,2025-07-25,5,14,7,69b66f179390b3e4eaa47116,regular,82,38788483,473030,-234,1,1,164900,13192,30000,0,208092,164900,card,unpaid,0,,0,1,0,0,preparing,5597.44,0,1,1
SYN-20260116-000203,2026-01-16T08:30:33.000Z,2026-01-16,5,15,1,69b66f189390b3e4eaa47134,regular,69,34548879,500708,-59,2,2,319800,25584,30000,0,375384,159900,card,unpaid,0,,1,0,0,1,preparing,1396.27,0,1,1
SYN-20260219-000204,2026-02-19T14:37:23.000Z,2026-02-19,4,21,2,69b66f179390b3e4eaa47128,regular,66,34270303,519247,-24,2,3,589700,47176,0,0,636876,294850,card,unpaid,0,,0,3,0,0,confirmed,574.15,0,1,1
SYN-20251114-000205,2025-11-14T08:22:04.000Z,2025-11-14,5,15,11,69b66f179390b3e4eaa4710a,vip,300,150762893,502543,-122,2,3,449700,35976,30000,50000,465676,224850,card,paid,1,EATOMO50K,2,0,0,1,completed,2908.41,0,0,0
SYN-20250909-000206,2025-09-09T07:44:58.000Z,2025-09-09,2,14,9,69b66f179390b3e4eaa4712b,regular,83,34910035,420603,-188,1,2,279800,22384,30000,0,332184,279800,bank_transfer,paid,0,,0,0,0,2,completed,4493.03,0,0,0
SYN-20260117-000207,2026-01-17T06:33:14.000Z,2026-01-17,6,13,1,69b66f179390b3e4eaa47125,regular,78,39418164,505361,-58,2,2,449800,35984,30000,0,515784,224900,momo,paid,0,,0,1,1,0,completed,1374.22,0,0,0
SYN-20250419-000208,2025-04-19T09:46:24.000Z,2025-04-19,6,16,4,69b66f179390b3e4eaa47110,regular,80,39676181,495952,-331,2,3,569700,45576,0,80000,535276,284850,cash,unpaid,1,FLASH25,1,2,0,0,pending,7923,0,1,1
SYN-20260315-000209,2026-03-15T13:02:30.000Z,2026-03-15,0,20,3,69b66f179390b3e4eaa47113,regular,89,41138137,462226,0,1,1,129900,10392,30000,0,170292,129900,momo,unpaid,0,,0,0,0,1,confirmed,0,0,0,1
SYN-20251008-000210,2025-10-08T12:47:01.000Z,2025-10-08,3,19,10,69b66f189390b3e4eaa47134,regular,69,34548879,500708,-159,2,4,579600,46368,0,0,625968,289800,bank_transfer,unpaid,0,,0,0,0,4,completed,3791.99,0,0,1
SYN-20251218-000211,2025-12-18T12:15:49.000Z,2025-12-18,4,19,12,69b66f179390b3e4eaa4710a,vip,300,150762893,502543,-88,2,4,869600,69568,0,100000,839168,434800,card,unpaid,1,VIP100K,2,0,2,0,confirmed,2088.51,0,1,1
SYN-20250910-000212,2025-09-10T03:52:57.000Z,2025-09-10,3,10,9,69b66f189390b3e4eaa47134,regular,69,34548879,500708,-187,1,1,159900,12792,30000,0,202692,159900,cash,unpaid,0,,1,0,0,0,completed,4472.9,0,0,1
SYN-20250926-000213,2025-09-26T04:05:51.000Z,2025-09-26,5,11,9,69b66f179390b3e4eaa47110,regular,80,39676181,495952,-171,2,3,459700,36776,30000,0,526476,229850,bank_transfer,unpaid,0,,0,2,0,1,confirmed,4088.68,0,1,1
SYN-20260312-000214,2026-03-12T10:47:18.000Z,2026-03-12,4,17,3,69b66f179390b3e4eaa47119,regular,49,23556582,480747,-4,1,2,399800,31984,30000,39980,421804,399800,momo,paid,1,WELCOME10,0,2,0,0,completed,73.99,0,0,0
SYN-20250706-000215,2025-07-06T06:16:04.000Z,2025-07-06,0,13,7,69b66f179390b3e4eaa4710a,vip,300,150762893,502543,-253,2,2,329800,26384,30000,50000,336184,164900,momo,paid,1,EATOMO50K,0,1,0,1,completed,6054.51,0,0,0
SYN-20260221-000216,2026-02-21T12:01:16.000Z,2026-02-21,6,19,2,69b66f189390b3e4eaa47131,regular,82,38006436,463493,-23,2,2,459800,36784,30000,0,526584,229900,cash,unpaid,0,,0,1,1,0,pending,528.76,0,1,1
SYN-20251220-000217,2025-12-20T12:13:09.000Z,2025-12-20,6,19,12,69b66f179390b3e4eaa4710a,vip,300,150762893,502543,-86,2,3,799700,63976,0,0,863676,399850,cash,paid,0,,0,0,3,0,completed,2040.56,0,0,0
SYN-20260314-000218,2026-03-14T12:53:19.000Z,2026-03-14,6,19,3,69b66f189390b3e4eaa4712e,regular,66,32415979,491151,-2,1,1,149900,11992,30000,0,191892,149900,cash,unpaid,0,,0,0,0,1,preparing,23.89,0,1,1
SYN-20250607-000219,2025-06-07T05:16:15.000Z,2025-06-07,6,12,6,69b66f189390b3e4eaa4712e,regular,66,32415979,491151,-282,1,2,419800,33584,30000,0,483384,419800,bank_transfer,unpaid,0,,0,2,0,0,pending,6751.51,0,1,1
SYN-20260302-000220,2026-03-02T08:35:16.000Z,2026-03-02,1,15,3,69b66f179390b3e4eaa4710a,vip,300,150762893,502543,-14,1,1,229900,18392,30000,45980,232312,229900,cash,unpaid,1,HEALTHY20,0,0,1,0,cancelled,316.19,1,0,1
SYN-20250404-000221,2025-04-04T12:53:25.000Z,2025-04-04,5,19,4,69b66f179390b3e4eaa4710d,regular,128,62788236,490533,-345,2,4,644600,51568,0,75000,621168,322300,momo,refunded,1,VEGGIE25,3,1,0,0,cancelled,8279.89,1,0,0
SYN-20260205-000222,2026-02-05T12:10:35.000Z,2026-02-05,4,19,2,69b66f189390b3e4eaa47131,regular,82,38006436,463493,-39,2,2,449800,35984,30000,0,515784,224900,bank_transfer,paid,0,,0,1,1,0,completed,912.6,0,0,0
SYN-20251003-000223,2025-10-03T05:39:36.000Z,2025-10-03,5,12,10,69b66f179390b3e4eaa47116,regular,82,38788483,473030,-164,2,3,569700,45576,0,50000,565276,284850,cash,unpaid,1,EATOMO50K,0,3,0,0,cancelled,3919.12,1,0,1
SYN-20251212-000224,2025-12-12T06:35:15.000Z,2025-12-12,5,13,12,69b66f179390b3e4eaa4710a,vip,300,150762893,502543,-94,2,3,529700,42376,0,25000,547076,264850,bank_transfer,paid,1,FREESHIP,0,2,0,1,delivering,2238.19,0,1,0
SYN-20251109-000225,2025-11-09T02:46:23.000Z,2025-11-09,0,9,11,69b66f179390b3e4eaa4711f,regular,96,51556197,537044,-127,1,1,189900,15192,30000,0,235092,189900,cash,paid,0,,0,1,0,0,delivering,3034,0,1,0
SYN-20250528-000226,2025-05-28T01:31:27.000Z,2025-05-28,3,8,5,69b66f189390b3e4eaa4712e,regular,66,32415979,491151,-292,1,2,439800,35184,30000,0,504984,439800,card,paid,0,,0,2,0,0,completed,6995.25,0,0,0
SYN-20250814-000227,2025-08-14T03:52:39.000Z,2025-08-14,4,10,8,69b66f179390b3e4eaa47119,regular,49,23556582,480747,-214,2,3,709700,56776,0,0,766476,354850,cash,paid,0,,0,1,2,0,completed,5120.9,0,0,0
SYN-20260221-000228,2026-02-21T10:37:26.000Z,2026-02-21,6,17,2,69b66f179390b3e4eaa4710a,vip,300,150762893,502543,-23,2,4,609600,48768,0,80000,578368,304800,momo,paid,1,FLASH25,0,0,1,3,delivering,530.15,0,1,0
SYN-20251024-000229,2025-10-24T04:49:21.000Z,2025-10-24,5,11,10,69b66f179390b3e4eaa4710a,vip,300,150762893,502543,-143,2,2,334800,26784,30000,0,391584,167400,card,paid,0,,1,1,0,0,delivering,3415.96,0,1,0
SYN-20260208-000230,2026-02-08T11:57:32.000Z,2026-02-08,0,18,2,69b66f179390b3e4eaa47110,regular,80,39676181,495952,-36,2,2,439800,35184,30000,87960,417024,219900,cash,paid,1,HEALTHY20,0,1,1,0,completed,840.82,0,0,0
SYN-20251209-000231,2025-12-09T06:40:31.000Z,2025-12-09,2,13,12,69b66f179390b3e4eaa4710a,vip,300,150762893,502543,-97,2,2,294800,23584,30000,25000,323384,147400,momo,unpaid,1,FREESHIP,0,1,0,1,pending,2310.1,0,1,1
SYN-20250321-000232,2025-03-21T13:09:41.000Z,2025-03-21,5,20,3,69b66f189390b3e4eaa47131,regular,82,38006436,463493,-360,2,2,359800,28784,30000,0,418584,179900,cash,unpaid,0,,0,1,0,1,preparing,8615.62,0,1,1
SYN-20251014-000233,2025-10-14T10:14:09.000Z,2025-10-14,2,17,10,69b66f189390b3e4eaa47134,regular,69,34548879,500708,-153,2,2,399800,31984,30000,0,461784,199900,cash,unpaid,0,,0,2,0,0,confirmed,3650.54,0,1,1
SYN-20260206-000234,2026-02-06T06:02:18.000Z,2026-02-06,5,13,2,69b66f179390b3e4eaa4710a,vip,300,150762893,502543,-38,2,3,619700,49576,0,0,669276,309850,card,paid,0,,0,2,1,0,completed,894.74,0,0,0
SYN-20260315-000235,2026-03-15T14:51:24.000Z,2026-03-15,0,21,3,69b66f189390b3e4eaa47134,regular,69,34548879,500708,0,2,4,899600,71968,0,25000,946568,449800,momo,paid,1,FREESHIP,0,2,2,0,delivering,0,0,0,0
SYN-20251114-000236,2025-11-14T01:46:34.000Z,2025-11-14,5,8,11,69b66f179390b3e4eaa4712b,regular,83,34910035,420603,-122,2,3,619700,49576,0,0,669276,309850,card,unpaid,0,,2,0,1,0,preparing,2915,0,1,1
SYN-20260223-000237,2026-02-23T12:48:21.000Z,2026-02-23,1,19,2,69b66f189390b3e4eaa4712e,regular,66,32415979,491151,-21,2,3,719700,57576,0,0,777276,359850,cash,unpaid,0,,0,0,3,0,confirmed,479.97,0,1,1
SYN-20250717-000238,2025-07-17T05:37:35.000Z,2025-07-17,4,12,7,69b66f179390b3e4eaa47128,regular,66,34270303,519247,-242,2,3,439700,35176,30000,0,504876,219850,card,paid,0,,1,0,0,2,completed,5791.15,0,0,0
SYN-20260217-000239,2026-02-17T10:44:03.000Z,2026-02-17,2,17,2,69b66f179390b3e4eaa47110,regular,80,39676181,495952,-27,2,4,779600,62368,0,0,841968,389800,momo,paid,0,,0,0,2,2,completed,626.04,0,0,0
SYN-20260219-000240,2026-02-19T05:15:40.000Z,2026-02-19,4,12,2,69b66f179390b3e4eaa47113,regular,89,41138137,462226,-25,1,2,299800,23984,30000,0,353784,299800,cash,unpaid,0,,0,0,0,2,confirmed,583.52,0,1,1
SYN-20251125-000241,2025-11-25T12:31:02.000Z,2025-11-25,2,19,11,69b66f179390b3e4eaa4710a,vip,300,150762893,502543,-111,2,2,459800,36784,30000,0,526584,229900,momo,unpaid,0,,0,1,1,0,confirmed,2640.26,0,1,1
SYN-20250922-000242,2025-09-22T12:21:52.000Z,2025-09-22,1,19,9,69b66f179390b3e4eaa47113,regular,89,41138137,462226,-175,1,2,379800,30384,30000,0,440184,379800,bank_transfer,paid,0,,0,2,0,0,completed,4176.41,0,0,0
SYN-20260221-000243,2026-02-21T04:18:36.000Z,2026-02-21,6,11,2,69b66f179390b3e4eaa47125,regular,78,39418164,505361,-23,2,3,494700,39576,30000,0,564276,247350,cash,paid,0,,2,1,0,0,delivering,536.47,0,1,0
SYN-20251108-000244,2025-11-08T10:28:38.000Z,2025-11-08,6,17,11,69b66f179390b3e4eaa4711f,regular,96,51556197,537044,-128,1,1,219900,17592,30000,0,267492,219900,cash,unpaid,0,,0,1,0,0,preparing,3050.3,0,1,1
SYN-20260314-000245,2026-03-14T01:40:27.000Z,2026-03-14,6,8,3,69b66f179390b3e4eaa4710a,vip,300,150762893,502543,-2,2,3,509700,40776,0,100000,450476,254850,cash,paid,1,VIP100K,0,0,1,2,completed,35.1,0,0,0
SYN-20250512-000246,2025-05-12T03:46:26.000Z,2025-05-12,1,10,5,69b66f179390b3e4eaa4710a,vip,300,150762893,502543,-308,2,3,579700,46376,0,120000,506076,289850,momo,unpaid,1,FIRSTORDER30,0,0,2,1,preparing,7377,0,1,1
SYN-20250619-000247,2025-06-19T06:50:20.000Z,2025-06-19,4,13,6,69b66f179390b3e4eaa47110,regular,80,39676181,495952,-270,2,3,659700,52776,0,0,712476,329850,momo,unpaid,0,,0,1,2,0,confirmed,6461.94,0,1,1
SYN-20251211-000248,2025-12-11T10:24:03.000Z,2025-12-11,4,17,12,69b66f179390b3e4eaa4710d,regular,128,62788236,490533,-94,2,4,779600,62368,0,0,841968,389800,cash,unpaid,0,,0,4,0,0,preparing,2258.38,0,1,1
SYN-20250620-000249,2025-06-20T02:33:50.000Z,2025-06-20,5,9,6,69b66f179390b3e4eaa47128,regular,66,34270303,519247,-269,2,3,669700,53576,0,80000,643276,334850,cash,paid,1,SUMMER15,0,2,1,0,delivering,6442.21,0,1,0
SYN-20250602-000250,2025-06-02T10:06:08.000Z,2025-06-02,1,17,6,69b66f179390b3e4eaa4710a,vip,300,150762893,502543,-287,2,4,999600,79968,0,0,1079568,499800,card,paid,0,,0,0,4,0,delivering,6866.68,0,1,0
SYN-20251122-000251,2025-11-22T01:22:53.000Z,2025-11-22,6,8,11,69b66f179390b3e4eaa47122,regular,84,40357330,480444,-114,1,2,329800,26384,30000,0,386184,329800,momo,unpaid,0,,2,0,0,0,preparing,2723.4,0,1,1
SYN-20251217-000252,2025-12-17T02:11:35.000Z,2025-12-17,3,9,12,69b66f179390b3e4eaa4710d,regular,128,62788236,490533,-89,1,2,379800,30384,30000,75960,364224,379800,momo,unpaid,1,HEALTHY20,0,2,0,0,confirmed,2122.58,0,1,1
SYN-20260304-000253,2026-03-04T01:51:44.000Z,2026-03-04,3,8,3,69b66f179390b3e4eaa4710a,vip,300,150762893,502543,-12,2,3,559700,44776,0,100000,504476,279850,cash,paid,1,HEALTHY20,0,0,1,2,completed,274.92,0,0,0
SYN-20251201-000254,2025-12-01T11:34:57.000Z,2025-12-01,1,18,12,69b66f189390b3e4eaa47131,regular,82,38006436,463493,-105,2,2,359800,28784,30000,0,418584,179900,cash,paid,0,,0,0,1,1,completed,2497.2,0,0,0
SYN-20251031-000255,2025-10-31T06:52:44.000Z,2025-10-31,5,13,10,69b66f179390b3e4eaa47116,regular,82,38788483,473030,-136,1,1,239900,19192,30000,59975,229117,239900,card,unpaid,1,VEGGIE25,0,0,1,0,preparing,3245.9,0,1,1
SYN-20250919-000256,2025-09-19T05:34:07.000Z,2025-09-19,5,12,9,69b66f179390b3e4eaa47116,regular,82,38788483,473030,-178,2,2,419800,33584,30000,0,483384,209900,momo,paid,0,,0,1,1,0,completed,4255.21,0,0,0
SYN-20260222-000257,2026-02-22T04:31:23.000Z,2026-02-22,0,11,2,69b66f179390b3e4eaa4710d,regular,128,62788236,490533,-22,2,4,819600,65568,0,0,885168,409800,momo,unpaid,0,,0,4,0,0,confirmed,512.25,0,1,1
SYN-20251108-000258,2025-11-08T02:19:44.000Z,2025-11-08,6,9,11,69b66f189390b3e4eaa47134,regular,69,34548879,500708,-128,2,2,379800,30384,30000,0,440184,189900,momo,paid,0,,1,0,1,0,completed,3058.45,0,0,0
SYN-20260225-000259,2026-02-25T02:34:43.000Z,2026-02-25,3,9,2,69b66f179390b3e4eaa4711c,regular,50,24230795,484616,-19,2,3,459700,36776,30000,0,526476,229850,momo,unpaid,0,,3,0,0,0,confirmed,442.2,0,1,1
SYN-20260217-000260,2026-02-17T01:30:02.000Z,2026-02-17,2,8,2,69b66f189390b3e4eaa47131,regular,82,38006436,463493,-27,2,3,634700,50776,0,0,685476,317350,momo,paid,0,,1,0,2,0,completed,635.28,0,0,0
SYN-20250618-000261,2025-06-18T10:41:37.000Z,2025-06-18,3,17,6,69b66f179390b3e4eaa47128,regular,66,34270303,519247,-270,2,2,324800,25984,30000,0,380784,162400,cash,unpaid,0,,0,1,0,1,confirmed,6482.08,0,1,1
SYN-20250316-000262,2025-03-16T06:57:52.000Z,2025-03-16,0,13,3,69b66f189390b3e4eaa47131,regular,82,38006436,463493,-365,1,1,189900,15192,30000,47475,187617,189900,card,unpaid,1,VEGGIE25,0,1,0,0,completed,8741.81,0,0,1
SYN-20250503-000263,2025-05-03T13:40:59.000Z,2025-05-03,6,20,5,69b66f189390b3e4eaa47134,regular,69,34548879,500708,-317,2,4,654600,52368,0,0,706968,327300,bank_transfer,unpaid,0,,4,0,0,0,pending,7583.09,0,1,1
SYN-20251124-000264,2025-11-24T08:17:00.000Z,2025-11-24,1,15,11,69b66f189390b3e4eaa47131,regular,82,38006436,463493,-112,2,3,639700,51176,0,0,690876,319850,momo,paid,0,,0,3,0,0,completed,2668.49,0,0,0
SYN-20251218-000265,2025-12-18T07:11:47.000Z,2025-12-18,4,14,12,69b66f179390b3e4eaa4712b,regular,83,34910035,420603,-88,1,1,189900,15192,30000,0,235092,189900,card,paid,0,,0,1,0,0,delivering,2093.58,0,1,0
SYN-20250727-000266,2025-07-27T10:30:36.000Z,2025-07-27,0,17,7,69b66f179390b3e4eaa47110,regular,80,39676181,495952,-232,2,4,709600,56768,0,100000,666368,354800,momo,paid,1,HEALTHY20,0,4,0,0,completed,5546.27,0,0,0
SYN-20260219-000267,2026-02-19T13:48:26.000Z,2026-02-19,4,20,2,69b66f179390b3e4eaa47122,regular,84,40357330,480444,-24,1,2,339800,27184,30000,0,396984,339800,momo,unpaid,0,,2,0,0,0,confirmed,574.97,0,1,1
SYN-20250728-000268,2025-07-28T05:45:09.000Z,2025-07-28,1,12,7,69b66f179390b3e4eaa47122,regular,84,40357330,480444,-231,2,2,329800,26384,30000,75000,311184,164900,cash,paid,1,VEGGIE25,1,1,0,0,completed,5527.03,0,0,0
SYN-20250628-000269,2025-06-28T06:03:48.000Z,2025-06-28,6,13,6,69b66f179390b3e4eaa4710a,vip,300,150762893,502543,-261,2,4,659600,52768,0,100000,612368,329800,card,unpaid,1,HEALTHY20,2,2,0,0,pending,6246.71,0,1,1
SYN-20251117-000270,2025-11-17T07:48:01.000Z,2025-11-17,1,14,11,69b66f179390b3e4eaa4710a,vip,300,150762893,502543,-119,2,3,739700,59176,0,0,798876,369850,momo,paid,0,,0,0,3,0,completed,2836.98,0,0,0
SYN-20260315-000271,2026-03-15T11:22:00.000Z,2026-03-15,0,18,3,69b66f179390b3e4eaa47122,regular,84,40357330,480444,0,2,3,559700,44776,0,0,604476,279850,cash,unpaid,0,,0,3,0,0,preparing,1.41,0,0,1
SYN-20250419-000272,2025-04-19T05:57:18.000Z,2025-04-19,6,12,4,69b66f179390b3e4eaa4710d,regular,128,62788236,490533,-331,1,2,519800,41584,0,0,561384,519800,card,paid,0,,0,0,2,0,completed,7926.82,0,0,0
SYN-20251122-000273,2025-11-22T12:17:22.000Z,2025-11-22,6,19,11,69b66f179390b3e4eaa47119,regular,49,23556582,480747,-114,1,1,199900,15992,30000,49975,195917,199900,card,unpaid,1,VEGGIE25,0,1,0,0,pending,2712.49,0,1,1
SYN-20260208-000274,2026-02-08T08:13:14.000Z,2026-02-08,0,15,2,69b66f179390b3e4eaa4710a,vip,300,150762893,502543,-36,2,5,1199500,95960,0,60000,1235460,599750,card,paid,1,PROTEIN10,0,2,3,0,completed,844.56,0,0,0
SYN-20250403-000275,2025-04-03T06:03:24.000Z,2025-04-03,4,13,4,69b66f179390b3e4eaa4712b,regular,83,34910035,420603,-347,1,1,259900,20792,30000,64975,245717,259900,momo,paid,1,VEGGIE25,0,0,1,0,completed,8310.72,0,0,0
SYN-20250921-000276,2025-09-21T09:14:20.000Z,2025-09-21,0,16,9,69b66f179390b3e4eaa4710a,vip,300,150762893,502543,-176,2,4,679600,54368,0,75000,658968,339800,card,paid,1,VEGGIE25,3,0,1,0,delivering,4203.54,0,1,0
SYN-20250930-000277,2025-09-30T10:15:48.000Z,2025-09-30,2,17,9,69b66f189390b3e4eaa47134,regular,69,34548879,500708,-167,1,1,229900,18392,30000,68970,209322,229900,cash,paid,1,FIRSTORDER30,0,0,1,0,delivering,3986.51,0,1,0
SYN-20251101-000278,2025-11-01T08:45:58.000Z,2025-11-01,6,15,11,69b66f189390b3e4eaa47134,regular,69,34548879,500708,-135,1,1,199900,15992,30000,0,245892,199900,cash,unpaid,0,,0,1,0,0,preparing,3220.01,0,1,1
SYN-20260204-000279,2026-02-04T01:22:47.000Z,2026-02-04,3,8,2,69b66f179390b3e4eaa47122,regular,84,40357330,480444,-40,2,4,729600,58368,0,50000,737968,364800,bank_transfer,unpaid,1,EATOMO50K,0,4,0,0,preparing,947.4,0,1,1
SYN-20250708-000280,2025-07-08T14:03:32.000Z,2025-07-08,2,21,7,69b66f179390b3e4eaa47119,regular,49,23556582,480747,-251,2,2,459800,36784,30000,0,526584,229900,momo,unpaid,0,,0,1,1,0,confirmed,5998.72,0,1,1
SYN-20260309-000281,2026-03-09T13:15:35.000Z,2026-03-09,1,20,3,69b66f179390b3e4eaa4710a,vip,300,150762893,502543,-7,2,4,1009600,80768,0,0,1090368,504800,cash,unpaid,0,,0,0,4,0,preparing,143.52,0,1,1
SYN-20260311-000282,2026-03-11T14:57:56.000Z,2026-03-11,3,21,3,69b66f179390b3e4eaa47125,regular,78,39418164,505361,-4,2,2,459800,36784,30000,0,526584,229900,bank_transfer,paid,0,,0,1,1,0,delivering,93.81,0,1,0
SYN-20250919-000283,2025-09-19T14:50:55.000Z,2025-09-19,5,21,9,69b66f179390b3e4eaa4710a,vip,300,150762893,502543,-177,2,3,499700,39976,30000,50000,519676,249850,momo,paid,1,EATOMO50K,0,0,1,2,completed,4245.93,0,0,0
SYN-20260102-000284,2026-01-02T11:39:15.000Z,2026-01-02,5,18,1,69b66f179390b3e4eaa4710a,vip,300,150762893,502543,-73,2,3,649700,51976,0,50000,651676,324850,momo,paid,1,EATOMO50K,0,0,2,1,completed,1729.12,0,0,0
SYN-20260202-000285,2026-02-02T08:33:20.000Z,2026-02-02,1,15,2,69b66f179390b3e4eaa4710a,vip,300,150762893,502543,-42,2,3,739700,59176,0,75000,723876,369850,momo,paid,1,VEGGIE25,0,1,2,0,delivering,988.22,0,1,0
SYN-20250911-000286,2025-09-11T07:15:54.000Z,2025-09-11,4,14,9,69b66f179390b3e4eaa4711f,regular,96,51556197,537044,-186,2,4,639600,51168,0,75000,615768,319800,momo,paid,1,VEGGIE25,2,2,0,0,completed,4445.51,0,0,0
SYN-20250930-000287,2025-09-30T13:08:16.000Z,2025-09-30,2,20,9,69b66f179390b3e4eaa47116,regular,82,38788483,473030,-166,2,3,429700,34376,30000,75000,419076,214850,card,paid,1,VEGGIE25,0,0,0,3,delivering,3983.64,0,1,0
SYN-20250813-000288,2025-08-13T13:37:09.000Z,2025-08-13,3,20,8,69b66f179390b3e4eaa47110,regular,80,39676181,495952,-214,2,3,729700,58376,0,0,788076,364850,card,paid,0,,0,0,3,0,completed,5135.16,0,0,0
SYN-20250827-000289,2025-08-27T14:41:16.000Z,2025-08-27,3,21,8,69b66f189390b3e4eaa47134,regular,69,34548879,500708,-201,1,1,199900,15992,30000,0,245892,199900,momo,paid,0,,0,1,0,0,completed,4798.09,0,0,0
SYN-20251214-000290,2025-12-14T03:19:03.000Z,2025-12-14,0,10,12,69b66f189390b3e4eaa47134,regular,69,34548879,500708,-92,2,5,989500,79160,0,120000,948660,494750,cash,unpaid,1,FIRSTORDER30,0,5,0,0,pending,2193.46,0,1,1
SYN-20250621-000291,2025-06-21T07:31:30.000Z,2025-06-21,6,14,6,69b66f179390b3e4eaa4710a,vip,300,150762893,502543,-268,2,4,659600,52768,0,60000,652368,329800,cash,paid,1,PROTEIN10,0,0,1,3,completed,6413.25,0,0,0
SYN-20250507-000292,2025-05-07T08:12:55.000Z,2025-05-07,3,15,5,69b66f189390b3e4eaa47134,regular,69,34548879,500708,-313,2,3,559700,44776,0,80000,524476,279850,cash,unpaid,1,FLASH25,0,2,0,1,preparing,7492.56,0,1,1
SYN-20250604-000293,2025-06-04T10:24:29.000Z,2025-06-04,3,17,6,69b66f179390b3e4eaa4711f,regular,96,51556197,537044,-285,1,2,379800,30384,30000,50000,390184,379800,card,unpaid,1,EATOMO50K,0,2,0,0,preparing,6818.37,0,1,1
SYN-20250504-000294,2025-05-04T04:13:06.000Z,2025-05-04,0,11,5,69b66f179390b3e4eaa4711f,regular,96,51556197,537044,-316,1,2,499800,39984,30000,75000,494784,499800,cash,paid,1,VEGGIE25,0,0,2,0,delivering,7568.56,0,1,0
SYN-20260221-000295,2026-02-21T12:43:40.000Z,2026-02-21,6,19,2,69b66f179390b3e4eaa4711f,regular,96,51556197,537044,-23,2,4,819600,65568,0,75000,810168,409800,cash,paid,1,VEGGIE25,0,4,0,0,completed,528.05,0,0,0
SYN-20251111-000296,2025-11-11T08:40:23.000Z,2025-11-11,2,15,11,69b66f179390b3e4eaa47122,regular,84,40357330,480444,-125,2,2,509800,40784,0,0,550584,254900,momo,unpaid,0,,0,0,2,0,cancelled,2980.1,1,0,1
SYN-20260209-000297,2026-02-09T06:41:27.000Z,2026-02-09,1,13,2,69b66f179390b3e4eaa4710a,vip,300,150762893,502543,-35,1,2,329800,26384,30000,50000,336184,329800,momo,unpaid,1,EATOMO50K,2,0,0,0,confirmed,822.09,0,1,1
SYN-20260126-000298,2026-01-26T06:35:57.000Z,2026-01-26,1,13,1,69b66f179390b3e4eaa4710a,vip,300,150762893,502543,-49,2,3,709700,56776,0,120000,646476,354850,momo,paid,1,FIRSTORDER30,0,1,2,0,delivering,1158.18,0,1,0
SYN-20250529-000299,2025-05-29T09:54:13.000Z,2025-05-29,4,16,5,69b66f189390b3e4eaa4712e,regular,66,32415979,491151,-291,2,3,599700,47976,0,75000,572676,299850,cash,unpaid,1,VEGGIE25,0,3,0,0,cancelled,6962.87,1,0,1
SYN-20250928-000300,2025-09-28T14:02:45.000Z,2025-09-28,0,21,9,69b66f179390b3e4eaa4710a,vip,300,150762893,502543,-169,2,3,529700,42376,0,75000,497076,264850,card,unpaid,1,VEGGIE25,1,2,0,0,preparing,4030.73,0,1,1
SYN-20260305-000301,2026-03-05T07:40:20.000Z,2026-03-05,4,14,3,69b66f189390b3e4eaa47134,regular,69,34548879,500708,-11,2,3,699700,55976,0,100000,655676,349850,cash,paid,1,VIP100K,0,0,3,0,completed,245.11,0,0,0
SYN-20251019-000302,2025-10-19T11:10:41.000Z,2025-10-19,0,18,10,69b66f179390b3e4eaa4710a,vip,300,150762893,502543,-148,2,2,399800,31984,30000,75000,386784,199900,cash,unpaid,1,VEGGIE25,1,0,1,0,confirmed,3529.6,0,1,1
SYN-20260312-000303,2026-03-12T04:24:13.000Z,2026-03-12,4,11,3,69b66f179390b3e4eaa47125,regular,78,39418164,505361,-4,2,3,569700,45576,0,0,615276,284850,momo,paid,0,,0,2,1,0,completed,80.37,0,0,0
SYN-20250807-000304,2025-08-07T09:34:11.000Z,2025-08-07,4,16,8,69b66f179390b3e4eaa47119,regular,49,23556582,480747,-221,2,2,339800,27184,30000,0,396984,169900,cash,unpaid,0,,2,0,0,0,delivering,5283.21,0,1,1
SYN-20251018-000305,2025-10-18T02:59:33.000Z,2025-10-18,6,9,10,69b66f179390b3e4eaa47122,regular,84,40357330,480444,-149,2,2,509800,40784,0,0,550584,254900,momo,unpaid,0,,0,0,2,0,confirmed,3561.79,0,1,1
SYN-20260113-000306,2026-01-13T10:59:57.000Z,2026-01-13,2,17,1,69b66f189390b3e4eaa4712e,regular,66,32415979,491151,-62,2,3,499700,39976,30000,99940,469736,249850,card,unpaid,1,HEALTHY20,2,1,0,0,confirmed,1465.78,0,1,1
SYN-20260110-000307,2026-01-10T07:21:43.000Z,2026-01-10,6,14,1,69b66f179390b3e4eaa47122,regular,84,40357330,480444,-65,1,1,249900,19992,30000,0,299892,249900,card,unpaid,0,,0,0,1,0,pending,1541.42,0,1,1
SYN-20260310-000308,2026-03-10T11:22:14.000Z,2026-03-10,2,18,3,69b66f179390b3e4eaa4710d,regular,128,62788236,490533,-5,2,4,799600,63968,0,50000,813568,399800,cash,refunded,1,EATOMO50K,0,4,0,0,cancelled,121.41,1,0,0
SYN-20250909-000309,2025-09-09T03:32:31.000Z,2025-09-09,2,10,9,69b66f179390b3e4eaa47122,regular,84,40357330,480444,-188,2,3,529700,42376,0,0,572076,264850,momo,paid,0,,1,2,0,0,delivering,4497.24,0,1,0
SYN-20260110-000310,2026-01-10T09:07:55.000Z,2026-01-10,6,16,1,69b66f189390b3e4eaa47134,regular,69,34548879,500708,-65,1,1,189900,15192,30000,25000,210092,189900,cash,paid,1,FREESHIP,0,1,0,0,completed,1539.65,0,0,0
SYN-20260105-000311,2026-01-05T14:25:30.000Z,2026-01-05,1,21,1,69b66f179390b3e4eaa4710a,vip,300,150762893,502543,-70,2,4,819600,65568,0,100000,785168,409800,momo,unpaid,1,HEALTHY20,0,2,2,0,preparing,1654.35,0,1,1
SYN-20260312-000312,2026-03-12T11:10:28.000Z,2026-03-12,4,18,3,69b66f179390b3e4eaa4710d,regular,128,62788236,490533,-3,2,4,819600,65568,0,120000,765168,409800,momo,unpaid,1,FIRSTORDER30,0,4,0,0,pending,73.6,0,1,1
SYN-20260114-000313,2026-01-14T06:10:11.000Z,2026-01-14,3,13,1,69b66f179390b3e4eaa47128,regular,66,34270303,519247,-61,2,2,349800,27984,30000,0,407784,174900,bank_transfer,unpaid,0,,1,1,0,0,confirmed,1446.61,0,1,1
SYN-20251003-000314,2025-10-03T12:41:26.000Z,2025-10-03,5,19,10,69b66f179390b3e4eaa4712b,regular,83,34910035,420603,-164,2,3,584700,46776,0,75000,556476,292350,momo,paid,1,VEGGIE25,1,2,0,0,delivering,3912.09,0,1,0
SYN-20260315-000315,2026-03-15T02:50:15.000Z,2026-03-15,0,9,3,69b66f179390b3e4eaa4710a,vip,300,150762893,502543,-1,2,3,569700,45576,0,25000,590276,284850,bank_transfer,unpaid,1,FREESHIP,0,3,0,0,preparing,9.94,0,1,1
SYN-20250909-000316,2025-09-09T08:12:47.000Z,2025-09-09,2,15,9,69b66f179390b3e4eaa47116,regular,82,38788483,473030,-188,1,1,239900,19192,30000,59975,229117,239900,momo,paid,1,FLASH25,0,0,1,0,completed,4492.56,0,0,0
SYN-20251226-000317,2025-12-26T09:29:01.000Z,2025-12-26,5,16,12,69b66f179390b3e4eaa4710a,vip,300,150762893,502543,-80,2,2,279800,22384,30000,55960,276224,139900,card,paid,1,HEALTHY20,0,0,0,2,completed,1899.29,0,0,0
SYN-20251213-000318,2025-12-13T07:29:34.000Z,2025-12-13,6,14,12,69b66f179390b3e4eaa47122,regular,84,40357330,480444,-93,2,2,369800,29584,30000,25000,404384,184900,cash,paid,1,FREESHIP,0,0,1,1,completed,2213.28,0,0,0
SYN-20260315-000319,2026-03-15T02:03:21.000Z,2026-03-15,0,9,3,69b66f189390b3e4eaa47134,regular,69,34548879,500708,-1,1,2,539800,43184,0,50000,532984,539800,cash,paid,1,EATOMO50K,0,0,2,0,delivering,10.72,0,1,0
SYN-20260204-000320,2026-02-04T06:49:26.000Z,2026-02-04,3,13,2,69b66f179390b3e4eaa4710a,vip,300,150762893,502543,-40,2,3,594700,47576,0,0,642276,297350,card,unpaid,0,,1,2,0,0,confirmed,941.95,0,1,1
SYN-20250715-000321,2025-07-15T10:11:20.000Z,2025-07-15,2,17,7,69b66f179390b3e4eaa47128,regular,66,34270303,519247,-243,1,3,599700,47976,0,0,647676,599700,momo,unpaid,0,,0,3,0,0,completed,5834.59,0,0,1
SYN-20250407-000322,2025-04-07T05:24:47.000Z,2025-04-07,1,12,4,69b66f189390b3e4eaa47131,regular,82,38006436,463493,-343,2,2,354800,28384,30000,35480,377704,177400,bank_transfer,unpaid,1,PROTEIN10,0,2,0,0,preparing,8215.36,0,1,1
SYN-20251128-000323,2025-11-28T02:04:58.000Z,2025-11-28,5,9,11,69b66f179390b3e4eaa4710a,vip,300,150762893,502543,-108,2,3,519700,41576,0,100000,461276,259850,momo,paid,1,HEALTHY20,0,3,0,0,completed,2578.69,0,0,0
SYN-20251101-000324,2025-11-01T05:26:47.000Z,2025-11-01,6,12,11,69b66f179390b3e4eaa47128,regular,66,34270303,519247,-135,2,2,349800,27984,30000,25000,382784,174900,card,paid,1,FREESHIP,1,1,0,0,completed,3223.33,0,0,0
SYN-20260313-000325,2026-03-13T04:30:37.000Z,2026-03-13,5,11,3,69b66f179390b3e4eaa4712b,regular,83,34910035,420603,-3,1,2,329800,26384,30000,0,386184,329800,card,paid,0,,2,0,0,0,delivering,56.27,0,1,0
SYN-20250524-000326,2025-05-24T02:33:02.000Z,2025-05-24,6,9,5,69b66f179390b3e4eaa4710a,vip,300,150762893,502543,-296,2,2,309800,24784,30000,50000,314584,154900,momo,paid,1,EATOMO50K,1,0,0,1,completed,7090.23,0,0,0
SYN-20260218-000327,2026-02-18T13:41:17.000Z,2026-02-18,3,20,2,69b66f179390b3e4eaa4710d,regular,128,62788236,490533,-25,2,2,439800,35184,30000,0,504984,219900,cash,unpaid,0,,0,1,1,0,confirmed,599.09,0,1,1
SYN-20251212-000328,2025-12-12T03:11:52.000Z,2025-12-12,5,10,12,69b66f179390b3e4eaa47110,regular,80,39676181,495952,-94,2,4,639600,51168,0,0,690768,319800,cash,paid,0,,0,0,1,3,completed,2241.58,0,0,0
SYN-20260309-000329,2026-03-09T14:19:52.000Z,2026-03-09,1,21,3,69b66f179390b3e4eaa4710d,regular,128,62788236,490533,-6,2,3,729700,58376,0,25000,763076,364850,momo,paid,1,FREESHIP,0,0,3,0,delivering,142.45,0,1,0
SYN-20260315-000330,2026-03-15T11:06:49.000Z,2026-03-15,0,18,3,69b66f189390b3e4eaa47134,regular,69,34548879,500708,-1,2,2,404800,32384,30000,0,467184,202400,momo,unpaid,0,,1,0,1,0,pending,1.66,0,0,1
SYN-20260228-000331,2026-02-28T10:42:14.000Z,2026-02-28,6,17,2,69b66f179390b3e4eaa47128,regular,66,34270303,519247,-15,1,2,329800,26384,30000,75000,311184,329800,card,paid,1,VEGGIE25,0,2,0,0,completed,362.07,0,0,0
SYN-20250418-000332,2025-04-18T14:01:46.000Z,2025-04-18,5,21,4,69b66f179390b3e4eaa4712b,regular,83,34910035,420603,-331,2,3,499700,39976,30000,0,569676,249850,card,paid,0,,2,1,0,0,completed,7942.75,0,0,0
SYN-20250419-000333,2025-04-19T10:24:47.000Z,2025-04-19,6,17,4,69b66f179390b3e4eaa4710d,regular,128,62788236,490533,-330,1,2,279800,22384,30000,0,332184,279800,card,paid,0,,0,0,0,2,completed,7922.36,0,0,0
SYN-20260305-000334,2026-03-05T12:11:19.000Z,2026-03-05,4,19,3,69b66f179390b3e4eaa47116,regular,82,38788483,473030,-10,2,3,664700,53176,0,0,717876,332350,momo,paid,0,,1,0,2,0,completed,240.59,0,0,0
SYN-20260304-000335,2026-03-04T02:26:23.000Z,2026-03-04,3,9,3,69b66f189390b3e4eaa47134,regular,69,34548879,500708,-12,2,3,569700,45576,0,56970,558306,284850,card,paid,1,PROTEIN10,0,3,0,0,completed,274.34,0,0,0
SYN-20260305-000336,2026-03-05T01:23:08.000Z,2026-03-05,4,8,3,69b66f179390b3e4eaa4711f,regular,96,51556197,537044,-11,1,2,299800,23984,30000,29980,323804,299800,card,paid,1,PROTEIN10,0,0,0,2,delivering,251.39,0,1,0
SYN-20251030-000337,2025-10-30T05:58:08.000Z,2025-10-30,4,12,10,69b66f189390b3e4eaa47134,regular,69,34548879,500708,-137,2,2,379800,30384,30000,0,440184,189900,cash,unpaid,0,,0,2,0,0,confirmed,3270.81,0,1,1
SYN-20251230-000338,2025-12-30T09:49:44.000Z,2025-12-30,2,16,12,69b66f179390b3e4eaa4710a,vip,300,150762893,502543,-76,2,4,719600,57568,0,50000,727168,359800,card,paid,1,EATOMO50K,2,2,0,0,delivering,1802.95,0,1,0
SYN-20251215-000339,2025-12-15T14:35:38.000Z,2025-12-15,1,21,12,69b66f179390b3e4eaa4710a,vip,300,150762893,502543,-91,2,2,339800,27184,30000,25000,371984,169900,momo,paid,1,FREESHIP,0,1,0,1,completed,2158.18,0,0,0
SYN-20250611-000340,2025-06-11T10:20:30.000Z,2025-06-11,3,17,6,69b66f179390b3e4eaa4712b,regular,83,34910035,420603,-278,2,3,599700,47976,0,0,647676,299850,bank_transfer,paid,0,,0,2,1,0,completed,6650.44,0,0,0
SYN-20250923-000341,2025-09-23T06:58:58.000Z,2025-09-23,2,13,9,69b66f179390b3e4eaa4711f,regular,96,51556197,537044,-174,2,3,509700,40776,0,0,550476,254850,cash,paid,0,,0,0,1,2,completed,4157.79,0,0,0
SYN-20260216-000342,2026-02-16T13:03:06.000Z,2026-02-16,1,20,2,69b66f179390b3e4eaa4710d,regular,128,62788236,490533,-27,2,2,349800,27984,30000,0,407784,174900,bank_transfer,refunded,0,,0,1,0,1,cancelled,647.73,1,0,0
SYN-20260130-000343,2026-01-30T11:28:12.000Z,2026-01-30,5,18,1,69b66f179390b3e4eaa47116,regular,82,38788483,473030,-44,2,3,539700,43176,0,75000,507876,269850,momo,refunded,1,VEGGIE25,0,0,1,2,cancelled,1057.31,1,0,0
SYN-20251118-000344,2025-11-18T12:47:53.000Z,2025-11-18,2,19,11,69b66f179390b3e4eaa4710a,vip,300,150762893,502543,-118,2,2,419800,33584,30000,50000,433384,209900,card,paid,1,EATOMO50K,1,0,1,0,delivering,2807.98,0,1,0
SYN-20251221-000345,2025-12-21T13:45:42.000Z,2025-12-21,0,20,12,69b66f179390b3e4eaa47128,regular,66,34270303,519247,-84,2,3,489700,39176,30000,75000,483876,244850,momo,paid,1,VEGGIE25,3,0,0,0,delivering,2015.02,0,1,0
SYN-20250721-000346,2025-07-21T08:19:12.000Z,2025-07-21,1,15,7,69b66f179390b3e4eaa4711f,regular,96,51556197,537044,-238,1,1,199900,15992,30000,0,245892,199900,momo,paid,0,,0,1,0,0,completed,5692.46,0,0,0
SYN-20251021-000347,2025-10-21T04:05:30.000Z,2025-10-21,2,11,10,69b66f179390b3e4eaa4711c,regular,50,24230795,484616,-146,1,1,199900,15992,30000,0,245892,199900,momo,refunded,0,,0,1,0,0,cancelled,3488.69,1,0,0
SYN-20250823-000348,2025-08-23T12:09:14.000Z,2025-08-23,6,19,8,69b66f179390b3e4eaa47125,regular,78,39418164,505361,-205,2,4,709600,56768,0,0,766368,354800,cash,unpaid,0,,0,3,0,1,confirmed,4896.62,0,1,1
SYN-20250404-000349,2025-04-04T13:40:44.000Z,2025-04-04,5,20,4,69b66f179390b3e4eaa4711f,regular,96,51556197,537044,-346,2,4,899600,71968,0,25000,946568,449800,momo,paid,1,FREESHIP,0,2,2,0,delivering,8279.1,0,1,0
SYN-20260127-000350,2026-01-27T03:47:24.000Z,2026-01-27,2,10,1,69b66f179390b3e4eaa47113,regular,89,41138137,462226,-48,2,4,739600,59168,0,0,798768,369800,momo,unpaid,0,,2,2,0,0,cancelled,1136.99,1,0,1
SYN-20250811-000351,2025-08-11T12:49:52.000Z,2025-08-11,1,19,8,69b66f179390b3e4eaa4712b,regular,83,34910035,420603,-217,1,2,329800,26384,30000,50000,336184,329800,cash,unpaid,1,EATOMO50K,0,2,0,0,preparing,5183.95,0,1,1
SYN-20250423-000352,2025-04-23T06:47:17.000Z,2025-04-23,3,13,4,69b66f179390b3e4eaa4712b,regular,83,34910035,420603,-327,2,3,509700,40776,0,25000,525476,254850,cash,unpaid,1,FREESHIP,2,1,0,0,confirmed,7829.99,0,1,1
SYN-20260111-000353,2026-01-11T03:43:27.000Z,2026-01-11,0,10,1,69b66f179390b3e4eaa47128,regular,66,34270303,519247,-64,2,4,659600,52768,0,25000,687368,329800,momo,paid,1,FREESHIP,2,2,0,0,completed,1521.05,0,0,0
SYN-20251114-000354,2025-11-14T04:47:14.000Z,2025-11-14,5,11,11,69b66f179390b3e4eaa47128,regular,66,34270303,519247,-122,2,3,539700,43176,0,0,582876,269850,cash,paid,0,,2,1,0,0,delivering,2911.99,0,1,0
SYN-20260222-000355,2026-02-22T10:03:02.000Z,2026-02-22,0,17,2,69b66f179390b3e4eaa47122,regular,84,40357330,480444,-22,2,2,374800,29984,30000,0,434784,187400,card,paid,0,,0,2,0,0,completed,506.73,0,0,0
SYN-20251014-000356,2025-10-14T12:22:19.000Z,2025-10-14,2,19,10,69b66f179390b3e4eaa47128,regular,66,34270303,519247,-152,1,1,149900,11992,30000,0,191892,149900,card,paid,0,,0,0,0,1,delivering,3648.41,0,1,0
SYN-20260219-000357,2026-02-19T05:51:35.000Z,2026-02-19,4,12,2,69b66f189390b3e4eaa47131,regular,82,38006436,463493,-25,1,2,379800,30384,30000,0,440184,379800,cash,paid,0,,0,2,0,0,completed,582.92,0,0,0
SYN-20250804-000358,2025-08-04T11:43:53.000Z,2025-08-04,1,18,8,69b66f179390b3e4eaa47122,regular,84,40357330,480444,-223,2,4,679600,54368,0,0,733968,339800,bank_transfer,paid,0,,3,1,0,0,completed,5353.05,0,0,0
SYN-20250822-000359,2025-08-22T12:29:38.000Z,2025-08-22,5,19,8,69b66f179390b3e4eaa4711f,regular,96,51556197,537044,-206,2,3,479700,38376,30000,0,548076,239850,card,unpaid,0,,2,1,0,0,confirmed,4920.28,0,1,1
SYN-20250710-000360,2025-07-10T04:46:42.000Z,2025-07-10,4,11,7,69b66f179390b3e4eaa47122,regular,84,40357330,480444,-249,1,1,239900,19192,30000,59975,229117,239900,momo,refunded,1,VEGGIE25,0,0,1,0,cancelled,5960,1,0,0
SYN-20260313-000361,2026-03-13T09:11:53.000Z,2026-03-13,5,16,3,69b66f189390b3e4eaa4712e,regular,66,32415979,491151,-3,2,4,859600,68768,0,0,928368,429800,card,unpaid,0,,0,1,3,0,confirmed,51.58,0,1,1
SYN-20251002-000362,2025-10-02T04:21:26.000Z,2025-10-02,4,11,10,69b66f179390b3e4eaa4711f,regular,96,51556197,537044,-165,1,2,379800,30384,30000,75960,364224,379800,momo,unpaid,1,HEALTHY20,0,2,0,0,completed,3944.42,0,0,1
SYN-20250527-000363,2025-05-27T12:39:58.000Z,2025-05-27,2,19,5,69b66f179390b3e4eaa47116,regular,82,38788483,473030,-292,1,3,449700,35976,30000,89940,425736,449700,momo,unpaid,1,HEALTHY20,0,0,0,3,pending,7008.11,0,1,1
SYN-20250601-000364,2025-06-01T08:12:48.000Z,2025-06-01,0,15,6,69b66f179390b3e4eaa4710a,vip,300,150762893,502543,-288,2,2,409800,32784,30000,0,472584,204900,card,paid,0,,1,0,1,0,completed,6892.56,0,0,0
SYN-20260309-000365,2026-03-09T09:57:38.000Z,2026-03-09,1,16,3,69b66f189390b3e4eaa47134,regular,69,34548879,500708,-7,2,2,359800,28784,30000,0,418584,179900,card,paid,0,,0,1,0,1,completed,146.82,0,0,0
SYN-20260216-000366,2026-02-16T02:18:22.000Z,2026-02-16,1,9,2,69b66f179390b3e4eaa47128,regular,66,34270303,519247,-28,2,4,634600,50768,0,25000,660368,317300,momo,unpaid,1,FREESHIP,3,1,0,0,completed,658.47,0,0,1
SYN-20251114-000367,2025-11-14T12:28:13.000Z,2025-11-14,5,19,11,69b66f179390b3e4eaa4710d,regular,128,62788236,490533,-121,2,2,359800,28784,30000,75000,343584,179900,cash,paid,1,VEGGIE25,1,1,0,0,completed,2904.31,0,0,0
SYN-20260218-000368,2026-02-18T06:59:51.000Z,2026-02-18,3,13,2,69b66f179390b3e4eaa47122,regular,84,40357330,480444,-26,1,2,329800,26384,30000,0,386184,329800,card,unpaid,0,,0,2,0,0,pending,605.78,0,1,1
SYN-20250722-000369,2025-07-22T06:29:11.000Z,2025-07-22,2,13,7,69b66f179390b3e4eaa4711f,regular,96,51556197,537044,-237,1,2,359800,28784,30000,0,418584,359800,momo,unpaid,0,,0,2,0,0,preparing,5670.29,0,1,1
SYN-20251112-000370,2025-11-12T07:20:13.000Z,2025-11-12,3,14,11,69b66f179390b3e4eaa4710a,vip,300,150762893,502543,-124,2,2,439800,35184,30000,80000,424984,219900,momo,paid,1,FLASH25,1,0,1,0,completed,2957.44,0,0,0
SYN-20251104-000371,2025-11-04T07:47:05.000Z,2025-11-04,2,14,11,69b66f179390b3e4eaa47128,regular,66,34270303,519247,-132,1,2,359800,28784,30000,0,418584,359800,card,unpaid,0,,0,2,0,0,cancelled,3148.99,1,0,1
SYN-20250420-000372,2025-04-20T04:22:12.000Z,2025-04-20,0,11,4,69b66f179390b3e4eaa47116,regular,82,38788483,473030,-330,2,2,354800,28384,30000,0,413184,177400,cash,unpaid,0,,0,2,0,0,confirmed,7904.41,0,1,1
SYN-20250705-000373,2025-07-05T03:43:10.000Z,2025-07-05,6,10,7,69b66f179390b3e4eaa47116,regular,82,38788483,473030,-254,2,4,879600,70368,0,0,949968,439800,bank_transfer,paid,0,,0,2,2,0,completed,6081.06,0,0,0
SYN-20260315-000374,2026-03-15T05:24:41.000Z,2026-03-15,0,12,3,69b66f179390b3e4eaa4710a,vip,300,150762893,502543,-1,2,3,509700,40776,0,75000,475476,254850,momo,paid,1,VEGGIE25,1,2,0,0,completed,7.37,0,0,0
SYN-20260301-000375,2026-03-01T03:10:06.000Z,2026-03-01,0,10,3,69b66f179390b3e4eaa47122,regular,84,40357330,480444,-15,2,3,769700,61576,0,50000,781276,384850,momo,unpaid,1,WELCOME10,0,0,3,0,delivering,345.61,0,1,1
SYN-20251113-000376,2025-11-13T12:50:35.000Z,2025-11-13,4,19,11,69b66f179390b3e4eaa4710a,vip,300,150762893,502543,-123,1,2,399800,31984,30000,0,461784,399800,card,paid,0,,0,2,0,0,completed,2927.93,0,0,0
SYN-20250602-000377,2025-06-02T04:31:49.000Z,2025-06-02,1,11,6,69b66f179390b3e4eaa4711f,regular,96,51556197,537044,-287,1,1,129900,10392,30000,0,170292,129900,momo,paid,0,,0,0,0,1,completed,6872.25,0,0,0
SYN-20260131-000378,2026-01-31T10:41:39.000Z,2026-01-31,6,17,1,69b66f179390b3e4eaa47122,regular,84,40357330,480444,-44,1,1,189900,15192,30000,28485,206607,189900,cash,unpaid,1,SUMMER15,0,1,0,0,pending,1034.08,0,1,1
SYN-20250913-000379,2025-09-13T08:59:04.000Z,2025-09-13,6,15,9,69b66f179390b3e4eaa4711f,regular,96,51556197,537044,-184,1,2,479800,38384,30000,0,548184,479800,cash,paid,0,,0,0,2,0,completed,4395.79,0,0,0
SYN-20260309-000380,2026-03-09T05:17:41.000Z,2026-03-09,1,12,3,69b66f179390b3e4eaa4710a,vip,300,150762893,502543,-7,1,1,239900,19192,30000,0,289092,239900,momo,unpaid,0,,0,0,1,0,preparing,151.48,0,1,1
SYN-20260104-000381,2026-01-04T08:44:34.000Z,2026-01-04,0,15,1,69b66f179390b3e4eaa47116,regular,82,38788483,473030,-71,2,3,629700,50376,0,0,680076,314850,card,unpaid,0,,1,0,2,0,completed,1684.03,0,0,1
SYN-20250413-000382,2025-04-13T04:43:16.000Z,2025-04-13,0,11,4,69b66f189390b3e4eaa47131,regular,82,38006436,463493,-337,1,1,189900,15192,30000,0,235092,189900,card,paid,0,,0,1,0,0,completed,8072.06,0,0,0
SYN-20260315-000383,2026-03-15T07:30:17.000Z,2026-03-15,0,14,3,69b66f179390b3e4eaa4711f,regular,96,51556197,537044,-1,2,3,459700,36776,30000,50000,476476,229850,card,paid,1,EATOMO50K,2,0,0,1,delivering,5.27,0,1,0
SYN-20250803-000384,2025-08-03T09:49:41.000Z,2025-08-03,0,16,8,69b66f179390b3e4eaa47116,regular,82,38788483,473030,-224,2,3,649700,51976,0,0,701676,324850,cash,unpaid,0,,0,1,2,0,preparing,5378.95,0,1,1
SYN-20250805-000385,2025-08-05T06:32:48.000Z,2025-08-05,2,13,8,69b66f179390b3e4eaa4710a,vip,300,150762893,502543,-223,2,3,529700,42376,0,25000,547076,264850,card,paid,1,FREESHIP,2,1,0,0,delivering,5334.23,0,1,0
SYN-20250508-000386,2025-05-08T05:35:13.000Z,2025-05-08,4,12,5,69b66f179390b3e4eaa47125,regular,78,39418164,505361,-312,2,4,879600,70368,0,0,949968,439800,card,unpaid,0,,0,2,2,0,preparing,7471.19,0,1,1
SYN-20250909-000387,2025-09-09T02:52:30.000Z,2025-09-09,2,9,9,69b66f179390b3e4eaa4710a,vip,300,150762893,502543,-188,2,3,529700,42376,0,50000,522076,264850,card,unpaid,1,WELCOME10,2,0,1,0,confirmed,4497.9,0,1,1
SYN-20250410-000388,2025-04-10T01:46:28.000Z,2025-04-10,4,8,4,69b66f179390b3e4eaa4710a,vip,300,150762893,502543,-340,2,4,819600,65568,0,60000,825168,409800,momo,paid,1,PROTEIN10,0,4,0,0,completed,8147,0,0,0
SYN-20250327-000389,2025-03-27T08:07:31.000Z,2025-03-27,4,15,3,69b66f179390b3e4eaa4711f,regular,96,51556197,537044,-354,2,2,469800,37584,30000,0,537384,234900,momo,unpaid,0,,0,0,2,0,confirmed,8476.65,0,1,1
SYN-20250505-000390,2025-05-05T04:46:49.000Z,2025-05-05,1,11,5,69b66f179390b3e4eaa4710a,vip,300,150762893,502543,-315,2,4,839600,67168,0,50000,856768,419800,card,unpaid,1,EATOMO50K,0,2,2,0,delivering,7544,0,1,1
SYN-20250911-000391,2025-09-11T03:35:39.000Z,2025-09-11,4,10,9,69b66f189390b3e4eaa4712e,regular,66,32415979,491151,-186,2,3,469700,37576,30000,0,537276,234850,momo,unpaid,0,,2,0,0,1,completed,4449.18,0,0,1
SYN-20250618-000392,2025-06-18T10:42:32.000Z,2025-06-18,3,17,6,69b66f179390b3e4eaa4710d,regular,128,62788236,490533,-270,2,2,309800,24784,30000,0,364584,154900,momo,unpaid,0,,1,0,0,1,confirmed,6482.07,0,1,1
SYN-20251012-000393,2025-10-12T07:44:53.000Z,2025-10-12,0,14,10,69b66f179390b3e4eaa4710a,vip,300,150762893,502543,-155,1,1,259900,20792,30000,51980,258712,259900,cash,unpaid,1,HEALTHY20,0,0,1,0,cancelled,3701.03,1,0,1
SYN-20260313-000394,2026-03-13T07:33:45.000Z,2026-03-13,5,14,3,69b66f179390b3e4eaa47122,regular,84,40357330,480444,-3,2,2,309800,24784,30000,77450,287134,154900,cash,unpaid,1,FLASH25,2,0,0,0,pending,53.22,0,1,1
SYN-20251125-000395,2025-11-25T13:55:04.000Z,2025-11-25,2,20,11,69b66f179390b3e4eaa47119,regular,49,23556582,480747,-111,2,2,369800,29584,30000,73960,355424,184900,cash,paid,1,HEALTHY20,1,1,0,0,delivering,2638.86,0,1,0
SYN-20260315-000396,2026-03-15T08:09:01.000Z,2026-03-15,0,15,3,69b66f179390b3e4eaa4710a,vip,300,150762893,502543,-1,1,1,139900,11192,30000,0,181092,139900,momo,unpaid,0,,0,0,0,1,preparing,4.63,0,1,1
SYN-20251030-000397,2025-10-30T03:09:33.000Z,2025-10-30,4,10,10,69b66f179390b3e4eaa47110,regular,80,39676181,495952,-137,2,3,489700,39176,30000,0,558876,244850,card,unpaid,0,,0,1,0,2,pending,3273.62,0,1,1
SYN-20250603-000398,2025-06-03T13:12:52.000Z,2025-06-03,2,20,6,69b66f179390b3e4eaa4712b,regular,83,34910035,420603,-286,2,4,829600,66368,0,100000,795968,414800,cash,paid,1,HEALTHY20,0,3,1,0,delivering,6839.56,0,1,0
SYN-20251009-000399,2025-10-09T09:21:35.000Z,2025-10-09,4,16,10,69b66f179390b3e4eaa47125,regular,78,39418164,505361,-158,2,4,689600,55168,0,0,744768,344800,momo,paid,0,,2,2,0,0,completed,3771.42,0,0,0
SYN-20250912-000400,2025-09-12T13:09:49.000Z,2025-09-12,5,20,9,69b66f179390b3e4eaa4710d,regular,128,62788236,490533,-184,2,3,789700,63176,0,0,852876,394850,cash,paid,0,,0,0,3,0,delivering,4415.61,0,1,0
SYN-20260204-000401,2026-02-04T04:48:34.000Z,2026-02-04,3,11,2,69b66f179390b3e4eaa47122,regular,84,40357330,480444,-40,1,1,169900,13592,30000,0,213492,169900,cash,unpaid,0,,1,0,0,0,preparing,943.97,0,1,1
SYN-20260113-000402,2026-01-13T05:33:57.000Z,2026-01-13,2,12,1,69b66f189390b3e4eaa47134,regular,69,34548879,500708,-62,1,1,154900,12392,30000,0,197292,154900,cash,paid,0,,1,0,0,0,completed,1471.21,0,0,0
SYN-20260218-000403,2026-02-18T05:36:24.000Z,2026-02-18,3,12,2,69b66f179390b3e4eaa47110,regular,80,39676181,495952,-26,2,2,449800,35984,30000,25000,490784,224900,card,paid,1,FREESHIP,0,1,1,0,completed,607.17,0,0,0
SYN-20250825-000404,2025-08-25T07:09:30.000Z,2025-08-25,1,14,8,69b66f179390b3e4eaa4710a,vip,300,150762893,502543,-203,2,2,324800,25984,30000,80000,300784,162400,card,paid,1,FLASH25,2,0,0,0,delivering,4853.62,0,1,0
SYN-20250828-000405,2025-08-28T07:36:35.000Z,2025-08-28,4,14,8,69b66f189390b3e4eaa47134,regular,69,34548879,500708,-200,2,3,639700,51176,0,25000,665876,319850,cash,paid,1,FREESHIP,0,2,1,0,completed,4781.17,0,0,0
SYN-20260228-000406,2026-02-28T02:48:15.000Z,2026-02-28,6,9,2,69b66f179390b3e4eaa4710a,vip,300,150762893,502543,-16,2,3,529700,42376,0,100000,472076,264850,momo,paid,1,VIP100K,2,1,0,0,completed,369.97,0,0,0
SYN-20260113-000407,2026-01-13T14:18:27.000Z,2026-01-13,2,21,1,69b66f179390b3e4eaa47110,regular,80,39676181,495952,-61,1,1,199900,15992,30000,25000,220892,199900,card,unpaid,1,FREESHIP,0,1,0,0,completed,1462.47,0,0,1
SYN-20250609-000408,2025-06-09T03:56:03.000Z,2025-06-09,1,10,6,69b66f189390b3e4eaa47134,regular,69,34548879,500708,-280,1,1,199900,15992,30000,0,245892,199900,cash,unpaid,0,,0,1,0,0,preparing,6704.84,0,1,1
SYN-20260309-000409,2026-03-09T13:59:42.000Z,2026-03-09,1,20,3,69b66f179390b3e4eaa4710d,regular,128,62788236,490533,-6,2,2,419800,33584,30000,80000,403384,209900,momo,unpaid,1,FLASH25,1,0,1,0,preparing,142.78,0,1,1
SYN-20260309-000410,2026-03-09T03:59:08.000Z,2026-03-09,1,10,3,69b66f189390b3e4eaa47131,regular,82,38006436,463493,-7,2,2,459800,36784,30000,0,526584,229900,momo,paid,0,,0,1,1,0,completed,152.79,0,0,0
SYN-20251110-000411,2025-11-10T10:27:45.000Z,2025-11-10,1,17,11,69b66f179390b3e4eaa47116,regular,82,38788483,473030,-125,1,2,349800,27984,30000,0,407784,349800,card,paid,0,,0,2,0,0,completed,3002.32,0,0,0
SYN-20250911-000412,2025-09-11T12:52:54.000Z,2025-09-11,4,19,9,69b66f179390b3e4eaa4712b,regular,83,34910035,420603,-186,1,1,249900,19992,30000,0,299892,249900,cash,unpaid,0,,0,0,1,0,completed,4439.9,0,0,1
SYN-20260205-000413,2026-02-05T07:06:46.000Z,2026-02-05,4,14,2,69b66f179390b3e4eaa4712b,regular,83,34910035,420603,-39,1,2,479800,38384,30000,0,548184,479800,card,paid,0,,0,0,2,0,completed,917.66,0,0,0
SYN-20260315-000414,2026-03-15T03:24:19.000Z,2026-03-15,0,10,3,69b66f179390b3e4eaa4712b,regular,83,34910035,420603,-1,1,1,209900,16792,30000,0,256692,209900,cash,unpaid,0,,0,1,0,0,confirmed,9.37,0,1,1
SYN-20260211-000415,2026-02-11T12:59:50.000Z,2026-02-11,3,19,2,69b66f179390b3e4eaa4711f,regular,96,51556197,537044,-33,1,2,419800,33584,30000,0,483384,419800,cash,unpaid,0,,0,2,0,0,preparing,767.78,0,1,1
SYN-20260314-000416,2026-03-14T07:43:06.000Z,2026-03-14,6,14,3,69b66f179390b3e4eaa47110,regular,80,39676181,495952,-2,1,1,199900,15992,30000,0,245892,199900,bank_transfer,unpaid,0,,0,1,0,0,preparing,29.06,0,1,1
SYN-20260216-000417,2026-02-16T13:24:27.000Z,2026-02-16,1,20,2,69b66f179390b3e4eaa4710d,regular,128,62788236,490533,-27,1,1,199900,15992,30000,0,245892,199900,bank_transfer,unpaid,0,,0,1,0,0,preparing,647.37,0,1,1
SYN-20260221-000418,2026-02-21T05:17:20.000Z,2026-02-21,6,12,2,69b66f179390b3e4eaa47128,regular,66,34270303,519247,-23,2,4,874600,69968,0,0,944568,437300,cash,paid,0,,1,0,3,0,completed,535.49,0,0,0
SYN-20260213-000419,2026-02-13T04:04:12.000Z,2026-02-13,5,11,2,69b66f179390b3e4eaa4710d,regular,128,62788236,490533,-31,2,4,1059600,84768,0,0,1144368,529800,momo,unpaid,0,,0,0,4,0,pending,728.71,0,1,1
SYN-20250819-000420,2025-08-19T13:26:55.000Z,2025-08-19,2,20,8,69b66f179390b3e4eaa47110,regular,80,39676181,495952,-208,2,3,659700,52776,0,0,712476,329850,momo,paid,0,,0,0,2,1,completed,4991.33,0,0,0
SYN-20251206-000421,2025-12-06T03:34:19.000Z,2025-12-06,6,10,12,69b66f179390b3e4eaa4711c,regular,50,24230795,484616,-100,1,1,269900,21592,30000,67475,254017,269900,momo,paid,1,VEGGIE25,0,0,1,0,delivering,2385.21,0,1,0
SYN-20250818-000422,2025-08-18T10:40:38.000Z,2025-08-18,1,17,8,69b66f179390b3e4eaa4710a,vip,300,150762893,502543,-210,2,4,749600,59968,0,80000,729568,374800,momo,unpaid,1,FLASH25,0,3,0,1,preparing,5018.1,0,1,1
SYN-20260106-000423,2026-01-06T13:43:42.000Z,2026-01-06,2,20,1,69b66f179390b3e4eaa4712b,regular,83,34910035,420603,-68,2,3,474700,37976,30000,0,542676,237350,bank_transfer,paid,0,,3,0,0,0,completed,1631.05,0,0,0
SYN-20251024-000424,2025-10-24T03:52:40.000Z,2025-10-24,5,10,10,69b66f179390b3e4eaa4710a,vip,300,150762893,502543,-143,2,3,509700,40776,0,100000,450476,254850,cash,paid,1,VIP100K,0,3,0,0,delivering,3416.9,0,1,0
SYN-20250818-000425,2025-08-18T12:41:09.000Z,2025-08-18,1,19,8,69b66f189390b3e4eaa4712e,regular,66,32415979,491151,-210,1,2,379800,30384,30000,75960,364224,379800,momo,unpaid,1,HEALTHY20,0,2,0,0,preparing,5016.09,0,1,1
SYN-20260310-000426,2026-03-10T06:32:04.000Z,2026-03-10,2,13,3,69b66f179390b3e4eaa4710a,vip,300,150762893,502543,-6,1,1,139900,11192,30000,25000,156092,139900,momo,paid,1,FREESHIP,0,0,0,1,completed,126.24,0,0,0
SYN-20251206-000427,2025-12-06T13:07:01.000Z,2025-12-06,6,20,12,69b66f179390b3e4eaa4712b,regular,83,34910035,420603,-100,2,3,479700,38376,30000,47970,500106,239850,cash,paid,1,PROTEIN10,3,0,0,0,completed,2375.66,0,0,0
SYN-20250502-000428,2025-05-02T06:32:17.000Z,2025-05-02,5,13,5,69b66f179390b3e4eaa47119,regular,49,23556582,480747,-318,1,2,289800,23184,30000,0,342984,289800,card,paid,0,,2,0,0,0,delivering,7614.24,0,1,0
SYN-20260217-000429,2026-02-17T04:48:38.000Z,2026-02-17,2,11,2,69b66f179390b3e4eaa47116,regular,82,38788483,473030,-27,1,1,239900,19192,30000,0,289092,239900,card,paid,0,,0,0,1,0,delivering,631.97,0,1,0
SYN-20250803-000430,2025-08-03T10:01:00.000Z,2025-08-03,0,17,8,69b66f179390b3e4eaa4710a,vip,300,150762893,502543,-225,1,2,379800,30384,30000,37980,402204,379800,momo,unpaid,1,PROTEIN10,0,2,0,0,confirmed,5378.76,0,1,1
SYN-20250401-000431,2025-04-01T05:48:07.000Z,2025-04-01,2,12,4,69b66f179390b3e4eaa47110,regular,80,39676181,495952,-349,2,4,779600,62368,0,0,841968,389800,momo,paid,0,,0,0,2,2,completed,8358.98,0,0,0
SYN-20260224-000432,2026-02-24T07:36:05.000Z,2026-02-24,2,14,2,69b66f179390b3e4eaa4710a,vip,300,150762893,502543,-20,2,4,829600,66368,0,50000,845968,414800,card,unpaid,1,EATOMO50K,0,4,0,0,completed,461.18,0,0,1
SYN-20251025-000433,2025-10-25T14:16:55.000Z,2025-10-25,6,21,10,69b66f179390b3e4eaa47110,regular,80,39676181,495952,-141,1,2,359800,28784,30000,0,418584,359800,cash,paid,0,,0,2,0,0,completed,3382.5,0,0,0
SYN-20251018-000434,2025-10-18T05:12:14.000Z,2025-10-18,6,12,10,69b66f179390b3e4eaa4710a,vip,300,150762893,502543,-149,2,2,419800,33584,30000,80000,403384,209900,card,paid,1,FLASH25,0,2,0,0,completed,3559.57,0,0,0
SYN-20251031-000435,2025-10-31T09:49:20.000Z,2025-10-31,5,16,10,69b66f179390b3e4eaa4710d,regular,128,62788236,490533,-135,1,3,419700,33576,30000,83940,399336,419700,card,paid,1,HEALTHY20,0,0,0,3,completed,3242.96,0,0,0
SYN-20250402-000436,2025-04-02T06:53:29.000Z,2025-04-02,3,13,4,69b66f179390b3e4eaa47116,regular,82,38788483,473030,-348,2,4,749600,59968,0,0,809568,374800,card,unpaid,0,,2,0,2,0,confirmed,8333.89,0,1,1
SYN-20251019-000437,2025-10-19T01:11:46.000Z,2025-10-19,0,8,10,69b66f179390b3e4eaa4711c,regular,50,24230795,484616,-148,2,2,439800,35184,30000,43980,461004,219900,momo,paid,1,WELCOME10,0,1,1,0,completed,3539.58,0,0,0
SYN-20260307-000438,2026-03-07T03:31:46.000Z,2026-03-07,6,10,3,69b66f179390b3e4eaa4711c,regular,50,24230795,484616,-9,1,1,199900,15992,30000,0,245892,199900,momo,unpaid,0,,0,1,0,0,cancelled,201.25,1,0,1
SYN-20260315-000439,2026-03-15T13:15:03.000Z,2026-03-15,0,20,3,69b66f179390b3e4eaa4711f,regular,96,51556197,537044,-1,2,2,299800,23984,30000,0,353784,149900,card,unpaid,0,,0,0,0,2,preparing,0,0,0,1
SYN-20250705-000440,2025-07-05T10:57:41.000Z,2025-07-05,6,17,7,69b66f189390b3e4eaa47131,regular,82,38006436,463493,-254,2,2,419800,33584,30000,0,483384,209900,momo,unpaid,0,,1,0,1,0,confirmed,6073.82,0,1,1
SYN-20260224-000441,2026-02-24T11:20:02.000Z,2026-02-24,2,18,2,69b66f179390b3e4eaa4710d,regular,128,62788236,490533,-19,2,2,459800,36784,30000,80000,446584,229900,bank_transfer,paid,1,FLASH25,0,1,1,0,delivering,457.44,0,1,0
SYN-20251220-000442,2025-12-20T04:39:43.000Z,2025-12-20,6,11,12,69b66f179390b3e4eaa47119,regular,49,23556582,480747,-86,2,5,879500,70360,0,100000,849860,439750,momo,unpaid,1,HEALTHY20,0,3,0,2,completed,2048.12,0,0,1
SYN-20251127-000443,2025-11-27T06:06:54.000Z,2025-11-27,4,13,11,69b66f179390b3e4eaa47116,regular,82,38788483,473030,-109,2,3,649700,51976,0,0,701676,324850,cash,unpaid,0,,0,2,1,0,completed,2598.66,0,0,1
SYN-20260128-000444,2026-01-28T10:03:27.000Z,2026-01-28,3,17,1,69b66f179390b3e4eaa4710a,vip,300,150762893,502543,-47,1,1,154900,12392,30000,0,197292,154900,momo,unpaid,0,,1,0,0,0,pending,1106.72,0,1,1
SYN-20260310-000445,2026-03-10T05:52:43.000Z,2026-03-10,2,12,3,69b66f179390b3e4eaa4711c,regular,50,24230795,484616,-6,1,2,379800,30384,30000,0,440184,379800,card,unpaid,0,,0,2,0,0,preparing,126.9,0,1,1
SYN-20250901-000446,2025-09-01T08:28:28.000Z,2025-09-01,1,15,9,69b66f179390b3e4eaa47128,regular,66,34270303,519247,-196,2,2,429800,34384,30000,75000,419184,214900,momo,unpaid,1,VEGGIE25,0,1,1,0,preparing,4684.3,0,1,1
SYN-20251212-000447,2025-12-12T07:36:56.000Z,2025-12-12,5,14,12,69b66f189390b3e4eaa4712e,regular,66,32415979,491151,-94,2,2,439800,35184,30000,0,504984,219900,bank_transfer,unpaid,0,,0,1,1,0,delivering,2237.16,0,1,1
SYN-20260111-000448,2026-01-11T07:39:59.000Z,2026-01-11,0,14,1,69b66f179390b3e4eaa4712b,regular,83,34910035,420603,-64,2,3,609700,48776,0,0,658476,304850,cash,unpaid,0,,0,3,0,0,pending,1517.11,0,1,1
SYN-20250918-000449,2025-09-18T09:13:21.000Z,2025-09-18,4,16,9,69b66f179390b3e4eaa47116,regular,82,38788483,473030,-178,2,2,334800,26784,30000,0,391584,167400,momo,unpaid,0,,1,1,0,0,confirmed,4275.56,0,1,1
SYN-20260206-000450,2026-02-06T04:11:00.000Z,2026-02-06,5,11,2,69b66f179390b3e4eaa4711f,regular,96,51556197,537044,-38,1,1,179900,14392,30000,0,224292,179900,momo,paid,0,,0,1,0,0,completed,896.59,0,0,0
SYN-20251203-000451,2025-12-03T07:58:02.000Z,2025-12-03,3,14,12,69b66f189390b3e4eaa47134,regular,69,34548879,500708,-103,2,4,939600,75168,0,25000,989768,469800,cash,paid,1,FREESHIP,0,2,2,0,completed,2452.81,0,0,0
SYN-20251031-000452,2025-10-31T12:16:31.000Z,2025-10-31,5,19,10,69b66f179390b3e4eaa4710a,vip,300,150762893,502543,-136,2,3,529700,42376,0,25000,547076,264850,momo,unpaid,1,FREESHIP,0,2,0,1,pending,3240.5,0,1,1
SYN-20250429-000453,2025-04-29T08:22:56.000Z,2025-04-29,2,15,4,69b66f179390b3e4eaa4710d,regular,128,62788236,490533,-321,2,2,314800,25184,30000,0,369984,157400,card,unpaid,0,,0,1,0,1,delivering,7684.4,0,1,1
SYN-20260310-000454,2026-03-10T09:22:02.000Z,2026-03-10,2,16,3,69b66f179390b3e4eaa4712b,regular,83,34910035,420603,-6,2,3,479700,38376,30000,0,548076,239850,momo,paid,0,,2,0,0,1,delivering,123.41,0,1,0
SYN-20251120-000455,2025-11-20T09:49:52.000Z,2025-11-20,4,16,11,69b66f179390b3e4eaa47119,regular,49,23556582,480747,-116,2,4,599600,47968,0,0,647568,299800,momo,paid,0,,0,0,0,4,completed,2762.95,0,0,0
SYN-20251029-000456,2025-10-29T10:34:25.000Z,2025-10-29,3,17,10,69b66f179390b3e4eaa4711f,regular,96,51556197,537044,-138,1,1,259900,20792,30000,51980,258712,259900,momo,paid,1,HEALTHY20,0,0,1,0,delivering,3290.2,0,1,0
SYN-20260118-000457,2026-01-18T14:13:50.000Z,2026-01-18,0,21,1,69b66f179390b3e4eaa4711f,regular,96,51556197,537044,-57,2,3,659700,52776,0,25000,687476,329850,cash,unpaid,1,FREESHIP,0,0,2,1,preparing,1342.55,0,1,1
SYN-20250712-000458,2025-07-12T08:13:04.000Z,2025-07-12,6,15,7,69b66f179390b3e4eaa4710a,vip,300,150762893,502543,-247,1,1,269900,21592,30000,0,321492,269900,momo,paid,0,,0,0,1,0,completed,5908.56,0,0,0
SYN-20250525-000459,2025-05-25T03:15:47.000Z,2025-05-25,0,10,5,69b66f179390b3e4eaa47113,regular,89,41138137,462226,-295,1,1,199900,15992,30000,0,245892,199900,bank_transfer,paid,0,,0,1,0,0,delivering,7065.51,0,1,0
SYN-20250831-000460,2025-08-31T01:56:28.000Z,2025-08-31,0,8,8,69b66f179390b3e4eaa47110,regular,80,39676181,495952,-197,1,2,419800,33584,30000,50000,433384,419800,cash,unpaid,1,EATOMO50K,0,2,0,0,confirmed,4714.84,0,1,1
SYN-20260207-000461,2026-02-07T14:45:28.000Z,2026-02-07,6,21,2,69b66f179390b3e4eaa47125,regular,78,39418164,505361,-36,2,3,439700,35176,30000,0,504876,219850,card,paid,0,,2,0,0,1,completed,862.02,0,0,0
SYN-20250705-000462,2025-07-05T07:40:51.000Z,2025-07-05,6,14,7,69b66f179390b3e4eaa4712b,regular,83,34910035,420603,-254,2,3,609700,48776,0,60000,598476,304850,momo,paid,1,PROTEIN10,2,0,1,0,completed,6077.1,0,0,0
SYN-20251004-000463,2025-10-04T13:42:43.000Z,2025-10-04,6,20,10,69b66f179390b3e4eaa4712b,regular,83,34910035,420603,-162,1,2,309800,24784,30000,92940,271644,309800,card,paid,1,FIRSTORDER30,2,0,0,0,completed,3887.07,0,0,0
SYN-20250603-000464,2025-06-03T05:20:48.000Z,2025-06-03,2,12,6,69b66f179390b3e4eaa4711c,regular,50,24230795,484616,-286,1,2,399800,31984,30000,0,461784,399800,cash,unpaid,0,,0,2,0,0,confirmed,6847.43,0,1,1
SYN-20260217-000465,2026-02-17T09:52:48.000Z,2026-02-17,2,16,2,69b66f179390b3e4eaa4712b,regular,83,34910035,420603,-27,1,1,164900,13192,30000,41225,166867,164900,momo,paid,1,VEGGIE25,0,1,0,0,completed,626.9,0,0,0
SYN-20251204-000466,2025-12-04T14:39:00.000Z,2025-12-04,4,21,12,69b66f189390b3e4eaa4712e,regular,66,32415979,491151,-101,2,4,689600,55168,0,80000,664768,344800,card,paid,1,FLASH25,1,3,0,0,completed,2422.13,0,0,0
SYN-20250609-000467,2025-06-09T02:41:42.000Z,2025-06-09,1,9,6,69b66f189390b3e4eaa47131,regular,82,38006436,463493,-280,1,1,139900,11192,30000,0,181092,139900,card,paid,0,,0,0,0,1,completed,6706.08,0,0,0
SYN-20260310-000468,2026-03-10T04:56:41.000Z,2026-03-10,2,11,3,69b66f179390b3e4eaa47113,regular,89,41138137,462226,-6,1,1,139900,11192,30000,0,181092,139900,card,unpaid,0,,0,0,0,1,preparing,127.83,0,1,1
SYN-20250529-000469,2025-05-29T04:59:48.000Z,2025-05-29,4,11,5,69b66f179390b3e4eaa47116,regular,82,38788483,473030,-291,1,1,259900,20792,30000,25000,285692,259900,cash,paid,1,FREESHIP,0,0,1,0,delivering,6967.78,0,1,0
SYN-20260306-000470,2026-03-06T09:47:10.000Z,2026-03-06,5,16,3,69b66f189390b3e4eaa47131,regular,82,38006436,463493,-10,2,3,559700,44776,0,0,604476,279850,cash,paid,0,,0,3,0,0,completed,218.99,0,0,0
SYN-20260127-000471,2026-01-27T02:30:57.000Z,2026-01-27,2,9,1,69b66f179390b3e4eaa47122,regular,84,40357330,480444,-48,1,2,519800,41584,0,75000,486384,519800,bank_transfer,unpaid,1,VEGGIE25,0,0,2,0,confirmed,1138.26,0,1,1
SYN-20260315-000472,2026-03-15T08:30:15.000Z,2026-03-15,0,15,3,69b66f189390b3e4eaa4712e,regular,66,32415979,491151,-1,2,4,969600,77568,0,0,1047168,484800,cash,unpaid,0,,0,1,3,0,preparing,4.27,0,1,1
SYN-20251223-000473,2025-12-23T05:30:37.000Z,2025-12-23,2,12,12,69b66f189390b3e4eaa47131,regular,82,38006436,463493,-83,1,1,219900,17592,30000,0,267492,219900,momo,paid,0,,0,0,1,0,completed,1975.27,0,0,0
SYN-20250624-000474,2025-06-24T14:14:59.000Z,2025-06-24,2,21,6,69b66f179390b3e4eaa47125,regular,78,39418164,505361,-264,2,2,439800,35184,30000,25000,479984,219900,cash,paid,1,FREESHIP,0,1,1,0,completed,6334.53,0,0,0
SYN-20260128-000475,2026-01-28T10:24:29.000Z,2026-01-28,3,17,1,69b66f179390b3e4eaa4710d,regular,128,62788236,490533,-46,1,1,149900,11992,30000,0,191892,149900,cash,paid,0,,0,0,0,1,delivering,1106.37,0,1,0
SYN-20251224-000476,2025-12-24T09:15:32.000Z,2025-12-24,3,16,12,69b66f179390b3e4eaa47116,regular,82,38788483,473030,-81,2,3,489700,39176,30000,0,558876,244850,cash,unpaid,0,,2,1,0,0,cancelled,1947.52,1,0,1
SYN-20251225-000477,2025-12-25T11:58:10.000Z,2025-12-25,4,18,12,69b66f179390b3e4eaa4710d,regular,128,62788236,490533,-80,1,2,279800,22384,30000,55960,276224,279800,cash,paid,1,HEALTHY20,0,0,0,2,delivering,1920.81,0,1,0
SYN-20251005-000478,2025-10-05T06:25:03.000Z,2025-10-05,0,13,10,69b66f179390b3e4eaa4710a,vip,300,150762893,502543,-162,2,4,759600,60768,0,50000,770368,379800,momo,unpaid,1,EATOMO50K,0,4,0,0,preparing,3870.36,0,1,1
SYN-20260310-000479,2026-03-10T10:07:01.000Z,2026-03-10,2,17,3,69b66f179390b3e4eaa47125,regular,78,39418164,505361,-6,2,3,699700,55976,0,50000,705676,349850,momo,unpaid,1,EATOMO50K,0,1,2,0,preparing,122.66,0,1,1
SYN-20251227-000480,2025-12-27T01:24:32.000Z,2025-12-27,6,8,12,69b66f179390b3e4eaa47122,regular,84,40357330,480444,-79,1,1,259900,20792,30000,25990,284702,259900,card,unpaid,1,PROTEIN10,0,0,1,0,preparing,1883.37,0,1,1
SYN-20251206-000481,2025-12-06T05:27:53.000Z,2025-12-06,6,12,12,69b66f179390b3e4eaa47113,regular,89,41138137,462226,-100,2,3,759700,60776,0,0,820476,379850,card,paid,0,,0,0,3,0,delivering,2383.31,0,1,0
SYN-20260225-000482,2026-02-25T12:01:23.000Z,2026-02-25,3,19,2,69b66f179390b3e4eaa47128,regular,66,34270303,519247,-18,2,4,709600,56768,0,0,766368,354800,card,unpaid,0,,2,2,0,0,preparing,432.75,0,1,1
SYN-20251014-000483,2025-10-14T11:08:18.000Z,2025-10-14,2,18,10,69b66f179390b3e4eaa47128,regular,66,34270303,519247,-152,2,3,609700,48776,0,0,658476,304850,card,paid,0,,0,3,0,0,completed,3649.64,0,0,0
SYN-20250901-000484,2025-09-01T11:52:01.000Z,2025-09-01,1,18,9,69b66f179390b3e4eaa4710a,vip,300,150762893,502543,-196,2,4,749600,59968,0,100000,709568,374800,momo,paid,1,VIP100K,0,4,0,0,completed,4680.91,0,0,0
SYN-20251210-000485,2025-12-10T12:44:32.000Z,2025-12-10,3,19,12,69b66f179390b3e4eaa4712b,regular,83,34910035,420603,-96,2,2,349800,27984,30000,0,407784,174900,momo,paid,0,,1,1,0,0,delivering,2280.04,0,1,0
SYN-20260110-000486,2026-01-10T12:03:05.000Z,2026-01-10,6,19,1,69b66f179390b3e4eaa4710d,regular,128,62788236,490533,-64,1,1,189900,15192,30000,0,235092,189900,card,unpaid,0,,0,1,0,0,cancelled,1536.73,1,0,1
SYN-20250421-000487,2025-04-21T05:56:52.000Z,2025-04-21,1,12,4,69b66f179390b3e4eaa4711f,regular,96,51556197,537044,-329,2,3,599700,47976,0,120000,527676,299850,cash,paid,1,FIRSTORDER30,0,0,2,1,completed,7878.83,0,0,0
SYN-20250824-000488,2025-08-24T03:21:45.000Z,2025-08-24,0,10,8,69b66f179390b3e4eaa4710a,vip,300,150762893,502543,-204,2,4,724600,57968,0,50000,732568,362300,momo,unpaid,1,EATOMO50K,3,0,1,0,preparing,4881.42,0,1,1
SYN-20260312-000489,2026-03-12T01:51:27.000Z,2026-03-12,4,8,3,69b66f189390b3e4eaa47134,regular,69,34548879,500708,-4,2,2,319800,25584,30000,0,375384,159900,card,unpaid,0,,0,1,0,1,preparing,82.92,0,1,1
SYN-20251221-000490,2025-12-21T01:32:42.000Z,2025-12-21,0,8,12,69b66f179390b3e4eaa4710d,regular,128,62788236,490533,-85,2,3,799700,63976,0,25000,838676,399850,momo,refunded,1,FREESHIP,0,0,3,0,cancelled,2027.23,1,0,0
SYN-20250924-000491,2025-09-24T08:28:36.000Z,2025-09-24,3,15,9,69b66f189390b3e4eaa4712e,regular,66,32415979,491151,-173,2,2,529800,42384,0,0,572184,264900,cash,paid,0,,0,0,2,0,completed,4132.3,0,0,0
SYN-20251030-000492,2025-10-30T11:57:29.000Z,2025-10-30,4,18,10,69b66f179390b3e4eaa4710d,regular,128,62788236,490533,-136,2,3,619700,49576,0,0,669276,309850,cash,paid,0,,0,2,1,0,completed,3264.82,0,0,0
SYN-20250923-000493,2025-09-23T09:01:43.000Z,2025-09-23,2,16,9,69b66f179390b3e4eaa4710a,vip,300,150762893,502543,-174,2,2,469800,37584,30000,25000,512384,234900,momo,unpaid,1,FREESHIP,0,1,1,0,pending,4155.75,0,1,1
SYN-20250512-000494,2025-05-12T01:58:01.000Z,2025-05-12,1,8,5,69b66f189390b3e4eaa4712e,regular,66,32415979,491151,-308,2,2,294800,23584,30000,58960,289424,147400,card,refunded,1,HEALTHY20,1,0,0,1,cancelled,7378.81,1,0,0
SYN-20260113-000495,2026-01-13T02:03:59.000Z,2026-01-13,2,9,1,69b66f179390b3e4eaa47128,regular,66,34270303,519247,-62,2,2,324800,25984,30000,0,380784,162400,cash,paid,0,,0,1,0,1,completed,1474.71,0,0,0
SYN-20250712-000496,2025-07-12T10:01:22.000Z,2025-07-12,6,17,7,69b66f179390b3e4eaa47122,regular,84,40357330,480444,-247,1,1,189900,15192,30000,0,235092,189900,momo,unpaid,0,,0,1,0,0,preparing,5906.75,0,1,1
SYN-20251225-000497,2025-12-25T01:21:25.000Z,2025-12-25,4,8,12,69b66f179390b3e4eaa4710a,vip,300,150762893,502543,-81,2,3,449700,35976,30000,0,515676,224850,cash,paid,0,,0,0,0,3,completed,1931.42,0,0,0
SYN-20250410-000498,2025-04-10T07:25:10.000Z,2025-04-10,4,14,4,69b66f179390b3e4eaa4710a,vip,300,150762893,502543,-340,1,1,199900,15992,30000,0,245892,199900,momo,paid,0,,0,1,0,0,completed,8141.36,0,0,0
SYN-20250727-000499,2025-07-27T02:09:12.000Z,2025-07-27,0,9,7,69b66f179390b3e4eaa47113,regular,89,41138137,462226,-232,2,2,269800,21584,30000,67450,253934,134900,momo,paid,1,VEGGIE25,0,0,0,2,completed,5554.62,0,0,0
SYN-20260124-000500,2026-01-24T13:08:03.000Z,2026-01-24,6,20,1,69b66f179390b3e4eaa4710a,vip,300,150762893,502543,-51,1,1,249900,19992,30000,62475,237417,249900,card,paid,1,VEGGIE25,0,0,1,0,completed,1199.64,0,0,0
SYN-20251120-000501,2025-11-20T12:46:48.000Z,2025-11-20,4,19,11,69b66f179390b3e4eaa4710d,regular,128,62788236,490533,-115,1,2,519800,41584,0,50000,511384,519800,momo,unpaid,1,EATOMO50K,0,0,2,0,confirmed,2760,0,1,1
SYN-20260109-000502,2026-01-09T13:27:59.000Z,2026-01-09,5,20,1,69b66f179390b3e4eaa47113,regular,89,41138137,462226,-65,1,1,179900,14392,30000,53970,170322,179900,cash,paid,1,FIRSTORDER30,0,1,0,0,completed,1559.31,0,0,0
SYN-20250725-000503,2025-07-25T08:52:53.000Z,2025-07-25,5,15,7,69b66f179390b3e4eaa47110,regular,80,39676181,495952,-234,1,2,279800,22384,30000,0,332184,279800,cash,unpaid,0,,0,0,0,2,cancelled,5595.9,1,0,1
SYN-20260105-000504,2026-01-05T01:08:14.000Z,2026-01-05,1,8,1,69b66f179390b3e4eaa4710d,regular,128,62788236,490533,-70,2,3,519700,41576,0,0,561276,259850,momo,unpaid,0,,0,3,0,0,confirmed,1667.64,0,1,1
SYN-20250827-000505,2025-08-27T13:22:30.000Z,2025-08-27,3,20,8,69b66f179390b3e4eaa4710a,vip,300,150762893,502543,-201,1,1,149900,11992,30000,37475,154417,149900,momo,unpaid,1,VEGGIE25,0,0,0,1,preparing,4799.4,0,1,1
SYN-20250818-000506,2025-08-18T09:56:11.000Z,2025-08-18,1,16,8,69b66f179390b3e4eaa4710a,vip,300,150762893,502543,-210,2,3,519700,41576,0,0,561276,259850,momo,unpaid,0,,2,1,0,0,confirmed,5018.84,0,1,1
SYN-20260313-000507,2026-03-13T02:19:53.000Z,2026-03-13,5,9,3,69b66f179390b3e4eaa4712b,regular,83,34910035,420603,-3,1,1,219900,17592,30000,54975,212517,219900,momo,paid,1,VEGGIE25,0,1,0,0,delivering,58.45,0,1,0
SYN-20260118-000508,2026-01-18T08:54:42.000Z,2026-01-18,0,15,1,69b66f179390b3e4eaa4711f,regular,96,51556197,537044,-57,2,2,409800,32784,30000,50000,422584,204900,cash,paid,1,EATOMO50K,1,0,1,0,delivering,1347.87,0,1,0
SYN-20260315-000509,2026-03-15T12:02:52.000Z,2026-03-15,0,19,3,69b66f179390b3e4eaa4711f,regular,96,51556197,537044,-1,2,3,419700,33576,30000,0,483276,209850,momo,unpaid,0,,1,0,0,2,confirmed,0.73,0,0,1
SYN-20260103-000510,2026-01-03T05:28:05.000Z,2026-01-03,6,12,1,69b66f179390b3e4eaa47116,regular,82,38788483,473030,-72,1,2,319800,25584,30000,0,375384,319800,card,paid,0,,2,0,0,0,completed,1711.31,0,0,0
SYN-20260201-000511,2026-02-01T02:15:01.000Z,2026-02-01,0,9,2,69b66f179390b3e4eaa47119,regular,49,23556582,480747,-43,1,2,289800,23184,30000,86940,256044,289800,momo,paid,1,FIRSTORDER30,2,0,0,0,completed,1018.53,0,0,0
SYN-20250403-000512,2025-04-03T01:09:20.000Z,2025-04-03,4,8,4,69b66f189390b3e4eaa47134,regular,69,34548879,500708,-347,2,3,559700,44776,0,25000,579476,279850,card,unpaid,1,FREESHIP,0,3,0,0,cancelled,8315.62,1,0,1
SYN-20250524-000513,2025-05-24T04:14:36.000Z,2025-05-24,6,11,5,69b66f189390b3e4eaa4712e,regular,66,32415979,491151,-296,2,3,584700,46776,0,50000,581476,292350,momo,unpaid,1,EATOMO50K,0,3,0,0,pending,7088.53,0,1,1
SYN-20260314-000514,2026-03-14T08:43:50.000Z,2026-03-14,6,15,3,69b66f179390b3e4eaa4711f,regular,96,51556197,537044,-2,2,3,664700,53176,0,75000,642876,332350,cash,unpaid,1,VEGGIE25,1,0,2,0,preparing,28.05,0,1,1
SYN-20250901-000515,2025-09-01T11:34:34.000Z,2025-09-01,1,18,9,69b66f179390b3e4eaa4710d,regular,128,62788236,490533,-195,2,2,389800,31184,30000,0,450984,194900,bank_transfer,paid,0,,0,0,1,1,completed,4681.2,0,0,0
SYN-20260106-000516,2026-01-06T01:26:27.000Z,2026-01-06,2,8,1,69b66f179390b3e4eaa4710d,regular,128,62788236,490533,-69,1,1,259900,20792,30000,25000,285692,259900,momo,paid,1,FREESHIP,0,0,1,0,completed,1643.34,0,0,0
SYN-20251007-000517,2025-10-07T04:27:12.000Z,2025-10-07,2,11,10,69b66f179390b3e4eaa4711f,regular,96,51556197,537044,-160,2,3,619700,49576,0,100000,569276,309850,cash,unpaid,1,VIP100K,0,2,1,0,preparing,3824.32,0,1,1
SYN-20260307-000518,2026-03-07T13:53:48.000Z,2026-03-07,6,20,3,69b66f179390b3e4eaa4710a,vip,300,150762893,502543,-9,1,1,164900,13192,30000,41225,166867,164900,momo,paid,1,FLASH25,1,0,0,0,completed,190.88,0,0,0
SYN-20260309-000519,2026-03-09T01:54:14.000Z,2026-03-09,1,8,3,69b66f179390b3e4eaa4710a,vip,300,150762893,502543,-7,2,2,459800,36784,30000,45980,480604,229900,momo,unpaid,1,PROTEIN10,0,1,1,0,pending,154.87,0,1,1
SYN-20260125-000520,2026-01-25T06:12:07.000Z,2026-01-25,0,13,1,69b66f179390b3e4eaa47110,regular,80,39676181,495952,-50,2,2,429800,34384,30000,0,494184,214900,momo,paid,0,,0,1,1,0,completed,1182.58,0,0,0
SYN-20251114-000521,2025-11-14T02:22:36.000Z,2025-11-14,5,9,11,69b66f179390b3e4eaa4710a,vip,300,150762893,502543,-122,1,1,189900,15192,30000,0,235092,189900,cash,unpaid,0,,0,1,0,0,preparing,2914.4,0,1,1
SYN-20260124-000522,2026-01-24T08:33:26.000Z,2026-01-24,6,15,1,69b66f179390b3e4eaa47122,regular,84,40357330,480444,-51,2,4,709600,56768,0,0,766368,354800,momo,paid,0,,1,3,0,0,completed,1204.22,0,0,0
SYN-20250525-000523,2025-05-25T07:38:25.000Z,2025-05-25,0,14,5,69b66f179390b3e4eaa4710a,vip,300,150762893,502543,-295,1,2,379800,30384,30000,75000,365184,379800,bank_transfer,paid,1,VEGGIE25,0,2,0,0,completed,7061.14,0,0,0
SYN-20260307-000524,2026-03-07T10:29:05.000Z,2026-03-07,6,17,3,69b66f179390b3e4eaa47116,regular,82,38788483,473030,-8,1,1,259900,20792,30000,0,310692,259900,bank_transfer,paid,0,,0,0,1,0,completed,194.29,0,0,0
SYN-20260315-000525,2026-03-15T10:58:42.000Z,2026-03-15,0,17,3,69b66f179390b3e4eaa4711f,regular,96,51556197,537044,-1,2,4,959600,76768,0,75000,961368,479800,card,paid,1,VEGGIE25,0,0,4,0,delivering,1.8,0,0,0
SYN-20251201-000526,2025-12-01T05:25:01.000Z,2025-12-01,1,12,12,69b66f179390b3e4eaa4710a,vip,300,150762893,502543,-105,1,2,379800,30384,30000,75000,365184,379800,momo,unpaid,1,VEGGIE25,0,2,0,0,confirmed,2503.36,0,1,1
SYN-20260114-000527,2026-01-14T08:47:56.000Z,2026-01-14,3,15,1,69b66f179390b3e4eaa4710a,vip,300,150762893,502543,-61,2,3,609700,48776,0,0,658476,304850,card,unpaid,0,,0,0,2,1,confirmed,1443.98,0,1,1
SYN-20260226-000528,2026-02-26T07:20:08.000Z,2026-02-26,4,14,2,69b66f179390b3e4eaa47119,regular,49,23556582,480747,-18,1,2,399800,31984,30000,39980,421804,399800,momo,paid,1,PROTEIN10,0,2,0,0,completed,413.44,0,0,0
SYN-20251129-000529,2025-11-29T03:23:50.000Z,2025-11-29,6,10,11,69b66f179390b3e4eaa47113,regular,89,41138137,462226,-107,2,3,569700,45576,0,0,615276,284850,momo,refunded,0,,0,2,0,1,cancelled,2553.38,1,0,0
SYN-20260208-000530,2026-02-08T02:12:54.000Z,2026-02-08,0,9,2,69b66f179390b3e4eaa4712b,regular,83,34910035,420603,-36,2,2,319800,25584,30000,0,375384,159900,momo,unpaid,0,,0,1,0,1,pending,850.56,0,1,1
SYN-20250606-000531,2025-06-06T08:01:25.000Z,2025-06-06,5,15,6,69b66f179390b3e4eaa47110,regular,80,39676181,495952,-283,1,2,299800,23984,30000,74950,278834,299800,momo,paid,1,VEGGIE25,0,0,0,2,completed,6772.75,0,0,0
SYN-20260204-000532,2026-02-04T14:19:19.000Z,2026-02-04,3,21,2,69b66f179390b3e4eaa47125,regular,78,39418164,505361,-39,2,3,569700,45576,0,0,615276,284850,momo,unpaid,0,,0,2,1,0,pending,934.46,0,1,1
SYN-20251221-000533,2025-12-21T05:41:31.000Z,2025-12-21,0,12,12,69b66f179390b3e4eaa47116,regular,82,38788483,473030,-85,2,2,329800,26384,30000,0,386184,164900,momo,unpaid,0,,0,1,0,1,confirmed,2023.09,0,1,1
SYN-20260101-000534,2026-01-01T03:49:13.000Z,2026-01-01,4,10,1,69b66f189390b3e4eaa4712e,regular,66,32415979,491151,-74,1,1,139900,11192,30000,0,181092,139900,cash,paid,0,,1,0,0,0,completed,1760.96,0,0,0
SYN-20260208-000535,2026-02-08T07:35:59.000Z,2026-02-08,0,14,2,69b66f179390b3e4eaa47119,regular,49,23556582,480747,-36,1,1,249900,19992,30000,0,299892,249900,cash,unpaid,0,,0,0,1,0,confirmed,845.18,0,1,1
SYN-20260108-000536,2026-01-08T10:00:12.000Z,2026-01-08,4,17,1,69b66f189390b3e4eaa47131,regular,82,38006436,463493,-67,2,3,459700,36776,30000,75000,451476,229850,card,unpaid,1,VEGGIE25,1,0,0,2,delivering,1586.77,0,1,1
SYN-20250731-000537,2025-07-31T12:48:50.000Z,2025-07-31,4,19,7,69b66f179390b3e4eaa4710d,regular,128,62788236,490533,-227,1,1,229900,18392,30000,57475,220817,229900,momo,paid,1,FLASH25,0,0,1,0,delivering,5447.96,0,1,0
SYN-20260309-000538,2026-03-09T03:42:30.000Z,2026-03-09,1,10,3,69b66f179390b3e4eaa4710a,vip,300,150762893,502543,-7,2,4,1019600,81568,0,0,1101168,509800,momo,unpaid,0,,0,0,4,0,confirmed,153.07,0,1,1
SYN-20260219-000539,2026-02-19T09:35:04.000Z,2026-02-19,4,16,2,69b66f179390b3e4eaa4710a,vip,300,150762893,502543,-25,2,4,899600,71968,0,25000,946568,449800,momo,paid,1,FREESHIP,0,0,3,1,completed,579.19,0,0,0
SYN-20251123-000540,2025-11-23T09:31:08.000Z,2025-11-23,0,16,11,69b66f179390b3e4eaa4710a,vip,300,150762893,502543,-113,1,2,359800,28784,30000,75000,343584,359800,momo,paid,1,VEGGIE25,2,0,0,0,completed,2691.26,0,0,0
SYN-20251204-000541,2025-12-04T03:28:58.000Z,2025-12-04,4,10,12,69b66f179390b3e4eaa4710d,regular,128,62788236,490533,-102,1,1,199900,15992,30000,59970,185922,199900,cash,unpaid,1,FIRSTORDER30,0,1,0,0,confirmed,2433.29,0,1,1
SYN-20250720-000542,2025-07-20T08:37:48.000Z,2025-07-20,0,15,7,69b66f179390b3e4eaa4711f,regular,96,51556197,537044,-239,2,3,739700,59176,0,75000,723876,369850,card,unpaid,1,VEGGIE25,0,0,3,0,pending,5716.15,0,1,1
SYN-20251030-000543,2025-10-30T09:09:13.000Z,2025-10-30,4,16,10,69b66f179390b3e4eaa4711f,regular,96,51556197,537044,-137,2,3,539700,43176,0,50000,532876,269850,momo,paid,1,EATOMO50K,0,3,0,0,completed,3267.62,0,0,0
SYN-20251015-000544,2025-10-15T06:27:52.000Z,2025-10-15,3,13,10,69b66f189390b3e4eaa4712e,regular,66,32415979,491151,-152,1,1,169900,13592,30000,0,213492,169900,cash,paid,0,,1,0,0,0,completed,3630.31,0,0,0
SYN-20251029-000545,2025-10-29T02:54:06.000Z,2025-10-29,3,9,10,69b66f179390b3e4eaa47116,regular,82,38788483,473030,-138,2,3,639700,51176,0,0,690876,319850,momo,unpaid,0,,0,3,0,0,pending,3297.88,0,1,1
SYN-20260212-000546,2026-02-12T08:51:25.000Z,2026-02-12,4,15,2,69b66f179390b3e4eaa47119,regular,49,23556582,480747,-32,2,3,409700,32776,30000,0,472476,204850,cash,unpaid,0,,0,0,0,3,pending,747.92,0,1,1
SYN-20250701-000547,2025-07-01T06:35:27.000Z,2025-07-01,2,13,7,69b66f179390b3e4eaa47116,regular,82,38788483,473030,-258,2,2,309800,24784,30000,77450,287134,154900,card,paid,1,FLASH25,1,0,0,1,completed,6174.19,0,0,0
SYN-20260310-000548,2026-03-10T12:00:53.000Z,2026-03-10,2,19,3,69b66f189390b3e4eaa4712e,regular,66,32415979,491151,-6,2,3,549700,43976,0,50000,543676,274850,momo,unpaid,1,EATOMO50K,0,3,0,0,confirmed,120.76,0,1,1
SYN-20250401-000549,2025-04-01T14:31:27.000Z,2025-04-01,2,21,4,69b66f179390b3e4eaa47122,regular,84,40357330,480444,-348,2,3,469700,37576,30000,0,537276,234850,momo,paid,0,,2,0,0,1,delivering,8350.25,0,1,0
SYN-20251108-000550,2025-11-08T12:17:38.000Z,2025-11-08,6,19,11,69b66f179390b3e4eaa47113,regular,89,41138137,462226,-128,1,2,419800,33584,30000,50000,433384,419800,momo,unpaid,1,EATOMO50K,0,2,0,0,pending,3048.48,0,1,1
SYN-20250531-000551,2025-05-31T06:10:06.000Z,2025-05-31,6,13,5,69b66f179390b3e4eaa47110,regular,80,39676181,495952,-289,2,3,499700,39976,30000,0,569676,249850,cash,paid,0,,0,1,0,2,completed,6918.61,0,0,0
SYN-20260218-000552,2026-02-18T07:39:50.000Z,2026-02-18,3,14,2,69b66f189390b3e4eaa4712e,regular,66,32415979,491151,-26,2,2,389800,31184,30000,38980,412004,194900,momo,unpaid,1,PROTEIN10,1,0,1,0,pending,605.11,0,1,1
SYN-20250510-000553,2025-05-10T11:13:41.000Z,2025-05-10,6,18,5,69b66f179390b3e4eaa47125,regular,78,39418164,505361,-310,2,4,599600,47968,0,50000,597568,299800,bank_transfer,paid,1,EATOMO50K,0,0,0,4,completed,7417.55,0,0,0
SYN-20250929-000554,2025-09-29T10:45:00.000Z,2025-09-29,1,17,9,69b66f179390b3e4eaa47125,regular,78,39418164,505361,-168,2,2,349800,27984,30000,0,407784,174900,momo,paid,0,,1,1,0,0,completed,4010.03,0,0,0
SYN-20250717-000555,2025-07-17T02:38:42.000Z,2025-07-17,4,9,7,69b66f179390b3e4eaa4710d,regular,128,62788236,490533,-242,2,3,609700,48776,0,25000,633476,304850,cash,paid,1,FREESHIP,0,2,1,0,completed,5794.13,0,0,0
SYN-20260307-000556,2026-03-07T05:19:55.000Z,2026-03-07,6,12,3,69b66f179390b3e4eaa4710a,vip,300,150762893,502543,-9,2,3,529700,42376,0,0,572076,264850,card,paid,0,,0,3,0,0,completed,199.45,0,0,0
SYN-20251124-000557,2025-11-24T07:50:06.000Z,2025-11-24,1,14,11,69b66f189390b3e4eaa47131,regular,82,38006436,463493,-112,1,1,189900,15192,30000,25000,210092,189900,momo,paid,1,FREESHIP,0,1,0,0,completed,2668.94,0,0,0
SYN-20260212-000558,2026-02-12T01:45:05.000Z,2026-02-12,4,8,2,69b66f179390b3e4eaa4711f,regular,96,51556197,537044,-32,2,2,289800,23184,30000,0,342984,144900,momo,paid,0,,1,0,0,1,completed,755.03,0,0,0
SYN-20250322-000559,2025-03-22T06:55:15.000Z,2025-03-22,6,13,3,69b66f179390b3e4eaa4710d,regular,128,62788236,490533,-359,2,3,579700,46376,0,0,626076,289850,card,paid,0,,0,3,0,0,completed,8597.86,0,0,0
SYN-20260306-000560,2026-03-06T11:20:40.000Z,2026-03-06,5,18,3,69b66f179390b3e4eaa4710a,vip,300,150762893,502543,-10,2,2,419800,33584,30000,0,483384,209900,momo,paid,0,,0,2,0,0,delivering,217.43,0,1,0
SYN-20250929-000561,2025-09-29T04:00:20.000Z,2025-09-29,1,11,9,69b66f179390b3e4eaa47116,regular,82,38788483,473030,-168,1,1,249900,19992,30000,0,299892,249900,momo,unpaid,0,,0,0,1,0,pending,4016.77,0,1,1
SYN-20260215-000562,2026-02-15T10:08:35.000Z,2026-02-15,0,17,2,69b66f179390b3e4eaa47113,regular,89,41138137,462226,-29,1,2,329800,26384,30000,50000,336184,329800,momo,paid,1,EATOMO50K,2,0,0,0,completed,674.63,0,0,0
SYN-20250916-000563,2025-09-16T14:57:59.000Z,2025-09-16,2,21,9,69b66f179390b3e4eaa4710a,vip,300,150762893,502543,-180,2,3,439700,35176,30000,50000,454876,219850,momo,unpaid,1,EATOMO50K,1,0,0,2,preparing,4317.81,0,1,1
SYN-20250406-000564,2025-04-06T06:12:44.000Z,2025-04-06,0,13,4,69b66f179390b3e4eaa4710a,vip,300,150762893,502543,-344,2,2,299800,23984,30000,29980,323804,149900,momo,paid,1,WELCOME10,0,0,0,2,delivering,8238.57,0,1,0
SYN-20260203-000565,2026-02-03T12:26:32.000Z,2026-02-03,2,19,2,69b66f179390b3e4eaa4710a,vip,300,150762893,502543,-41,2,3,699700,55976,0,60000,695676,349850,momo,paid,1,PROTEIN10,0,1,2,0,completed,960.34,0,0,0
SYN-20260106-000566,2026-01-06T05:32:20.000Z,2026-01-06,2,12,1,69b66f179390b3e4eaa47116,regular,82,38788483,473030,-69,2,2,339800,27184,30000,33980,363004,169900,bank_transfer,unpaid,1,PROTEIN10,0,1,0,1,delivering,1639.24,0,1,1
SYN-20250828-000567,2025-08-28T09:45:11.000Z,2025-08-28,4,16,8,69b66f189390b3e4eaa47134,regular,69,34548879,500708,-200,2,4,579600,46368,0,0,625968,289800,card,unpaid,0,,0,0,0,4,confirmed,4779.02,0,1,1
SYN-20260314-000568,2026-03-14T05:02:52.000Z,2026-03-14,6,12,3,69b66f179390b3e4eaa4711c,regular,50,24230795,484616,-2,2,3,504700,40376,0,75000,470076,252350,cash,unpaid,1,VEGGIE25,2,1,0,0,pending,31.73,0,1,1
SYN-20251219-000569,2025-12-19T04:48:28.000Z,2025-12-19,5,11,12,69b66f179390b3e4eaa47116,regular,82,38788483,473030,-87,2,3,544700,43576,0,80000,508276,272350,card,paid,1,FLASH25,1,2,0,0,completed,2071.97,0,0,0
SYN-20251102-000570,2025-11-02T01:06:30.000Z,2025-11-02,0,8,11,69b66f179390b3e4eaa47113,regular,89,41138137,462226,-134,2,3,554700,44376,0,50000,549076,277350,card,paid,1,WELCOME10,0,3,0,0,delivering,3203.67,0,1,0
SYN-20251020-000571,2025-10-20T03:37:57.000Z,2025-10-20,1,10,10,69b66f179390b3e4eaa4710d,regular,128,62788236,490533,-147,2,2,394800,31584,30000,0,456384,197400,bank_transfer,paid,0,,1,0,1,0,completed,3513.15,0,0,0
SYN-20250505-000572,2025-05-05T13:45:10.000Z,2025-05-05,1,20,5,69b66f179390b3e4eaa47110,regular,80,39676181,495952,-314,1,1,154900,12392,30000,0,197292,154900,bank_transfer,unpaid,0,,1,0,0,0,confirmed,7535.02,0,1,1
SYN-20260128-000573,2026-01-28T14:02:40.000Z,2026-01-28,3,21,1,69b66f179390b3e4eaa47113,regular,89,41138137,462226,-46,2,3,459700,36776,30000,120000,406476,229850,momo,paid,1,FIRSTORDER30,1,0,0,2,completed,1102.73,0,0,0
SYN-20260205-000574,2026-02-05T13:24:12.000Z,2026-02-05,4,20,2,69b66f179390b3e4eaa4710d,regular,128,62788236,490533,-38,2,2,349800,27984,30000,0,407784,174900,momo,paid,0,,0,0,1,1,delivering,911.37,0,1,0
SYN-20250415-000575,2025-04-15T14:28:12.000Z,2025-04-15,2,21,4,69b66f189390b3e4eaa47131,regular,82,38006436,463493,-334,2,2,289800,23184,30000,0,342984,144900,momo,unpaid,0,,1,0,0,1,delivering,8014.31,0,1,1
SYN-20250510-000576,2025-05-10T09:49:36.000Z,2025-05-10,6,16,5,69b66f179390b3e4eaa47122,regular,84,40357330,480444,-310,1,2,539800,43184,0,53980,529004,539800,cash,paid,1,PROTEIN10,0,0,2,0,completed,7418.95,0,0,0
SYN-20260103-000577,2026-01-03T12:57:39.000Z,2026-01-03,6,19,1,69b66f179390b3e4eaa47128,regular,66,34270303,519247,-71,2,5,989500,79160,0,75000,993660,494750,card,unpaid,1,VEGGIE25,3,0,2,0,pending,1703.82,0,1,1
SYN-20251007-000578,2025-10-07T12:18:47.000Z,2025-10-07,2,19,10,69b66f179390b3e4eaa47119,regular,49,23556582,480747,-160,2,3,514700,41176,0,25000,530876,257350,card,paid,1,FREESHIP,2,1,0,0,delivering,3816.46,0,1,0
SYN-20260130-000579,2026-01-30T14:12:04.000Z,2026-01-30,5,21,1,69b66f179390b3e4eaa47125,regular,78,39418164,505361,-44,2,3,529700,42376,0,120000,452076,264850,cash,unpaid,1,FIRSTORDER30,0,0,1,2,preparing,1054.58,0,1,1
SYN-20260111-000580,2026-01-11T07:46:01.000Z,2026-01-11,0,14,1,69b66f179390b3e4eaa4712b,regular,83,34910035,420603,-64,2,3,649700,51976,0,75000,626676,324850,card,unpaid,1,VEGGIE25,0,0,2,1,preparing,1517.01,0,1,1
SYN-20250605-000581,2025-06-05T05:45:17.000Z,2025-06-05,4,12,6,69b66f179390b3e4eaa4710d,regular,128,62788236,490533,-284,2,3,429700,34376,30000,50000,444076,214850,cash,unpaid,1,EATOMO50K,2,0,0,1,preparing,6799.02,0,1,1
SYN-20260315-000582,2026-03-15T06:00:14.000Z,2026-03-15,0,13,3,69b66f179390b3e4eaa4712b,regular,83,34910035,420603,-1,2,5,839500,67160,0,100000,806660,419750,cash,unpaid,1,VIP100K,5,0,0,0,confirmed,6.77,0,1,1
SYN-20260228-000583,2026-02-28T02:48:14.000Z,2026-02-28,6,9,2,69b66f189390b3e4eaa47131,regular,82,38006436,463493,-16,1,2,319800,25584,30000,75000,300384,319800,momo,paid,1,VEGGIE25,2,0,0,0,completed,369.97,0,0,0
SYN-20260109-000584,2026-01-09T14:05:03.000Z,2026-01-09,5,21,1,69b66f179390b3e4eaa47122,regular,84,40357330,480444,-65,2,4,589600,47168,0,0,636768,294800,momo,unpaid,0,,2,0,0,2,confirmed,1558.69,0,1,1
SYN-20260315-000585,2026-03-15T09:13:11.000Z,2026-03-15,0,16,3,69b66f179390b3e4eaa47116,regular,82,38788483,473030,0,1,1,169900,13592,30000,42475,171017,169900,momo,unpaid,1,VEGGIE25,1,0,0,0,pending,3.56,0,1,1
SYN-20260313-000586,2026-03-13T01:38:16.000Z,2026-03-13,5,8,3,69b66f179390b3e4eaa47125,regular,78,39418164,505361,-3,2,2,469800,37584,30000,0,537384,234900,momo,paid,0,,0,1,1,0,delivering,59.14,0,1,0
SYN-20250717-000587,2025-07-17T06:16:16.000Z,2025-07-17,4,13,7,69b66f179390b3e4eaa47128,regular,66,34270303,519247,-242,1,1,139900,11192,30000,0,181092,139900,cash,unpaid,0,,0,0,0,1,preparing,5790.51,0,1,1
SYN-20251021-000588,2025-10-21T13:05:30.000Z,2025-10-21,2,20,10,69b66f189390b3e4eaa47131,regular,82,38006436,463493,-146,2,2,339800,27184,30000,67960,329024,169900,card,paid,1,HEALTHY20,1,1,0,0,delivering,3479.69,0,1,0
SYN-20250815-000589,2025-08-15T01:55:07.000Z,2025-08-15,5,8,8,69b66f179390b3e4eaa4711f,regular,96,51556197,537044,-213,1,1,219900,17592,30000,54975,212517,219900,momo,paid,1,VEGGIE25,0,1,0,0,delivering,5098.86,0,1,0
SYN-20250430-000590,2025-04-30T09:38:29.000Z,2025-04-30,3,16,4,69b66f189390b3e4eaa47134,regular,69,34548879,500708,-320,1,1,239900,19192,30000,0,289092,239900,momo,paid,0,,0,0,1,0,completed,7659.14,0,0,0
SYN-20250316-000591,2025-03-16T08:02:21.000Z,2025-03-16,0,15,3,69b66f179390b3e4eaa47119,regular,49,23556582,480747,-365,2,2,414800,33184,30000,82960,395024,207400,momo,paid,1,HEALTHY20,0,1,1,0,completed,8740.74,0,0,0
SYN-20250910-000592,2025-09-10T04:17:01.000Z,2025-09-10,3,11,9,69b66f179390b3e4eaa47110,regular,80,39676181,495952,-187,2,3,519700,41576,0,50000,511276,259850,momo,paid,1,EATOMO50K,2,1,0,0,delivering,4472.49,0,1,0
SYN-20260302-000593,2026-03-02T09:25:06.000Z,2026-03-02,1,16,3,69b66f179390b3e4eaa47110,regular,80,39676181,495952,-14,2,3,619700,49576,0,50000,619276,309850,card,paid,1,EATOMO50K,0,3,0,0,delivering,315.36,0,1,0
SYN-20251117-000594,2025-11-17T08:24:53.000Z,2025-11-17,1,15,11,69b66f179390b3e4eaa4712b,regular,83,34910035,420603,-119,2,2,339800,27184,30000,75000,321984,169900,momo,unpaid,1,VEGGIE25,0,1,0,1,confirmed,2836.36,0,1,1
SYN-20250820-000595,2025-08-20T01:17:07.000Z,2025-08-20,3,8,8,69b66f179390b3e4eaa4710d,regular,128,62788236,490533,-208,2,2,394800,31584,30000,39480,416904,197400,momo,paid,1,PROTEIN10,0,2,0,0,delivering,4979.49,0,1,0
SYN-20250519-000596,2025-05-19T04:11:40.000Z,2025-05-19,1,11,5,69b66f179390b3e4eaa47128,regular,66,34270303,519247,-301,2,3,449700,35976,30000,0,515676,224850,momo,paid,0,,1,0,0,2,completed,7208.58,0,0,0
SYN-20250907-000597,2025-09-07T13:01:58.000Z,2025-09-07,0,20,9,69b66f179390b3e4eaa47116,regular,82,38788483,473030,-189,1,1,229900,18392,30000,0,278292,229900,momo,unpaid,0,,0,0,1,0,pending,4535.74,0,1,1
SYN-20260314-000598,2026-03-14T02:23:38.000Z,2026-03-14,6,9,3,69b66f179390b3e4eaa47116,regular,82,38788483,473030,-2,2,3,579700,46376,0,0,626076,289850,momo,unpaid,0,,0,3,0,0,confirmed,34.38,0,1,1
SYN-20250724-000599,2025-07-24T13:35:24.000Z,2025-07-24,4,20,7,69b66f179390b3e4eaa4711f,regular,96,51556197,537044,-235,2,3,599700,47976,0,0,647676,299850,card,unpaid,0,,0,3,0,0,delivering,5615.19,0,1,1
SYN-20260311-000600,2026-03-11T06:14:21.000Z,2026-03-11,3,13,3,69b66f179390b3e4eaa4710a,vip,300,150762893,502543,-5,2,3,739700,59176,0,0,798876,369850,card,unpaid,0,,0,0,3,0,preparing,102.54,0,1,1
SYN-20250809-000601,2025-08-09T08:56:33.000Z,2025-08-09,6,15,8,69b66f179390b3e4eaa4710a,vip,300,150762893,502543,-219,2,5,969500,77560,0,50000,997060,484750,card,paid,1,EATOMO50K,2,0,3,0,completed,5235.84,0,0,0
SYN-20250503-000602,2025-05-03T13:05:57.000Z,2025-05-03,6,20,5,69b66f179390b3e4eaa47128,regular,66,34270303,519247,-316,2,3,559700,44776,0,75000,529476,279850,momo,paid,1,VEGGIE25,1,2,0,0,completed,7583.68,0,0,0
SYN-20260115-000603,2026-01-15T11:38:47.000Z,2026-01-15,4,18,1,69b66f179390b3e4eaa4710a,vip,300,150762893,502543,-60,2,2,449800,35984,30000,120000,395784,224900,cash,paid,1,FIRSTORDER30,0,1,1,0,completed,1417.13,0,0,0
SYN-20250515-000604,2025-05-15T07:08:57.000Z,2025-05-15,4,14,5,69b66f179390b3e4eaa47122,regular,84,40357330,480444,-305,2,4,719600,57568,0,0,777168,359800,cash,paid,0,,3,1,0,0,completed,7301.63,0,0,0
SYN-20251214-000605,2025-12-14T10:04:21.000Z,2025-12-14,0,17,12,69b66f179390b3e4eaa4710d,regular,128,62788236,490533,-91,1,2,359800,28784,30000,0,418584,359800,cash,unpaid,0,,0,2,0,0,confirmed,2186.71,0,1,1
SYN-20260311-000606,2026-03-11T08:19:20.000Z,2026-03-11,3,15,3,69b66f179390b3e4eaa47116,regular,82,38788483,473030,-5,2,3,569700,45576,0,120000,495276,284850,cash,unpaid,1,FIRSTORDER30,2,0,1,0,pending,100.46,0,1,1
SYN-20251005-000607,2025-10-05T07:21:25.000Z,2025-10-05,0,14,10,69b66f179390b3e4eaa4712b,regular,83,34910035,420603,-162,2,3,729700,58376,0,0,788076,364850,momo,paid,0,,0,1,2,0,completed,3869.42,0,0,0
SYN-20250903-000608,2025-09-03T09:20:56.000Z,2025-09-03,3,16,9,69b66f179390b3e4eaa4710a,vip,300,150762893,502543,-194,2,3,749700,59976,0,60000,749676,374850,momo,unpaid,1,PROTEIN10,0,0,3,0,confirmed,4635.43,0,1,1
SYN-20260303-000609,2026-03-03T12:52:28.000Z,2026-03-03,2,19,3,69b66f179390b3e4eaa4711f,regular,96,51556197,537044,-13,1,1,229900,18392,30000,0,278292,229900,cash,paid,0,,0,0,1,0,completed,287.9,0,0,0
SYN-20260206-000610,2026-02-06T11:01:50.000Z,2026-02-06,5,18,2,69b66f179390b3e4eaa4711f,regular,96,51556197,537044,-38,2,2,489800,39184,30000,50000,508984,244900,card,unpaid,1,EATOMO50K,0,0,2,0,delivering,889.75,0,1,1
SYN-20260314-000611,2026-03-14T06:25:34.000Z,2026-03-14,6,13,3,69b66f179390b3e4eaa47116,regular,82,38788483,473030,-2,2,2,409800,32784,30000,80000,392584,204900,card,paid,1,FLASH25,1,0,1,0,completed,30.35,0,0,0
SYN-20260118-000612,2026-01-18T08:14:21.000Z,2026-01-18,0,15,1,69b66f179390b3e4eaa47125,regular,78,39418164,505361,-57,1,2,279800,22384,30000,0,332184,279800,momo,unpaid,0,,0,0,0,2,preparing,1348.54,0,1,1
SYN-20260115-000613,2026-01-15T12:14:46.000Z,2026-01-15,4,19,1,69b66f179390b3e4eaa47113,regular,89,41138137,462226,-60,1,1,189900,15192,30000,0,235092,189900,bank_transfer,paid,0,,0,1,0,0,delivering,1416.53,0,1,0
SYN-20250716-000614,2025-07-16T08:48:13.000Z,2025-07-16,3,15,7,69b66f179390b3e4eaa4710a,vip,300,150762893,502543,-243,2,3,649700,51976,0,75000,626676,324850,momo,unpaid,1,VEGGIE25,0,3,0,0,completed,5811.97,0,0,1
SYN-20260220-000615,2026-02-20T04:10:27.000Z,2026-02-20,5,11,2,69b66f179390b3e4eaa4710a,vip,300,150762893,502543,-24,1,1,199900,15992,30000,0,245892,199900,bank_transfer,paid,0,,0,1,0,0,completed,560.6,0,0,0
SYN-20250720-000616,2025-07-20T03:04:15.000Z,2025-07-20,0,10,7,69b66f189390b3e4eaa47134,regular,69,34548879,500708,-239,2,3,419700,33576,30000,50000,433276,209850,cash,unpaid,1,EATOMO50K,0,0,0,3,preparing,5721.71,0,1,1
SYN-20251015-000617,2025-10-15T07:47:58.000Z,2025-10-15,3,14,10,69b66f179390b3e4eaa47113,regular,89,41138137,462226,-152,1,1,164900,13192,30000,0,208092,164900,momo,paid,0,,0,1,0,0,completed,3628.98,0,0,0
SYN-20251101-000618,2025-11-01T06:57:32.000Z,2025-11-01,6,13,11,69b66f179390b3e4eaa4710a,vip,300,150762893,502543,-135,2,4,939600,75168,0,50000,964768,469800,card,paid,1,WELCOME10,0,2,2,0,completed,3221.82,0,0,0
SYN-20260127-000619,2026-01-27T01:04:57.000Z,2026-01-27,2,8,1,69b66f179390b3e4eaa4712b,regular,83,34910035,420603,-48,1,1,229900,18392,30000,0,278292,229900,momo,paid,0,,0,0,1,0,delivering,1139.7,0,1,0
SYN-20251222-000620,2025-12-22T01:01:40.000Z,2025-12-22,1,8,12,69b66f189390b3e4eaa47131,regular,82,38006436,463493,-84,2,3,549700,43976,0,0,593676,274850,cash,paid,0,,0,3,0,0,completed,2003.75,0,0,0
SYN-20260206-000621,2026-02-06T13:32:21.000Z,2026-02-06,5,20,2,69b66f179390b3e4eaa47113,regular,89,41138137,462226,-37,1,3,659700,52776,0,50000,662476,659700,momo,refunded,1,EATOMO50K,0,3,0,0,cancelled,887.24,1,0,0
SYN-20250505-000622,2025-05-05T02:44:01.000Z,2025-05-05,1,9,5,69b66f179390b3e4eaa4710a,vip,300,150762893,502543,-315,2,3,559700,44776,0,0,604476,279850,bank_transfer,unpaid,0,,0,3,0,0,pending,7546.04,0,1,1
SYN-20260309-000623,2026-03-09T13:28:09.000Z,2026-03-09,1,20,3,69b66f179390b3e4eaa4710a,vip,300,150762893,502543,-7,2,3,529700,42376,0,100000,472076,264850,momo,unpaid,1,VIP100K,0,2,0,1,preparing,143.31,0,1,1
SYN-20250826-000624,2025-08-26T05:13:42.000Z,2025-08-26,2,12,8,69b66f179390b3e4eaa47128,regular,66,34270303,519247,-202,2,4,949600,75968,0,50000,975568,474800,card,paid,1,EATOMO50K,0,0,4,0,completed,4831.55,0,0,0
SYN-20251006-000625,2025-10-06T09:30:23.000Z,2025-10-06,1,16,10,69b66f179390b3e4eaa4712b,regular,83,34910035,420603,-161,1,3,599700,47976,0,0,647676,599700,card,unpaid,0,,0,3,0,0,delivering,3843.27,0,1,1
SYN-20250705-000626,2025-07-05T01:57:38.000Z,2025-07-05,6,8,7,69b66f179390b3e4eaa4711f,regular,96,51556197,537044,-254,1,1,199900,15992,30000,0,245892,199900,card,unpaid,0,,0,1,0,0,confirmed,6082.82,0,1,1
SYN-20260223-000627,2026-02-23T10:40:07.000Z,2026-02-23,1,17,2,69b66f179390b3e4eaa47110,regular,80,39676181,495952,-21,2,3,669700,53576,0,80000,643276,334850,momo,paid,1,SUMMER15,0,2,1,0,delivering,482.11,0,1,0
SYN-20250503-000628,2025-05-03T04:35:27.000Z,2025-05-03,6,11,5,69b66f179390b3e4eaa4710a,vip,300,150762893,502543,-317,2,3,444700,35576,30000,66705,443571,222350,momo,paid,1,SUMMER15,2,1,0,0,delivering,7592.19,0,1,0
SYN-20250402-000629,2025-04-02T12:32:29.000Z,2025-04-02,3,19,4,69b66f179390b3e4eaa4711f,regular,96,51556197,537044,-348,2,4,709600,56768,0,0,766368,354800,card,unpaid,0,,1,3,0,0,preparing,8328.24,0,1,1
SYN-20250710-000630,2025-07-10T08:10:10.000Z,2025-07-10,4,15,7,69b66f189390b3e4eaa47134,regular,69,34548879,500708,-249,2,2,399800,31984,30000,80000,381784,199900,momo,paid,1,FLASH25,0,2,0,0,completed,5956.61,0,0,0
SYN-20251227-000631,2025-12-27T11:53:33.000Z,2025-12-27,6,18,12,69b66f179390b3e4eaa47122,regular,84,40357330,480444,-78,2,3,619700,49576,0,120000,549276,309850,momo,paid,1,FIRSTORDER30,0,3,0,0,completed,1872.89,0,0,0
SYN-20260310-000632,2026-03-10T12:55:07.000Z,2026-03-10,2,19,3,69b66f179390b3e4eaa47116,regular,82,38788483,473030,-5,1,1,139900,11192,30000,0,181092,139900,momo,paid,0,,0,0,0,1,completed,119.86,0,0,0
SYN-20251216-000633,2025-12-16T08:36:28.000Z,2025-12-16,2,15,12,69b66f179390b3e4eaa4710a,vip,300,150762893,502543,-90,2,3,609700,48776,0,75000,583476,304850,momo,paid,1,VEGGIE25,0,2,1,0,completed,2140.17,0,0,0
SYN-20251207-000634,2025-12-07T13:05:36.000Z,2025-12-07,0,20,12,69b66f189390b3e4eaa47131,regular,82,38006436,463493,-99,2,3,579700,46376,0,100000,526076,289850,bank_transfer,paid,1,HEALTHY20,0,2,1,0,completed,2351.68,0,0,0
SYN-20251031-000635,2025-10-31T13:23:11.000Z,2025-10-31,5,20,10,69b66f179390b3e4eaa4710a,vip,300,150762893,502543,-136,2,2,399800,31984,30000,0,461784,199900,momo,paid,0,,1,0,1,0,completed,3239.39,0,0,0
SYN-20260315-000636,2026-03-15T05:13:23.000Z,2026-03-15,0,12,3,69b66f179390b3e4eaa47110,regular,80,39676181,495952,-1,2,2,449800,35984,30000,50000,465784,224900,card,unpaid,1,EATOMO50K,0,1,1,0,pending,7.55,0,1,1
SYN-20251110-000637,2025-11-10T01:35:57.000Z,2025-11-10,1,8,11,69b66f179390b3e4eaa4712b,regular,83,34910035,420603,-126,1,1,149900,11992,30000,0,191892,149900,bank_transfer,paid,0,,1,0,0,0,completed,3011.18,0,0,0
SYN-20260120-000638,2026-01-20T14:51:44.000Z,2026-01-20,2,21,1,69b66f189390b3e4eaa47134,regular,69,34548879,500708,-54,2,2,459800,36784,30000,0,526584,229900,momo,unpaid,0,,0,1,1,0,preparing,1293.92,0,1,1
SYN-20251030-000639,2025-10-30T02:14:43.000Z,2025-10-30,4,9,10,69b66f179390b3e4eaa4710d,regular,128,62788236,490533,-137,2,2,319800,25584,30000,31980,343404,159900,momo,paid,1,WELCOME10,1,0,0,1,delivering,3274.53,0,1,0
SYN-20250531-000640,2025-05-31T11:24:26.000Z,2025-05-31,6,18,5,69b66f179390b3e4eaa47128,regular,66,34270303,519247,-288,2,4,939600,75168,0,60000,954768,469800,momo,unpaid,1,PROTEIN10,0,2,2,0,preparing,6913.37,0,1,1
SYN-20250616-000641,2025-06-16T02:10:43.000Z,2025-06-16,1,9,6,69b66f179390b3e4eaa4710a,vip,300,150762893,502543,-273,2,3,429700,34376,30000,75000,419076,214850,card,paid,1,VEGGIE25,2,0,0,1,delivering,6538.6,0,1,0
SYN-20251014-000642,2025-10-14T09:14:46.000Z,2025-10-14,2,16,10,69b66f179390b3e4eaa4710a,vip,300,150762893,502543,-153,2,2,354800,28384,30000,0,413184,177400,momo,paid,0,,0,2,0,0,delivering,3651.53,0,1,0
SYN-20250720-000643,2025-07-20T09:31:20.000Z,2025-07-20,0,16,7,69b66f179390b3e4eaa47119,regular,49,23556582,480747,-239,1,1,179900,14392,30000,0,224292,179900,momo,unpaid,0,,1,0,0,0,confirmed,5715.26,0,1,1
SYN-20260107-000644,2026-01-07T07:08:08.000Z,2026-01-07,3,14,1,69b66f179390b3e4eaa47116,regular,82,38788483,473030,-68,1,1,139900,11192,30000,0,181092,139900,momo,paid,0,,1,0,0,0,completed,1613.64,0,0,0
SYN-20251211-000645,2025-12-11T07:51:36.000Z,2025-12-11,4,14,12,69b66f179390b3e4eaa4710a,vip,300,150762893,502543,-95,2,2,379800,30384,30000,0,440184,189900,card,unpaid,0,,0,2,0,0,pending,2260.92,0,1,1
SYN-20250903-000646,2025-09-03T03:11:40.000Z,2025-09-03,3,10,9,69b66f179390b3e4eaa4712b,regular,83,34910035,420603,-194,2,3,484700,38776,30000,50000,503476,242350,momo,paid,1,EATOMO50K,3,0,0,0,completed,4641.58,0,0,0
SYN-20260226-000647,2026-02-26T01:22:15.000Z,2026-02-26,4,8,2,69b66f179390b3e4eaa4711f,regular,96,51556197,537044,-18,2,3,499700,39976,30000,0,569676,249850,card,paid,0,,0,2,0,1,completed,419.41,0,0,0
SYN-20250823-000648,2025-08-23T01:45:11.000Z,2025-08-23,6,8,8,69b66f179390b3e4eaa47125,regular,78,39418164,505361,-205,2,2,329800,26384,30000,32980,353204,164900,bank_transfer,paid,1,PROTEIN10,0,1,0,1,completed,4907.02,0,0,0
SYN-20260212-000649,2026-02-12T11:37:23.000Z,2026-02-12,4,18,2,69b66f179390b3e4eaa47116,regular,82,38788483,473030,-31,2,3,519700,41576,0,80000,481276,259850,cash,paid,1,FLASH25,0,3,0,0,completed,745.15,0,0,0
SYN-20250702-000650,2025-07-02T08:30:41.000Z,2025-07-02,3,15,7,69b66f189390b3e4eaa47131,regular,82,38006436,463493,-257,1,1,164900,13192,30000,0,208092,164900,card,unpaid,0,,1,0,0,0,delivering,6148.27,0,1,1
SYN-20260104-000651,2026-01-04T10:04:32.000Z,2026-01-04,0,17,1,69b66f179390b3e4eaa4710a,vip,300,150762893,502543,-71,1,1,199900,15992,30000,59970,185922,199900,bank_transfer,unpaid,1,FIRSTORDER30,0,1,0,0,preparing,1682.7,0,1,1
SYN-20260307-000652,2026-03-07T08:00:07.000Z,2026-03-07,6,15,3,69b66f189390b3e4eaa47131,regular,82,38006436,463493,-9,1,2,399800,31984,30000,75000,386784,399800,momo,paid,1,VEGGIE25,0,2,0,0,completed,196.78,0,0,0
SYN-20250531-000653,2025-05-31T12:42:50.000Z,2025-05-31,6,19,5,69b66f179390b3e4eaa47116,regular,82,38788483,473030,-288,2,2,389800,31184,30000,0,450984,194900,momo,paid,0,,0,0,1,1,completed,6912.06,0,0,0
SYN-20260213-000654,2026-02-13T08:52:45.000Z,2026-02-13,5,15,2,69b66f179390b3e4eaa4711f,regular,96,51556197,537044,-31,2,3,509700,40776,0,0,550476,254850,cash,unpaid,0,,0,2,0,1,completed,723.9,0,0,1
SYN-20260314-000655,2026-03-14T12:09:34.000Z,2026-03-14,6,19,3,69b66f179390b3e4eaa47110,regular,80,39676181,495952,-2,2,2,339800,27184,30000,0,396984,169900,momo,unpaid,0,,0,1,0,1,confirmed,24.62,0,1,1
SYN-20260214-000656,2026-02-14T03:51:03.000Z,2026-02-14,6,10,2,69b66f179390b3e4eaa4711f,regular,96,51556197,537044,-30,2,2,449800,35984,30000,50000,465784,224900,bank_transfer,unpaid,1,EATOMO50K,0,1,1,0,confirmed,704.93,0,1,1
SYN-20260313-000657,2026-03-13T02:37:08.000Z,2026-03-13,5,9,3,69b66f179390b3e4eaa4711f,regular,96,51556197,537044,-3,2,2,399800,31984,30000,0,461784,199900,cash,unpaid,0,,0,0,1,1,pending,58.16,0,1,1
SYN-20260311-000658,2026-03-11T02:51:24.000Z,2026-03-11,3,9,3,69b66f179390b3e4eaa47110,regular,80,39676181,495952,-5,2,2,369800,29584,30000,73960,355424,184900,cash,paid,1,HEALTHY20,1,1,0,0,delivering,105.92,0,1,0
SYN-20251206-000659,2025-12-06T03:06:18.000Z,2025-12-06,6,10,12,69b66f179390b3e4eaa4710a,vip,300,150762893,502543,-100,2,3,524700,41976,0,120000,446676,262350,bank_transfer,paid,1,FIRSTORDER30,2,1,0,0,delivering,2385.67,0,1,0
SYN-20260203-000660,2026-02-03T05:29:28.000Z,2026-02-03,2,12,2,69b66f179390b3e4eaa4712b,regular,83,34910035,420603,-41,1,1,179900,14392,30000,53970,170322,179900,cash,paid,1,FIRSTORDER30,0,1,0,0,completed,967.29,0,0,0
SYN-20251008-000661,2025-10-08T10:28:19.000Z,2025-10-08,3,17,10,69b66f179390b3e4eaa47122,regular,84,40357330,480444,-159,1,1,179900,14392,30000,0,224292,179900,cash,paid,0,,0,1,0,0,completed,3794.31,0,0,0
SYN-20251118-000662,2025-11-18T07:14:17.000Z,2025-11-18,2,14,11,69b66f179390b3e4eaa47122,regular,84,40357330,480444,-118,1,1,149900,11992,30000,0,191892,149900,momo,paid,0,,0,0,0,1,completed,2813.54,0,0,0
SYN-20260103-000663,2026-01-03T05:14:36.000Z,2026-01-03,6,12,1,69b66f189390b3e4eaa47134,regular,69,34548879,500708,-72,2,2,379800,30384,30000,0,440184,189900,cash,paid,0,,0,2,0,0,completed,1711.53,0,0,0
SYN-20251128-000664,2025-11-28T06:10:43.000Z,2025-11-28,5,13,11,69b66f179390b3e4eaa47110,regular,80,39676181,495952,-108,2,2,289800,23184,30000,0,342984,144900,momo,paid,0,,1,0,0,1,completed,2574.6,0,0,0
SYN-20251016-000665,2025-10-16T10:00:03.000Z,2025-10-16,4,17,10,69b66f179390b3e4eaa47125,regular,78,39418164,505361,-151,1,1,209900,16792,30000,0,256692,209900,card,paid,0,,0,1,0,0,completed,3602.78,0,0,0
SYN-20260309-000666,2026-03-09T03:50:35.000Z,2026-03-09,1,10,3,69b66f189390b3e4eaa4712e,regular,66,32415979,491151,-7,2,2,399800,31984,30000,0,461784,199900,momo,paid,0,,1,0,1,0,delivering,152.93,0,1,0
SYN-20260305-000667,2026-03-05T14:46:03.000Z,2026-03-05,4,21,3,69b66f179390b3e4eaa4710d,regular,128,62788236,490533,-10,1,1,149900,11992,30000,0,191892,149900,bank_transfer,unpaid,0,,0,0,0,1,preparing,238.01,0,1,1
SYN-20251231-000668,2025-12-31T12:47:05.000Z,2025-12-31,3,19,12,69b66f179390b3e4eaa47113,regular,89,41138137,462226,-75,1,2,379800,30384,30000,0,440184,379800,momo,unpaid,0,,0,2,0,0,delivering,1775.99,0,1,1
SYN-20250814-000669,2025-08-14T10:31:27.000Z,2025-08-14,4,17,8,69b66f179390b3e4eaa4710d,regular,128,62788236,490533,-213,2,2,449800,35984,30000,0,515784,224900,momo,paid,0,,0,1,1,0,completed,5114.25,0,0,0
SYN-20251230-000670,2025-12-30T01:23:37.000Z,2025-12-30,2,8,12,69b66f179390b3e4eaa4710a,vip,300,150762893,502543,-76,2,2,304800,24384,30000,30480,328704,152400,momo,unpaid,1,PROTEIN10,0,1,0,1,pending,1811.38,0,1,1
SYN-20260114-000671,2026-01-14T14:37:54.000Z,2026-01-14,3,21,1,69b66f179390b3e4eaa4711c,regular,50,24230795,484616,-60,2,2,369800,29584,30000,75000,354384,184900,card,paid,1,VEGGIE25,1,1,0,0,completed,1438.15,0,0,0
SYN-20250412-000672,2025-04-12T03:45:44.000Z,2025-04-12,6,10,4,69b66f179390b3e4eaa4710d,regular,128,62788236,490533,-338,2,3,669700,53576,0,0,723276,334850,cash,unpaid,0,,1,0,2,0,pending,8097.02,0,1,1
SYN-20260117-000673,2026-01-17T03:30:01.000Z,2026-01-17,6,10,1,69b66f189390b3e4eaa4712e,regular,66,32415979,491151,-58,2,3,659700,52776,0,50000,662476,329850,momo,paid,1,EATOMO50K,0,1,2,0,completed,1377.28,0,0,0
SYN-20260311-000674,2026-03-11T06:49:40.000Z,2026-03-11,3,13,3,69b66f179390b3e4eaa47122,regular,84,40357330,480444,-5,1,1,189900,15192,30000,0,235092,189900,cash,paid,0,,0,1,0,0,delivering,101.95,0,1,0
SYN-20251229-000675,2025-12-29T01:06:44.000Z,2025-12-29,1,8,12,69b66f179390b3e4eaa47125,regular,78,39418164,505361,-77,1,2,439800,35184,30000,25000,479984,439800,card,refunded,1,FREESHIP,0,0,2,0,cancelled,1835.67,1,0,0
SYN-20260122-000676,2026-01-22T04:20:51.000Z,2026-01-22,4,11,1,69b66f179390b3e4eaa4711f,regular,96,51556197,537044,-53,2,4,779600,62368,0,100000,741968,389800,momo,unpaid,1,HEALTHY20,2,2,0,0,preparing,1256.43,0,1,1
SYN-20250909-000677,2025-09-09T03:35:55.000Z,2025-09-09,2,10,9,69b66f179390b3e4eaa47116,regular,82,38788483,473030,-188,1,2,279800,22384,30000,0,332184,279800,cash,unpaid,0,,0,0,0,2,completed,4497.18,0,0,1
SYN-20250809-000678,2025-08-09T05:19:43.000Z,2025-08-09,6,12,8,69b66f189390b3e4eaa4712e,regular,66,32415979,491151,-219,1,1,189900,15192,30000,0,235092,189900,card,unpaid,0,,0,1,0,0,delivering,5239.45,0,1,1
SYN-20260312-000679,2026-03-12T01:47:57.000Z,2026-03-12,4,8,3,69b66f179390b3e4eaa47113,regular,89,41138137,462226,-4,2,2,299800,23984,30000,0,353784,149900,bank_transfer,unpaid,0,,0,0,0,2,cancelled,82.98,1,0,1
SYN-20250827-000680,2025-08-27T10:32:42.000Z,2025-08-27,3,17,8,69b66f189390b3e4eaa47131,regular,82,38006436,463493,-201,2,3,489700,39176,30000,0,558876,244850,momo,unpaid,0,,3,0,0,0,confirmed,4802.23,0,1,1
SYN-20251227-000681,2025-12-27T03:07:51.000Z,2025-12-27,6,10,12,69b66f179390b3e4eaa47113,regular,89,41138137,462226,-79,2,5,859500,68760,0,50000,878260,429750,momo,unpaid,1,EATOMO50K,0,3,0,2,confirmed,1881.65,0,1,1
SYN-20260204-000682,2026-02-04T10:49:48.000Z,2026-02-04,3,17,2,69b66f179390b3e4eaa47116,regular,82,38788483,473030,-39,1,1,249900,19992,30000,24990,274902,249900,momo,unpaid,1,WELCOME10,0,0,1,0,completed,937.95,0,0,1
SYN-20260204-000683,2026-02-04T08:10:23.000Z,2026-02-04,3,15,2,69b66f189390b3e4eaa47131,regular,82,38006436,463493,-40,2,5,1029500,82360,0,50000,1061860,514750,momo,paid,1,EATOMO50K,0,5,0,0,completed,940.6,0,0,0
SYN-20260314-000684,2026-03-14T07:51:43.000Z,2026-03-14,6,14,3,69b66f179390b3e4eaa47110,regular,80,39676181,495952,-2,1,1,189900,15192,30000,56970,178122,189900,card,unpaid,1,FIRSTORDER30,0,1,0,0,pending,28.92,0,1,1
SYN-20251209-000685,2025-12-09T05:39:31.000Z,2025-12-09,2,12,12,69b66f179390b3e4eaa47113,regular,89,41138137,462226,-97,2,3,619700,49576,0,0,669276,309850,momo,unpaid,0,,0,2,1,0,delivering,2311.12,0,1,1
SYN-20250611-000686,2025-06-11T03:26:45.000Z,2025-06-11,3,10,6,69b66f179390b3e4eaa4710d,regular,128,62788236,490533,-278,2,3,579700,46376,0,0,626076,289850,card,paid,0,,0,3,0,0,delivering,6657.33,0,1,0
SYN-20260106-000687,2026-01-06T09:48:18.000Z,2026-01-06,2,16,1,69b66f189390b3e4eaa47134,regular,69,34548879,500708,-69,2,4,879600,70368,0,0,949968,439800,momo,paid,0,,0,2,2,0,completed,1634.97,0,0,0
SYN-20250929-000688,2025-09-29T04:20:37.000Z,2025-09-29,1,11,9,69b66f179390b3e4eaa47110,regular,80,39676181,495952,-168,2,2,339800,27184,30000,25000,371984,169900,cash,paid,1,FREESHIP,1,1,0,0,completed,4016.43,0,0,0
SYN-20250830-000689,2025-08-30T11:12:51.000Z,2025-08-30,6,18,8,69b66f179390b3e4eaa4711c,regular,50,24230795,484616,-198,1,1,169900,13592,30000,0,213492,169900,card,paid,0,,1,0,0,0,completed,4729.56,0,0,0
SYN-20250526-000690,2025-05-26T05:11:12.000Z,2025-05-26,1,12,5,69b66f179390b3e4eaa4710a,vip,300,150762893,502543,-294,2,4,799600,63968,0,80000,783568,399800,momo,paid,1,FLASH25,0,0,2,2,delivering,7039.59,0,1,0
SYN-20250910-000691,2025-09-10T09:30:22.000Z,2025-09-10,3,16,9,69b66f179390b3e4eaa4710a,vip,300,150762893,502543,-187,1,2,359800,28784,30000,25000,393584,359800,momo,paid,1,FREESHIP,2,0,0,0,completed,4467.27,0,0,0
SYN-20250821-000692,2025-08-21T09:06:25.000Z,2025-08-21,4,16,8,69b66f179390b3e4eaa47122,regular,84,40357330,480444,-207,1,3,599700,47976,0,0,647676,599700,momo,paid,0,,0,3,0,0,completed,4947.67,0,0,0
SYN-20250624-000693,2025-06-24T13:33:41.000Z,2025-06-24,2,20,6,69b66f179390b3e4eaa47128,regular,66,34270303,519247,-264,2,3,599700,47976,0,0,647676,299850,bank_transfer,unpaid,0,,1,0,2,0,pending,6335.22,0,1,1
SYN-20251116-000694,2025-11-16T10:45:45.000Z,2025-11-16,0,17,11,69b66f179390b3e4eaa4712b,regular,83,34910035,420603,-120,2,4,619600,49568,0,80000,589168,309800,momo,unpaid,1,SUMMER15,1,0,0,3,confirmed,2858.02,0,1,1
SYN-20250703-000695,2025-07-03T05:03:30.000Z,2025-07-03,4,12,7,69b66f179390b3e4eaa47122,regular,84,40357330,480444,-256,1,1,239900,19192,30000,25000,264092,239900,cash,paid,1,FREESHIP,0,0,1,0,completed,6127.72,0,0,0
SYN-20260307-000696,2026-03-07T08:44:35.000Z,2026-03-07,6,15,3,69b66f179390b3e4eaa4711c,regular,50,24230795,484616,-9,1,1,174900,13992,30000,0,218892,174900,card,unpaid,0,,0,1,0,0,confirmed,196.03,0,1,1
SYN-20250502-000697,2025-05-02T05:26:33.000Z,2025-05-02,5,12,5,69b66f179390b3e4eaa4710d,regular,128,62788236,490533,-318,2,2,414800,33184,30000,0,477984,207400,card,paid,0,,0,1,1,0,completed,7615.34,0,0,0
SYN-20250521-000698,2025-05-21T12:20:01.000Z,2025-05-21,3,19,5,69b66f179390b3e4eaa47113,regular,89,41138137,462226,-299,1,1,149900,11992,30000,0,191892,149900,momo,unpaid,0,,0,0,0,1,preparing,7152.44,0,1,1
SYN-20260302-000699,2026-03-02T13:07:59.000Z,2026-03-02,1,20,3,69b66f179390b3e4eaa4711f,regular,96,51556197,537044,-14,1,1,129900,10392,30000,0,170292,129900,momo,paid,0,,0,0,0,1,completed,311.64,0,0,0
SYN-20260313-000700,2026-03-13T09:36:27.000Z,2026-03-13,5,16,3,69b66f179390b3e4eaa47119,regular,49,23556582,480747,-3,2,3,509700,40776,0,50000,500476,254850,cash,unpaid,1,EATOMO50K,0,1,0,2,confirmed,51.17,0,1,1
SYN-20260209-000701,2026-02-09T03:01:25.000Z,2026-02-09,1,10,2,69b66f179390b3e4eaa4710d,regular,128,62788236,490533,-35,1,2,399800,31984,30000,0,461784,399800,card,unpaid,0,,0,2,0,0,preparing,825.75,0,1,1
SYN-20260124-000702,2026-01-24T10:37:15.000Z,2026-01-24,6,17,1,69b66f179390b3e4eaa47113,regular,89,41138137,462226,-51,2,3,599700,47976,0,59970,587706,299850,card,paid,1,PROTEIN10,0,3,0,0,delivering,1202.16,0,1,0
SYN-20250327-000703,2025-03-27T08:13:18.000Z,2025-03-27,4,15,3,69b66f189390b3e4eaa4712e,regular,66,32415979,491151,-354,1,1,189900,15192,30000,0,235092,189900,momo,paid,0,,0,1,0,0,completed,8476.56,0,0,0
SYN-20250728-000704,2025-07-28T07:24:35.000Z,2025-07-28,1,14,7,69b66f179390b3e4eaa4710a,vip,300,150762893,502543,-231,1,1,154900,12392,30000,0,197292,154900,card,unpaid,0,,1,0,0,0,preparing,5525.37,0,1,1
SYN-20260311-000705,2026-03-11T05:16:50.000Z,2026-03-11,3,12,3,69b66f179390b3e4eaa47113,regular,89,41138137,462226,-5,2,4,979600,78368,0,75000,982968,489800,momo,unpaid,1,VEGGIE25,0,0,4,0,confirmed,103.5,0,1,1
SYN-20260311-000706,2026-03-11T13:27:42.000Z,2026-03-11,3,20,3,69b66f179390b3e4eaa4710a,vip,300,150762893,502543,-5,2,2,399800,31984,30000,0,461784,199900,momo,paid,0,,0,0,1,1,completed,95.32,0,0,0
SYN-20250421-000707,2025-04-21T11:15:47.000Z,2025-04-21,1,18,4,69b66f179390b3e4eaa4711f,regular,96,51556197,537044,-329,2,2,314800,25184,30000,0,369984,157400,cash,paid,0,,0,1,0,1,delivering,7873.51,0,1,0
SYN-20250723-000708,2025-07-23T04:25:57.000Z,2025-07-23,3,11,7,69b66f179390b3e4eaa4710a,vip,300,150762893,502543,-236,1,1,139900,11192,30000,0,181092,139900,card,paid,0,,0,0,0,1,completed,5648.35,0,0,0
SYN-20251108-000709,2025-11-08T09:26:33.000Z,2025-11-08,6,16,11,69b66f179390b3e4eaa47113,regular,89,41138137,462226,-128,2,4,594600,47568,0,0,642168,297300,cash,unpaid,0,,0,1,0,3,pending,3051.34,0,1,1
SYN-20250524-000710,2025-05-24T05:20:13.000Z,2025-05-24,6,12,5,69b66f179390b3e4eaa4710a,vip,300,150762893,502543,-296,2,2,399800,31984,30000,50000,411784,199900,momo,paid,1,EATOMO50K,0,2,0,0,completed,7087.44,0,0,0
SYN-20250820-000711,2025-08-20T06:53:25.000Z,2025-08-20,3,13,8,69b66f179390b3e4eaa4710d,regular,128,62788236,490533,-208,1,1,229900,18392,30000,0,278292,229900,momo,unpaid,0,,0,0,1,0,preparing,4973.89,0,1,1
SYN-20250816-000712,2025-08-16T11:44:01.000Z,2025-08-16,6,18,8,69b66f179390b3e4eaa4711c,regular,50,24230795,484616,-212,2,3,609700,48776,0,0,658476,304850,momo,unpaid,0,,0,2,1,0,pending,5065.04,0,1,1
SYN-20260306-000713,2026-03-06T04:56:57.000Z,2026-03-06,5,11,3,69b66f179390b3e4eaa47125,regular,78,39418164,505361,-10,1,2,299800,23984,30000,29980,323804,299800,card,paid,1,PROTEIN10,0,0,0,2,completed,223.83,0,0,0
SYN-20251001-000714,2025-10-01T01:23:17.000Z,2025-10-01,3,8,10,69b66f179390b3e4eaa4711c,regular,50,24230795,484616,-166,2,2,429800,34384,30000,0,494184,214900,bank_transfer,paid,0,,1,0,1,0,completed,3971.39,0,0,0
SYN-20251222-000715,2025-12-22T10:03:05.000Z,2025-12-22,1,17,12,69b66f179390b3e4eaa4712b,regular,83,34910035,420603,-84,1,2,359800,28784,30000,0,418584,359800,momo,paid,0,,2,0,0,0,delivering,1994.73,0,1,0
SYN-20260211-000716,2026-02-11T08:08:07.000Z,2026-02-11,3,15,2,69b66f179390b3e4eaa47125,regular,78,39418164,505361,-33,2,3,639700,51176,0,0,690876,319850,cash,paid,0,,0,0,2,1,delivering,772.64,0,1,0
SYN-20250710-000717,2025-07-10T08:42:22.000Z,2025-07-10,4,15,7,69b66f179390b3e4eaa4711c,regular,50,24230795,484616,-249,1,2,329800,26384,30000,32980,353204,329800,cash,paid,1,PROTEIN10,2,0,0,0,delivering,5956.07,0,1,0
SYN-20260125-000718,2026-01-25T10:05:46.000Z,2026-01-25,0,17,1,69b66f179390b3e4eaa47128,regular,66,34270303,519247,-49,2,3,689700,55176,0,0,744876,344850,bank_transfer,unpaid,0,,0,2,1,0,delivering,1178.68,0,1,1
SYN-20250417-000719,2025-04-17T06:59:56.000Z,2025-04-17,4,13,4,69b66f179390b3e4eaa47113,regular,89,41138137,462226,-333,2,4,629600,50368,0,0,679968,314800,cash,paid,0,,4,0,0,0,completed,7973.78,0,0,0
SYN-20260217-000720,2026-02-17T08:38:27.000Z,2026-02-17,2,15,2,69b66f179390b3e4eaa47110,regular,80,39676181,495952,-27,2,2,359800,28784,30000,80000,338584,179900,card,paid,1,FLASH25,0,1,0,1,completed,628.14,0,0,0
SYN-20250501-000721,2025-05-01T12:29:19.000Z,2025-05-01,4,19,5,69b66f179390b3e4eaa47128,regular,66,34270303,519247,-318,1,1,129900,10392,30000,0,170292,129900,card,unpaid,0,,0,0,0,1,pending,7632.29,0,1,1
SYN-20260115-000722,2026-01-15T05:09:41.000Z,2026-01-15,4,12,1,69b66f179390b3e4eaa47119,regular,49,23556582,480747,-60,1,2,379800,30384,30000,0,440184,379800,card,paid,0,,0,2,0,0,delivering,1423.62,0,1,0
SYN-20250712-000723,2025-07-12T14:50:26.000Z,2025-07-12,6,21,7,69b66f179390b3e4eaa47113,regular,89,41138137,462226,-246,2,2,369800,29584,30000,50000,379384,184900,card,unpaid,1,EATOMO50K,1,1,0,0,pending,5901.94,0,1,1
SYN-20250606-000724,2025-06-06T04:02:11.000Z,2025-06-06,5,11,6,69b66f179390b3e4eaa47122,regular,84,40357330,480444,-283,2,3,589700,47176,0,0,636876,294850,momo,paid,0,,0,0,2,1,delivering,6776.74,0,1,0
SYN-20260201-000725,2026-02-01T02:21:18.000Z,2026-02-01,0,9,2,69b66f179390b3e4eaa47110,regular,80,39676181,495952,-43,1,2,419800,33584,30000,25000,458384,419800,momo,unpaid,1,FREESHIP,0,2,0,0,completed,1018.42,0,0,1
SYN-20260103-000726,2026-01-03T03:12:50.000Z,2026-01-03,6,10,1,69b66f179390b3e4eaa47116,regular,82,38788483,473030,-72,1,3,449700,35976,30000,89940,425736,449700,card,paid,1,HEALTHY20,0,0,0,3,completed,1713.56,0,0,0
SYN-20260214-000727,2026-02-14T06:19:05.000Z,2026-02-14,6,13,2,69b66f179390b3e4eaa4710a,vip,300,150762893,502543,-30,2,3,679700,54376,0,60000,674076,339850,momo,paid,1,PROTEIN10,1,0,2,0,completed,702.46,0,0,0
SYN-20260129-000728,2026-01-29T09:25:54.000Z,2026-01-29,4,16,1,69b66f179390b3e4eaa47125,regular,78,39418164,505361,-46,2,2,469800,37584,30000,0,537384,234900,card,unpaid,0,,0,1,1,0,confirmed,1083.35,0,1,1
SYN-20250817-000729,2025-08-17T14:31:01.000Z,2025-08-17,0,21,8,69b66f179390b3e4eaa47128,regular,66,34270303,519247,-210,1,2,349800,27984,30000,50000,357784,349800,momo,unpaid,1,EATOMO50K,0,2,0,0,pending,5038.26,0,1,1
SYN-20251015-000730,2025-10-15T11:19:37.000Z,2025-10-15,3,18,10,69b66f179390b3e4eaa4710a,vip,300,150762893,502543,-152,2,4,689600,55168,0,50000,694768,344800,momo,paid,1,WELCOME10,0,3,0,1,completed,3625.45,0,0,0
SYN-20251021-000731,2025-10-21T12:42:20.000Z,2025-10-21,2,19,10,69b66f189390b3e4eaa4712e,regular,66,32415979,491151,-146,2,4,619600,49568,0,0,669168,309800,card,unpaid,0,,2,0,0,2,pending,3480.07,0,1,1
SYN-20251102-000732,2025-11-02T05:37:09.000Z,2025-11-02,0,12,11,69b66f179390b3e4eaa47125,regular,78,39418164,505361,-134,1,1,139900,11192,30000,0,181092,139900,cash,unpaid,0,,0,0,0,1,delivering,3199.16,0,1,1
SYN-20250402-000733,2025-04-02T09:50:24.000Z,2025-04-02,3,16,4,69b66f179390b3e4eaa4710a,vip,300,150762893,502543,-348,2,3,439700,35176,30000,43970,460906,219850,bank_transfer,paid,1,PROTEIN10,1,0,0,2,completed,8330.94,0,0,0
SYN-20251111-000734,2025-11-11T12:12:48.000Z,2025-11-11,2,19,11,69b66f179390b3e4eaa4710a,vip,300,150762893,502543,-125,2,4,779600,62368,0,50000,791968,389800,momo,paid,1,EATOMO50K,0,0,2,2,completed,2976.56,0,0,0
SYN-20250828-000735,2025-08-28T07:30:32.000Z,2025-08-28,4,14,8,69b66f179390b3e4eaa47119,regular,49,23556582,480747,-200,2,2,419800,33584,30000,0,483384,209900,momo,unpaid,0,,1,0,1,0,completed,4781.27,0,0,1
SYN-20250914-000736,2025-09-14T04:45:18.000Z,2025-09-14,0,11,9,69b66f179390b3e4eaa4710a,vip,300,150762893,502543,-183,1,1,159900,12792,30000,0,202692,159900,momo,unpaid,0,,1,0,0,0,confirmed,4376.02,0,1,1
SYN-20251230-000737,2025-12-30T04:24:00.000Z,2025-12-30,2,11,12,69b66f179390b3e4eaa4711c,regular,50,24230795,484616,-76,2,2,439800,35184,30000,0,504984,219900,cash,unpaid,0,,0,1,1,0,preparing,1808.38,0,1,1
SYN-20260225-000738,2026-02-25T06:59:27.000Z,2026-02-25,3,13,2,69b66f179390b3e4eaa4710a,vip,300,150762893,502543,-19,2,2,369800,29584,30000,0,429384,184900,card,unpaid,0,,1,1,0,0,preparing,437.79,0,1,1
SYN-20251013-000739,2025-10-13T08:36:13.000Z,2025-10-13,1,15,10,69b66f179390b3e4eaa4710a,vip,300,150762893,502543,-154,2,2,369800,29584,30000,80000,349384,184900,card,paid,1,FLASH25,0,2,0,0,completed,3676.17,0,0,0
SYN-20260224-000740,2026-02-24T14:44:51.000Z,2026-02-24,2,21,2,69b66f179390b3e4eaa47125,regular,78,39418164,505361,-19,2,3,559700,44776,0,0,604476,279850,cash,paid,0,,0,3,0,0,completed,454.03,0,0,0
SYN-20250329-000741,2025-03-29T14:48:16.000Z,2025-03-29,6,21,3,69b66f179390b3e4eaa4710a,vip,300,150762893,502543,-351,1,1,259900,20792,30000,0,310692,259900,card,unpaid,0,,0,0,1,0,pending,8421.97,0,1,1
SYN-20251217-000742,2025-12-17T12:58:23.000Z,2025-12-17,3,19,12,69b66f179390b3e4eaa4710a,vip,300,150762893,502543,-89,2,2,289800,23184,30000,28980,314004,144900,cash,unpaid,1,WELCOME10,1,0,0,1,preparing,2111.8,0,1,1
SYN-20250628-000743,2025-06-28T14:47:00.000Z,2025-06-28,6,21,6,69b66f179390b3e4eaa4710d,regular,128,62788236,490533,-260,2,4,879600,70368,0,75000,874968,439800,card,paid,1,VEGGIE25,0,2,2,0,completed,6237.99,0,0,0
SYN-20250318-000744,2025-03-18T03:10:02.000Z,2025-03-18,2,10,3,69b66f179390b3e4eaa47128,regular,66,34270303,519247,-363,2,3,519700,41576,0,0,561276,259850,momo,unpaid,0,,0,0,1,2,confirmed,8697.61,0,1,1
SYN-20260224-000745,2026-02-24T13:13:57.000Z,2026-02-24,2,20,2,69b66f179390b3e4eaa4710a,vip,300,150762893,502543,-20,2,4,789600,63168,0,25000,827768,394800,momo,paid,1,FREESHIP,2,0,2,0,completed,455.55,0,0,0
SYN-20250828-000746,2025-08-28T10:00:49.000Z,2025-08-28,4,17,8,69b66f179390b3e4eaa4710a,vip,300,150762893,502543,-200,2,2,389800,31184,30000,75000,375984,194900,cash,paid,1,VEGGIE25,0,0,1,1,completed,4778.76,0,0,0
SYN-20250920-000747,2025-09-20T03:49:45.000Z,2025-09-20,6,10,9,69b66f179390b3e4eaa47116,regular,82,38788483,473030,-177,1,1,209900,16792,30000,0,256692,209900,card,unpaid,0,,0,1,0,0,confirmed,4232.95,0,1,1
SYN-20251121-000748,2025-11-21T06:10:28.000Z,2025-11-21,5,13,11,69b66f179390b3e4eaa4710a,vip,300,150762893,502543,-115,2,4,899600,71968,0,75000,896568,449800,cash,paid,1,VEGGIE25,0,2,2,0,delivering,2742.6,0,1,0
SYN-20260109-000749,2026-01-09T10:14:18.000Z,2026-01-09,5,17,1,69b66f179390b3e4eaa4710a,vip,300,150762893,502543,-66,2,3,579700,46376,0,57970,568106,289850,momo,paid,1,PROTEIN10,0,3,0,0,completed,1562.54,0,0,0
SYN-20251226-000750,2025-12-26T05:12:15.000Z,2025-12-26,5,12,12,69b66f189390b3e4eaa47131,regular,82,38006436,463493,-80,2,2,364800,29184,30000,0,423984,182400,cash,unpaid,0,,1,1,0,0,preparing,1903.57,0,1,1
SYN-20250620-000751,2025-06-20T06:49:27.000Z,2025-06-20,5,13,6,69b66f179390b3e4eaa4712b,regular,83,34910035,420603,-269,2,4,689600,55168,0,0,744768,344800,momo,paid,0,,2,2,0,0,delivering,6437.95,0,1,0
SYN-20251017-000752,2025-10-17T10:00:01.000Z,2025-10-17,5,17,10,69b66f189390b3e4eaa47134,regular,69,34548879,500708,-150,1,2,499800,39984,30000,0,569784,499800,momo,unpaid,0,,0,0,2,0,preparing,3578.78,0,1,1
SYN-20260304-000753,2026-03-04T11:04:10.000Z,2026-03-04,3,18,3,69b66f179390b3e4eaa4710a,vip,300,150762893,502543,-12,2,5,919500,73560,0,75000,918060,459750,momo,paid,1,VEGGIE25,0,5,0,0,completed,265.71,0,0,0
SYN-20260204-000754,2026-02-04T11:42:41.000Z,2026-02-04,3,18,2,69b66f189390b3e4eaa47131,regular,82,38006436,463493,-40,2,3,609700,48776,0,0,658476,304850,bank_transfer,paid,0,,0,2,1,0,completed,937.07,0,0,0
SYN-20250517-000755,2025-05-17T05:28:15.000Z,2025-05-17,6,12,5,69b66f179390b3e4eaa47119,regular,49,23556582,480747,-303,1,2,319800,25584,30000,0,375384,319800,cash,unpaid,0,,2,0,0,0,confirmed,7255.31,0,1,1
SYN-20260104-000756,2026-01-04T04:46:53.000Z,2026-01-04,0,11,1,69b66f179390b3e4eaa4711c,regular,50,24230795,484616,-71,2,2,469800,37584,30000,25000,512384,234900,cash,paid,1,FREESHIP,0,0,2,0,completed,1688,0,0,0
SYN-20260315-000757,2026-03-15T06:16:42.000Z,2026-03-15,0,13,3,69b66f179390b3e4eaa4710a,vip,300,150762893,502543,-1,2,3,544700,43576,0,25000,563276,272350,momo,unpaid,1,FREESHIP,1,2,0,0,confirmed,6.5,0,1,1
SYN-20260314-000758,2026-03-14T06:29:01.000Z,2026-03-14,6,13,3,69b66f179390b3e4eaa4712b,regular,83,34910035,420603,-2,1,1,159900,12792,30000,0,202692,159900,cash,paid,0,,1,0,0,0,delivering,30.29,0,1,0
SYN-20260313-000759,2026-03-13T14:55:36.000Z,2026-03-13,5,21,3,69b66f179390b3e4eaa4710a,vip,300,150762893,502543,-2,2,3,654700,52376,0,120000,587076,327350,momo,paid,1,FIRSTORDER30,1,0,2,0,delivering,45.85,0,1,0
SYN-20251110-000760,2025-11-10T09:43:30.000Z,2025-11-10,1,16,11,69b66f179390b3e4eaa4712b,regular,83,34910035,420603,-126,2,2,389800,31184,30000,0,450984,194900,momo,unpaid,0,,1,0,1,0,confirmed,3003.05,0,1,1
SYN-20251201-000761,2025-12-01T10:10:35.000Z,2025-12-01,1,17,12,69b66f179390b3e4eaa4711f,regular,96,51556197,537044,-105,2,2,309800,24784,30000,0,364584,154900,card,unpaid,0,,1,0,0,1,preparing,2498.6,0,1,1
SYN-20250320-000762,2025-03-20T03:05:27.000Z,2025-03-20,4,10,3,69b66f189390b3e4eaa4712e,regular,66,32415979,491151,-361,1,2,379800,30384,30000,25000,415184,379800,bank_transfer,paid,1,FREESHIP,0,2,0,0,delivering,8649.69,0,1,0
SYN-20260214-000763,2026-02-14T03:12:14.000Z,2026-02-14,6,10,2,69b66f179390b3e4eaa47119,regular,49,23556582,480747,-30,2,4,839600,67168,0,0,906768,419800,momo,paid,0,,0,0,2,2,completed,705.57,0,0,0
SYN-20251118-000764,2025-11-18T07:58:14.000Z,2025-11-18,2,14,11,69b66f179390b3e4eaa4712b,regular,83,34910035,420603,-118,1,2,419800,33584,30000,75000,408384,419800,momo,unpaid,1,VEGGIE25,0,2,0,0,confirmed,2812.81,0,1,1
SYN-20250907-000765,2025-09-07T14:46:47.000Z,2025-09-07,0,21,9,69b66f179390b3e4eaa47128,regular,66,34270303,519247,-189,2,3,489700,39176,30000,0,558876,244850,card,paid,0,,2,1,0,0,completed,4534,0,0,0
SYN-20251105-000766,2025-11-05T10:44:16.000Z,2025-11-05,3,17,11,69b66f189390b3e4eaa4712e,regular,66,32415979,491151,-131,2,3,499700,39976,30000,99940,469736,249850,momo,unpaid,1,HEALTHY20,2,0,0,1,completed,3122.04,0,0,1
SYN-20260118-000767,2026-01-18T13:46:06.000Z,2026-01-18,0,20,1,69b66f179390b3e4eaa47113,regular,89,41138137,462226,-56,1,1,169900,13592,30000,0,213492,169900,cash,unpaid,0,,1,0,0,0,preparing,1343.01,0,1,1
SYN-20251209-000768,2025-12-09T07:09:30.000Z,2025-12-09,2,14,12,69b66f179390b3e4eaa4712b,regular,83,34910035,420603,-97,2,3,664700,53176,0,80000,637876,332350,momo,unpaid,1,FLASH25,1,0,2,0,preparing,2309.62,0,1,1
SYN-20250524-000769,2025-05-24T07:48:02.000Z,2025-05-24,6,14,5,69b66f189390b3e4eaa47134,regular,69,34548879,500708,-296,2,3,649700,51976,0,100000,601676,324850,momo,paid,1,HEALTHY20,0,1,2,0,completed,7084.98,0,0,0
SYN-20250417-000770,2025-04-17T07:08:49.000Z,2025-04-17,4,14,4,69b66f179390b3e4eaa47128,regular,66,34270303,519247,-333,1,1,174900,13992,30000,0,218892,174900,momo,refunded,0,,0,1,0,0,cancelled,7973.63,1,0,0
SYN-20260302-000771,2026-03-02T10:41:33.000Z,2026-03-02,1,17,3,69b66f179390b3e4eaa47122,regular,84,40357330,480444,-14,2,4,659600,52768,0,0,712368,329800,cash,paid,0,,2,2,0,0,completed,314.09,0,0,0
SYN-20250802-000772,2025-08-02T09:57:54.000Z,2025-08-02,6,16,8,69b66f179390b3e4eaa4710a,vip,300,150762893,502543,-226,1,1,209900,16792,30000,0,256692,209900,momo,paid,0,,0,1,0,0,completed,5402.81,0,0,0
SYN-20260315-000773,2026-03-15T02:53:03.000Z,2026-03-15,0,9,3,69b66f189390b3e4eaa47134,regular,69,34548879,500708,-1,1,2,479800,38384,30000,0,548184,479800,card,unpaid,0,,0,0,2,0,confirmed,9.89,0,1,1
SYN-20260314-000774,2026-03-14T04:25:57.000Z,2026-03-14,6,11,3,69b66f179390b3e4eaa47128,regular,66,34270303,519247,-2,1,1,149900,11992,30000,0,191892,149900,card,unpaid,0,,0,0,0,1,preparing,32.35,0,1,1
SYN-20251127-000775,2025-11-27T13:41:51.000Z,2025-11-27,4,20,11,69b66f179390b3e4eaa4710a,vip,300,150762893,502543,-109,2,2,459800,36784,30000,80000,446584,229900,momo,paid,1,FLASH25,0,0,2,0,completed,2591.08,0,0,0
SYN-20260204-000776,2026-02-04T07:26:07.000Z,2026-02-04,3,14,2,69b66f179390b3e4eaa4712b,regular,83,34910035,420603,-40,1,1,249900,19992,30000,62475,237417,249900,card,paid,1,VEGGIE25,0,0,1,0,completed,941.34,0,0,0
SYN-20250617-000777,2025-06-17T12:21:56.000Z,2025-06-17,2,19,6,69b66f179390b3e4eaa47128,regular,66,34270303,519247,-271,2,3,789700,63176,0,100000,752876,394850,card,unpaid,1,VIP100K,0,0,3,0,preparing,6504.41,0,1,1
SYN-20260119-000778,2026-01-19T10:54:04.000Z,2026-01-19,1,17,1,69b66f189390b3e4eaa47134,regular,69,34548879,500708,-56,1,1,139900,11192,30000,0,181092,139900,momo,unpaid,0,,0,0,0,1,confirmed,1321.88,0,1,1
SYN-20251227-000779,2025-12-27T03:32:30.000Z,2025-12-27,6,10,12,69b66f179390b3e4eaa47125,regular,78,39418164,505361,-79,2,3,669700,53576,0,25000,698276,334850,momo,unpaid,1,FREESHIP,0,2,1,0,preparing,1881.24,0,1,1
SYN-20251215-000780,2025-12-15T13:31:37.000Z,2025-12-15,1,20,12,69b66f189390b3e4eaa4712e,regular,66,32415979,491151,-90,1,2,279800,22384,30000,0,332184,279800,momo,unpaid,0,,0,0,0,2,pending,2159.25,0,1,1
SYN-20250410-000781,2025-04-10T14:47:42.000Z,2025-04-10,4,21,4,69b66f179390b3e4eaa4710a,vip,300,150762893,502543,-339,2,2,509800,40784,0,0,550584,254900,momo,paid,0,,0,0,2,0,completed,8133.98,0,0,0
SYN-20260312-000782,2026-03-12T10:19:07.000Z,2026-03-12,4,17,3,69b66f179390b3e4eaa47110,regular,80,39676181,495952,-4,2,2,409800,32784,30000,50000,422584,204900,card,unpaid,1,EATOMO50K,0,1,1,0,preparing,74.46,0,1,1
SYN-20260126-000783,2026-01-26T13:58:37.000Z,2026-01-26,1,20,1,69b66f179390b3e4eaa47113,regular,89,41138137,462226,-48,1,2,419800,33584,30000,75000,408384,419800,cash,unpaid,1,VEGGIE25,0,2,0,0,pending,1150.8,0,1,1
SYN-20260302-000784,2026-03-02T13:11:10.000Z,2026-03-02,1,20,3,69b66f179390b3e4eaa47113,regular,89,41138137,462226,-13,1,2,419800,33584,30000,41980,441404,419800,momo,unpaid,1,PROTEIN10,0,2,0,0,confirmed,311.59,0,1,1
SYN-20260131-000785,2026-01-31T10:53:09.000Z,2026-01-31,6,17,1,69b66f179390b3e4eaa4710a,vip,300,150762893,502543,-44,2,3,629700,50376,0,75000,605076,314850,momo,paid,1,VEGGIE25,0,2,1,0,delivering,1033.89,0,1,0
SYN-20260306-000786,2026-03-06T09:39:07.000Z,2026-03-06,5,16,3,69b66f179390b3e4eaa47110,regular,80,39676181,495952,-10,2,4,799600,63968,0,0,863568,399800,cash,paid,0,,0,4,0,0,completed,219.13,0,0,0
SYN-20260213-000787,2026-02-13T03:52:17.000Z,2026-02-13,5,10,2,69b66f179390b3e4eaa47125,regular,78,39418164,505361,-31,1,2,399800,31984,30000,75000,386784,399800,card,refunded,1,VEGGIE25,0,2,0,0,cancelled,728.91,1,0,0
SYN-20251129-000788,2025-11-29T14:42:51.000Z,2025-11-29,6,21,11,69b66f179390b3e4eaa4711f,regular,96,51556197,537044,-106,2,4,744600,59568,0,75000,729168,372300,momo,unpaid,1,VEGGIE25,3,0,1,0,delivering,2542.06,0,1,1
SYN-20250808-000789,2025-08-08T01:51:30.000Z,2025-08-08,5,8,8,69b66f179390b3e4eaa4710d,regular,128,62788236,490533,-220,1,1,154900,12392,30000,46470,150822,154900,card,refunded,1,FIRSTORDER30,1,0,0,0,cancelled,5266.92,1,0,0
SYN-20250510-000790,2025-05-10T01:47:19.000Z,2025-05-10,6,8,5,69b66f179390b3e4eaa4710a,vip,300,150762893,502543,-310,1,1,149900,11992,30000,25000,166892,149900,cash,unpaid,1,FREESHIP,0,0,0,1,confirmed,7426.99,0,1,1
SYN-20251125-000791,2025-11-25T14:29:41.000Z,2025-11-25,2,21,11,69b66f189390b3e4eaa47131,regular,82,38006436,463493,-110,2,2,369800,29584,30000,75000,354384,184900,card,unpaid,1,VEGGIE25,0,2,0,0,delivering,2638.28,0,1,1
SYN-20260216-000792,2026-02-16T07:26:54.000Z,2026-02-16,1,14,2,69b66f179390b3e4eaa47125,regular,78,39418164,505361,-28,1,1,219900,17592,30000,0,267492,219900,bank_transfer,unpaid,0,,0,0,1,0,preparing,653.33,0,1,1
SYN-20260221-000793,2026-02-21T03:17:03.000Z,2026-02-21,6,10,2,69b66f179390b3e4eaa4710a,vip,300,150762893,502543,-23,1,2,289800,23184,30000,86940,256044,289800,card,paid,1,FIRSTORDER30,2,0,0,0,completed,537.49,0,0,0
SYN-20251119-000794,2025-11-19T07:41:59.000Z,2025-11-19,3,14,11,69b66f179390b3e4eaa47125,regular,78,39418164,505361,-117,2,2,399800,31984,30000,25000,436784,199900,momo,paid,1,FREESHIP,0,1,1,0,completed,2789.08,0,0,0
SYN-20250921-000795,2025-09-21T08:17:45.000Z,2025-09-21,0,15,9,69b66f189390b3e4eaa4712e,regular,66,32415979,491151,-176,2,4,639600,51168,0,0,690768,319800,cash,paid,0,,0,0,1,3,completed,4204.48,0,0,0
SYN-20250705-000796,2025-07-05T05:49:52.000Z,2025-07-05,6,12,7,69b66f179390b3e4eaa4710a,vip,300,150762893,502543,-254,2,4,569600,45568,0,75000,540168,284800,momo,paid,1,VEGGIE25,1,0,0,3,completed,6078.95,0,0,0
SYN-20260306-000797,2026-03-06T01:20:45.000Z,2026-03-06,5,8,3,69b66f179390b3e4eaa4710a,vip,300,150762893,502543,-10,1,1,199900,15992,30000,0,245892,199900,card,unpaid,0,,0,1,0,0,confirmed,227.43,0,1,1
SYN-20250614-000798,2025-06-14T03:55:46.000Z,2025-06-14,6,10,6,69b66f179390b3e4eaa4710a,vip,300,150762893,502543,-275,1,1,209900,16792,30000,52475,204217,209900,momo,paid,1,FLASH25,0,1,0,0,completed,6584.85,0,0,0
SYN-20260303-000799,2026-03-03T08:43:56.000Z,2026-03-03,2,15,3,69b66f179390b3e4eaa4710a,vip,300,150762893,502543,-13,2,3,444700,35576,30000,50000,460276,222350,card,paid,1,EATOMO50K,1,0,0,2,completed,292.05,0,0,0
SYN-20250422-000800,2025-04-22T03:01:50.000Z,2025-04-22,2,10,4,69b66f179390b3e4eaa4710a,vip,300,150762893,502543,-328,2,3,584700,46776,0,50000,581476,292350,momo,paid,1,WELCOME10,1,2,0,0,completed,7857.75,0,0,0
SYN-20260101-000801,2026-01-01T06:57:48.000Z,2026-01-01,4,13,1,69b66f179390b3e4eaa47125,regular,78,39418164,505361,-74,1,2,519800,41584,0,0,561384,519800,bank_transfer,paid,0,,0,0,2,0,completed,1757.81,0,0,0
SYN-20250530-000802,2025-05-30T08:29:55.000Z,2025-05-30,5,15,5,69b66f179390b3e4eaa4710a,vip,300,150762893,502543,-290,2,4,799600,63968,0,50000,813568,399800,momo,paid,1,WELCOME10,0,4,0,0,completed,6940.28,0,0,0
SYN-20251104-000803,2025-11-04T08:22:42.000Z,2025-11-04,2,15,11,69b66f179390b3e4eaa4710a,vip,300,150762893,502543,-132,1,1,159900,12792,30000,0,202692,159900,bank_transfer,paid,0,,1,0,0,0,delivering,3148.4,0,1,0
SYN-20260315-000804,2026-03-15T11:11:44.000Z,2026-03-15,0,18,3,69b66f179390b3e4eaa4711c,regular,50,24230795,484616,-1,1,3,419700,33576,30000,0,483276,419700,card,unpaid,0,,0,0,0,3,confirmed,1.58,0,0,1
SYN-20260315-000805,2026-03-15T02:45:24.000Z,2026-03-15,0,9,3,69b66f179390b3e4eaa4711c,regular,50,24230795,484616,-1,1,2,309800,24784,30000,0,364584,309800,momo,unpaid,0,,2,0,0,0,pending,10.02,0,1,1
SYN-20260225-000806,2026-02-25T09:02:45.000Z,2026-02-25,3,16,2,69b66f179390b3e4eaa47113,regular,89,41138137,462226,-19,2,3,549700,43976,0,0,593676,274850,card,unpaid,0,,2,1,0,0,completed,435.73,0,0,1
SYN-20250902-000807,2025-09-02T04:15:53.000Z,2025-09-02,2,11,9,69b66f179390b3e4eaa4712b,regular,83,34910035,420603,-195,2,2,344800,27584,30000,0,402384,172400,cash,paid,0,,1,1,0,0,completed,4664.51,0,0,0
SYN-20260312-000808,2026-03-12T05:10:33.000Z,2026-03-12,4,12,3,69b66f179390b3e4eaa47110,regular,80,39676181,495952,-4,2,3,749700,59976,0,80000,729676,374850,card,unpaid,1,FLASH25,0,0,3,0,confirmed,79.6,0,1,1
SYN-20250414-000809,2025-04-14T10:47:56.000Z,2025-04-14,1,17,4,69b66f189390b3e4eaa47134,regular,69,34548879,500708,-336,1,1,129900,10392,30000,32475,137817,129900,momo,paid,1,VEGGIE25,0,0,0,1,delivering,8041.98,0,1,0
SYN-20250724-000810,2025-07-24T14:25:19.000Z,2025-07-24,4,21,7,69b66f179390b3e4eaa4710a,vip,300,150762893,502543,-235,2,2,434800,34784,30000,120000,379584,217400,cash,paid,1,FIRSTORDER30,0,1,1,0,completed,5614.36,0,0,0
SYN-20260303-000811,2026-03-03T13:31:00.000Z,2026-03-03,2,20,3,69b66f189390b3e4eaa4712e,regular,66,32415979,491151,-12,2,4,679600,54368,0,0,733968,339800,momo,paid,0,,2,2,0,0,delivering,287.26,0,1,0
SYN-20260102-000812,2026-01-02T06:18:18.000Z,2026-01-02,5,13,1,69b66f179390b3e4eaa4710a,vip,300,150762893,502543,-73,2,3,619700,49576,0,0,669276,309850,bank_transfer,paid,0,,0,3,0,0,completed,1734.47,0,0,0
SYN-20251124-000813,2025-11-24T05:49:57.000Z,2025-11-24,1,12,11,69b66f179390b3e4eaa4710a,vip,300,150762893,502543,-112,2,2,359800,28784,30000,0,418584,179900,card,paid,0,,0,1,0,1,completed,2670.95,0,0,0
SYN-20260111-000814,2026-01-11T08:00:46.000Z,2026-01-11,0,15,1,69b66f179390b3e4eaa47113,regular,89,41138137,462226,-64,2,2,409800,32784,30000,0,472584,204900,momo,paid,0,,1,0,1,0,delivering,1516.76,0,1,0
SYN-20251113-000815,2025-11-13T10:49:52.000Z,2025-11-13,4,17,11,69b66f179390b3e4eaa47110,regular,80,39676181,495952,-123,1,2,499800,39984,30000,0,569784,499800,card,paid,0,,0,0,2,0,completed,2929.95,0,0,0
SYN-20251207-000816,2025-12-07T09:29:43.000Z,2025-12-07,0,16,12,69b66f179390b3e4eaa4710a,vip,300,150762893,502543,-99,1,2,279800,22384,30000,55960,276224,279800,card,paid,1,HEALTHY20,0,0,0,2,delivering,2355.28,0,1,0
SYN-20250911-000817,2025-09-11T14:14:02.000Z,2025-09-11,4,21,9,69b66f189390b3e4eaa47134,regular,69,34548879,500708,-186,1,1,209900,16792,30000,0,256692,209900,momo,paid,0,,0,1,0,0,delivering,4438.54,0,1,0
SYN-20260211-000818,2026-02-11T04:00:35.000Z,2026-02-11,3,11,2,69b66f179390b3e4eaa4710d,regular,128,62788236,490533,-33,2,3,519700,41576,0,0,561276,259850,card,unpaid,0,,0,2,0,1,completed,776.77,0,0,1
SYN-20250326-000819,2025-03-26T03:35:24.000Z,2025-03-26,3,10,3,69b66f179390b3e4eaa47128,regular,66,34270303,519247,-355,1,1,249900,19992,30000,0,299892,249900,cash,paid,0,,0,0,1,0,completed,8505.19,0,0,0
SYN-20251013-000820,2025-10-13T09:41:21.000Z,2025-10-13,1,16,10,69b66f179390b3e4eaa4710d,regular,128,62788236,490533,-153,2,3,599700,47976,0,100000,547676,299850,momo,unpaid,1,HEALTHY20,2,0,1,0,pending,3675.09,0,1,1
SYN-20260313-000821,2026-03-13T01:57:38.000Z,2026-03-13,5,8,3,69b66f179390b3e4eaa47122,regular,84,40357330,480444,-3,2,3,599700,47976,0,0,647676,299850,cash,paid,0,,0,2,1,0,completed,58.82,0,0,0
SYN-20250706-000822,2025-07-06T12:00:31.000Z,2025-07-06,0,19,7,69b66f179390b3e4eaa4710a,vip,300,150762893,502543,-253,1,3,449700,35976,30000,89940,425736,449700,card,unpaid,1,HEALTHY20,3,0,0,0,delivering,6048.77,0,1,1
SYN-20250826-000823,2025-08-26T07:54:51.000Z,2025-08-26,2,14,8,69b66f179390b3e4eaa47110,regular,80,39676181,495952,-202,2,2,364800,29184,30000,0,423984,182400,momo,unpaid,0,,0,2,0,0,confirmed,4828.86,0,1,1
SYN-20250909-000824,2025-09-09T14:05:38.000Z,2025-09-09,2,21,9,69b66f179390b3e4eaa4710a,vip,300,150762893,502543,-188,2,3,529700,42376,0,52970,519106,264850,card,paid,1,PROTEIN10,0,2,0,1,delivering,4486.68,0,1,0
SYN-20250921-000825,2025-09-21T05:38:08.000Z,2025-09-21,0,12,9,69b66f179390b3e4eaa47125,regular,78,39418164,505361,-176,2,3,649700,51976,0,50000,651676,324850,momo,paid,1,EATOMO50K,0,2,1,0,completed,4207.14,0,0,0
SYN-20250630-000826,2025-06-30T07:09:40.000Z,2025-06-30,1,14,6,69b66f179390b3e4eaa4710d,regular,128,62788236,490533,-259,2,4,629600,50368,0,25000,654968,314800,momo,paid,1,FREESHIP,0,2,0,2,delivering,6197.62,0,1,0
SYN-20260217-000827,2026-02-17T12:52:17.000Z,2026-02-17,2,19,2,69b66f179390b3e4eaa47125,regular,78,39418164,505361,-27,2,3,629700,50376,0,80000,600076,314850,momo,unpaid,1,FLASH25,0,0,2,1,confirmed,623.91,0,1,1
SYN-20250618-000828,2025-06-18T02:16:40.000Z,2025-06-18,3,9,6,69b66f179390b3e4eaa47110,regular,80,39676181,495952,-271,1,1,179900,14392,30000,0,224292,179900,momo,unpaid,0,,0,1,0,0,confirmed,6490.5,0,1,1
SYN-20250505-000829,2025-05-05T13:43:04.000Z,2025-05-05,1,20,5,69b66f179390b3e4eaa4710a,vip,300,150762893,502543,-315,2,3,459700,36776,30000,75000,451476,229850,card,unpaid,1,VEGGIE25,1,0,0,2,pending,7535.06,0,1,1
SYN-20250812-000830,2025-08-12T05:27:20.000Z,2025-08-12,2,12,8,69b66f179390b3e4eaa4710a,vip,300,150762893,502543,-216,2,3,454700,36376,30000,75000,446076,227350,cash,paid,1,VEGGIE25,3,0,0,0,delivering,5167.32,0,1,0
SYN-20250705-000831,2025-07-05T03:36:19.000Z,2025-07-05,6,10,7,69b66f179390b3e4eaa47128,regular,66,34270303,519247,-254,2,3,554700,44376,0,75000,524076,277350,momo,unpaid,1,VEGGIE25,1,2,0,0,preparing,6081.17,0,1,1
SYN-20250406-000832,2025-04-06T04:53:20.000Z,2025-04-06,0,11,4,69b66f179390b3e4eaa4710a,vip,300,150762893,502543,-344,2,2,469800,37584,30000,93960,443424,234900,cash,paid,1,HEALTHY20,0,0,2,0,completed,8239.89,0,0,0
SYN-20251124-000833,2025-11-24T04:42:36.000Z,2025-11-24,1,11,11,69b66f179390b3e4eaa4710a,vip,300,150762893,502543,-112,2,2,429800,34384,30000,0,494184,214900,cash,unpaid,0,,0,1,1,0,preparing,2672.07,0,1,1
SYN-20260206-000834,2026-02-06T12:18:47.000Z,2026-02-06,5,19,2,69b66f179390b3e4eaa4710d,regular,128,62788236,490533,-37,2,3,589700,47176,0,0,636876,294850,cash,paid,0,,2,0,1,0,delivering,888.46,0,1,0
SYN-20251014-000835,2025-10-14T06:56:02.000Z,2025-10-14,2,13,10,69b66f179390b3e4eaa4711f,regular,96,51556197,537044,-153,2,4,809600,64768,0,100000,774368,404800,momo,paid,1,HEALTHY20,0,2,2,0,delivering,3653.84,0,1,0
SYN-20250526-000836,2025-05-26T12:51:20.000Z,2025-05-26,1,19,5,69b66f179390b3e4eaa4711f,regular,96,51556197,537044,-294,1,2,499800,39984,30000,0,569784,499800,cash,unpaid,0,,0,0,2,0,delivering,7031.92,0,1,1
SYN-20250531-000837,2025-05-31T08:17:44.000Z,2025-05-31,6,15,5,69b66f179390b3e4eaa4711c,regular,50,24230795,484616,-289,2,3,509700,40776,0,50000,500476,254850,card,unpaid,1,EATOMO50K,0,3,0,0,preparing,6916.48,0,1,1
SYN-20250708-000838,2025-07-08T06:45:22.000Z,2025-07-08,2,13,7,69b66f179390b3e4eaa4710a,vip,300,150762893,502543,-251,2,4,819600,65568,0,75000,810168,409800,momo,paid,1,VEGGIE25,0,0,2,2,delivering,6006.02,0,1,0
SYN-20260314-000839,2026-03-14T05:28:32.000Z,2026-03-14,6,12,3,69b66f179390b3e4eaa47128,regular,66,34270303,519247,-2,2,4,719600,57568,0,100000,677168,359800,momo,unpaid,1,HEALTHY20,0,2,0,2,confirmed,31.3,0,1,1
SYN-20250604-000840,2025-06-04T09:06:32.000Z,2025-06-04,3,16,6,69b66f179390b3e4eaa47110,regular,80,39676181,495952,-285,2,3,679700,54376,0,0,734076,339850,cash,unpaid,0,,0,2,1,0,completed,6819.67,0,0,1
SYN-20260106-000841,2026-01-06T06:08:11.000Z,2026-01-06,2,13,1,69b66f189390b3e4eaa4712e,regular,66,32415979,491151,-69,1,1,159900,12792,30000,0,202692,159900,cash,paid,0,,1,0,0,0,completed,1638.64,0,0,0
SYN-20260308-000842,2026-03-08T09:34:46.000Z,2026-03-08,0,16,3,69b66f179390b3e4eaa4710a,vip,300,150762893,502543,-8,2,2,449800,35984,30000,80000,435784,224900,card,paid,1,FLASH25,0,1,1,0,completed,171.2,0,0,0
SYN-20260104-000843,2026-01-04T04:49:39.000Z,2026-01-04,0,11,1,69b66f179390b3e4eaa4712b,regular,83,34910035,420603,-71,2,2,429800,34384,30000,25000,469184,214900,momo,unpaid,1,FREESHIP,0,1,1,0,preparing,1687.95,0,1,1
SYN-20250803-000844,2025-08-03T04:16:14.000Z,2025-08-03,0,11,8,69b66f179390b3e4eaa4712b,regular,83,34910035,420603,-225,2,4,629600,50368,0,25000,654968,314800,momo,unpaid,1,FREESHIP,0,1,0,3,preparing,5384.51,0,1,1
SYN-20250628-000845,2025-06-28T09:59:24.000Z,2025-06-28,6,16,6,69b66f179390b3e4eaa47116,regular,82,38788483,473030,-260,2,3,539700,43176,0,50000,532876,269850,cash,unpaid,1,EATOMO50K,2,1,0,0,preparing,6242.79,0,1,1
SYN-20260208-000846,2026-02-08T05:32:50.000Z,2026-02-08,0,12,2,69b66f179390b3e4eaa47122,regular,84,40357330,480444,-36,2,3,499700,39976,30000,0,569676,249850,momo,refunded,0,,0,0,1,2,cancelled,847.23,1,0,0
SYN-20250328-000847,2025-03-28T07:54:33.000Z,2025-03-28,5,14,3,69b66f179390b3e4eaa4710d,regular,128,62788236,490533,-353,2,2,374800,29984,30000,0,434784,187400,card,unpaid,0,,1,0,1,0,preparing,8452.87,0,1,1
SYN-20250808-000848,2025-08-08T04:12:41.000Z,2025-08-08,5,11,8,69b66f179390b3e4eaa47119,regular,49,23556582,480747,-220,1,3,749700,59976,0,100000,709676,749700,cash,unpaid,1,HEALTHY20,0,0,3,0,confirmed,5264.57,0,1,1
SYN-20260310-000849,2026-03-10T04:03:08.000Z,2026-03-10,2,11,3,69b66f179390b3e4eaa47125,regular,78,39418164,505361,-6,2,4,529600,42368,0,52960,519008,264800,momo,unpaid,1,PROTEIN10,0,0,0,4,confirmed,128.73,0,1,1
SYN-20260228-000850,2026-02-28T06:37:59.000Z,2026-02-28,6,13,2,69b66f179390b3e4eaa4710d,regular,128,62788236,490533,-16,1,1,164900,13192,30000,0,208092,164900,cash,unpaid,0,,1,0,0,0,preparing,366.14,0,1,1
SYN-20260304-000851,2026-03-04T14:16:34.000Z,2026-03-04,3,21,3,69b66f179390b3e4eaa4712b,regular,83,34910035,420603,-11,1,1,139900,11192,30000,0,181092,139900,cash,paid,0,,0,0,0,1,completed,262.5,0,0,0
SYN-20251224-000852,2025-12-24T02:18:01.000Z,2025-12-24,3,9,12,69b66f189390b3e4eaa47134,regular,69,34548879,500708,-82,1,1,189900,15192,30000,47475,187617,189900,card,unpaid,1,VEGGIE25,0,1,0,0,preparing,1954.48,0,1,1
SYN-20251023-000853,2025-10-23T01:47:58.000Z,2025-10-23,4,8,10,69b66f179390b3e4eaa47128,regular,66,34270303,519247,-144,1,2,379800,30384,30000,50000,390184,379800,card,paid,1,EATOMO50K,0,2,0,0,completed,3442.98,0,0,0
SYN-20250805-000854,2025-08-05T03:37:22.000Z,2025-08-05,2,10,8,69b66f179390b3e4eaa4710a,vip,300,150762893,502543,-223,2,3,429700,34376,30000,42970,451106,214850,bank_transfer,paid,1,PROTEIN10,0,0,0,3,delivering,5337.15,0,1,0
SYN-20251007-000855,2025-10-07T11:43:01.000Z,2025-10-07,2,18,10,69b66f179390b3e4eaa47128,regular,66,34270303,519247,-159,1,1,139900,11192,30000,0,181092,139900,cash,paid,0,,0,0,0,1,delivering,3817.06,0,1,0
SYN-20250802-000856,2025-08-02T02:56:45.000Z,2025-08-02,6,9,8,69b66f179390b3e4eaa4710a,vip,300,150762893,502543,-226,2,2,319800,25584,30000,31980,343404,159900,card,paid,1,PROTEIN10,1,1,0,0,completed,5409.83,0,0,0
SYN-20251230-000857,2025-12-30T08:40:47.000Z,2025-12-30,2,15,12,69b66f179390b3e4eaa4710d,regular,128,62788236,490533,-76,2,3,439700,35176,30000,25000,479876,219850,momo,paid,1,FREESHIP,0,0,0,3,completed,1804.1,0,0,0
SYN-20260315-000858,2026-03-15T07:46:07.000Z,2026-03-15,0,14,3,69b66f179390b3e4eaa4711c,regular,50,24230795,484616,-1,2,2,354800,28384,30000,0,413184,177400,momo,unpaid,0,,1,1,0,0,preparing,5.01,0,1,1
SYN-20260226-000859,2026-02-26T12:42:50.000Z,2026-02-26,4,19,2,69b66f179390b3e4eaa47122,regular,84,40357330,480444,-17,1,1,219900,17592,30000,0,267492,219900,bank_transfer,unpaid,0,,0,0,1,0,confirmed,408.06,0,1,1
SYN-20251112-000860,2025-11-12T07:26:52.000Z,2025-11-12,3,14,11,69b66f179390b3e4eaa4711c,regular,50,24230795,484616,-124,1,1,259900,20792,30000,0,310692,259900,card,paid,0,,0,0,1,0,completed,2957.33,0,0,0
SYN-20260220-000861,2026-02-20T14:57:01.000Z,2026-02-20,5,21,2,69b66f179390b3e4eaa47119,regular,49,23556582,480747,-23,1,2,339800,27184,30000,75000,321984,339800,momo,paid,1,VEGGIE25,2,0,0,0,completed,549.83,0,0,0
SYN-20250709-000862,2025-07-09T11:59:50.000Z,2025-07-09,3,18,7,69b66f179390b3e4eaa47122,regular,84,40357330,480444,-249,2,3,559700,44776,0,25000,579476,279850,cash,paid,1,FREESHIP,1,2,0,0,completed,5976.78,0,0,0
SYN-20260312-000863,2026-03-12T03:21:15.000Z,2026-03-12,4,10,3,69b66f179390b3e4eaa4712b,regular,83,34910035,420603,-4,2,2,419800,33584,30000,25000,458384,209900,momo,unpaid,1,FREESHIP,0,1,1,0,preparing,81.42,0,1,1
SYN-20251204-000864,2025-12-04T03:23:28.000Z,2025-12-04,4,10,12,69b66f179390b3e4eaa4712b,regular,83,34910035,420603,-102,2,4,819600,65568,0,50000,835168,409800,cash,paid,1,EATOMO50K,0,2,2,0,delivering,2433.39,0,1,0
SYN-20251213-000865,2025-12-13T08:43:31.000Z,2025-12-13,6,15,12,69b66f179390b3e4eaa4710a,vip,300,150762893,502543,-93,2,3,549700,43976,0,75000,518676,274850,cash,unpaid,1,VEGGIE25,0,3,0,0,pending,2212.05,0,1,1
SYN-20251016-000866,2025-10-16T12:11:39.000Z,2025-10-16,4,19,10,69b66f179390b3e4eaa47128,regular,66,34270303,519247,-150,2,2,339800,27184,30000,33980,363004,169900,cash,paid,1,PROTEIN10,0,1,0,1,delivering,3600.58,0,1,0
SYN-20260313-000867,2026-03-13T01:17:39.000Z,2026-03-13,5,8,3,69b66f179390b3e4eaa4710d,regular,128,62788236,490533,-3,2,2,359800,28784,30000,71960,346624,179900,momo,paid,1,HEALTHY20,1,1,0,0,delivering,59.48,0,1,0
SYN-20251114-000868,2025-11-14T11:24:04.000Z,2025-11-14,5,18,11,69b66f179390b3e4eaa4710a,vip,300,150762893,502543,-122,2,2,309800,24784,30000,61960,302624,154900,card,unpaid,1,HEALTHY20,1,0,0,1,confirmed,2905.38,0,1,1
SYN-20250826-000869,2025-08-26T05:37:03.000Z,2025-08-26,2,12,8,69b66f189390b3e4eaa4712e,regular,66,32415979,491151,-202,2,3,674700,53976,0,0,728676,337350,bank_transfer,paid,0,,0,1,2,0,completed,4831.16,0,0,0
SYN-20251019-000870,2025-10-19T05:01:47.000Z,2025-10-19,0,12,10,69b66f179390b3e4eaa47122,regular,84,40357330,480444,-148,1,2,379800,30384,30000,0,440184,379800,momo,paid,0,,0,2,0,0,completed,3535.75,0,0,0
SYN-20250816-000871,2025-08-16T11:47:01.000Z,2025-08-16,6,18,8,69b66f189390b3e4eaa47134,regular,69,34548879,500708,-212,1,1,164900,13192,30000,0,208092,164900,card,unpaid,0,,0,1,0,0,pending,5064.99,0,1,1
SYN-20250330-000872,2025-03-30T01:47:46.000Z,2025-03-30,0,8,3,69b66f179390b3e4eaa47128,regular,66,34270303,519247,-351,2,3,579700,46376,0,50000,576076,289850,cash,paid,1,EATOMO50K,0,3,0,0,completed,8410.98,0,0,0
SYN-20250714-000873,2025-07-14T13:53:21.000Z,2025-07-14,1,20,7,69b66f179390b3e4eaa4711c,regular,50,24230795,484616,-244,2,3,649700,51976,0,0,701676,324850,cash,paid,0,,0,2,1,0,completed,5854.89,0,0,0
SYN-20251208-000874,2025-12-08T10:48:47.000Z,2025-12-08,1,17,12,69b66f179390b3e4eaa4710d,regular,128,62788236,490533,-97,1,1,239900,19192,30000,59975,229117,239900,card,paid,1,FLASH25,0,0,1,0,completed,2329.96,0,0,0
SYN-20250717-000875,2025-07-17T08:58:54.000Z,2025-07-17,4,15,7,69b66f179390b3e4eaa4710a,vip,300,150762893,502543,-242,2,3,449700,35976,30000,0,515676,224850,momo,unpaid,0,,0,0,0,3,preparing,5787.8,0,1,1
SYN-20251212-000876,2025-12-12T14:21:32.000Z,2025-12-12,5,21,12,69b66f179390b3e4eaa4710a,vip,300,150762893,502543,-94,2,4,839600,67168,0,0,906768,419800,momo,paid,0,,2,0,2,0,completed,2230.42,0,0,0
SYN-20250923-000877,2025-09-23T05:48:34.000Z,2025-09-23,2,12,9,69b66f179390b3e4eaa47125,regular,78,39418164,505361,-174,1,2,379800,30384,30000,0,440184,379800,bank_transfer,unpaid,0,,0,2,0,0,preparing,4158.97,0,1,1
SYN-20251122-000878,2025-11-22T01:00:39.000Z,2025-11-22,6,8,11,69b66f179390b3e4eaa4711f,regular,96,51556197,537044,-114,1,2,319800,25584,30000,63960,311424,319800,momo,unpaid,1,HEALTHY20,2,0,0,0,preparing,2723.77,0,1,1
SYN-20260214-000879,2026-02-14T12:18:15.000Z,2026-02-14,6,19,2,69b66f179390b3e4eaa47122,regular,84,40357330,480444,-29,2,3,559700,44776,0,120000,484476,279850,momo,paid,1,FIRSTORDER30,0,2,0,1,completed,696.47,0,0,0
SYN-20260119-000880,2026-01-19T12:37:47.000Z,2026-01-19,1,19,1,69b66f179390b3e4eaa47110,regular,80,39676181,495952,-56,1,1,169900,13592,30000,42475,171017,169900,momo,paid,1,FLASH25,1,0,0,0,completed,1320.15,0,0,0
SYN-20251019-000881,2025-10-19T03:54:56.000Z,2025-10-19,0,10,10,69b66f189390b3e4eaa4712e,regular,66,32415979,491151,-148,1,3,524700,41976,0,0,566676,524700,cash,paid,0,,0,3,0,0,delivering,3536.86,0,1,0
SYN-20260127-000882,2026-01-27T09:46:15.000Z,2026-01-27,2,16,1,69b66f179390b3e4eaa4710a,vip,300,150762893,502543,-48,2,3,599700,47976,0,0,647676,299850,momo,paid,0,,0,3,0,0,completed,1131.01,0,0,0
SYN-20260106-000883,2026-01-06T09:31:54.000Z,2026-01-06,2,16,1,69b66f179390b3e4eaa47113,regular,89,41138137,462226,-69,2,4,979600,78368,0,50000,1007968,489800,momo,paid,1,EATOMO50K,0,0,4,0,completed,1635.25,0,0,0
SYN-20260127-000884,2026-01-27T02:06:08.000Z,2026-01-27,2,9,1,69b66f189390b3e4eaa4712e,regular,66,32415979,491151,-48,2,2,319800,25584,30000,25000,350384,159900,momo,unpaid,1,FREESHIP,0,1,0,1,preparing,1138.68,0,1,1
SYN-20260311-000885,2026-03-11T04:59:53.000Z,2026-03-11,3,11,3,69b66f179390b3e4eaa4710a,vip,300,150762893,502543,-5,2,3,484700,38776,30000,0,553476,242350,cash,paid,0,,2,1,0,0,delivering,103.78,0,1,0
SYN-20260315-000886,2026-03-15T09:45:46.000Z,2026-03-15,0,16,3,69b66f189390b3e4eaa47134,regular,69,34548879,500708,-1,1,1,139900,11192,30000,0,181092,139900,cash,unpaid,0,,0,0,0,1,confirmed,3.01,0,1,1
SYN-20260228-000887,2026-02-28T07:12:07.000Z,2026-02-28,6,14,2,69b66f179390b3e4eaa4710a,vip,300,150762893,502543,-16,2,4,859600,68768,0,50000,878368,429800,momo,paid,1,EATOMO50K,0,1,3,0,completed,365.58,0,0,0
SYN-20260129-000888,2026-01-29T03:35:07.000Z,2026-01-29,4,10,1,69b66f179390b3e4eaa4710a,vip,300,150762893,502543,-46,1,1,199900,15992,30000,0,245892,199900,momo,unpaid,0,,0,1,0,0,pending,1089.19,0,1,1
SYN-20250804-000889,2025-08-04T07:27:54.000Z,2025-08-04,1,14,8,69b66f189390b3e4eaa47131,regular,82,38006436,463493,-224,2,2,489800,39184,30000,0,558984,244900,card,unpaid,0,,0,0,2,0,completed,5357.31,0,0,1
SYN-20251231-000890,2025-12-31T14:38:49.000Z,2025-12-31,3,21,12,69b66f179390b3e4eaa4711c,regular,50,24230795,484616,-74,1,1,144900,11592,30000,0,186492,144900,momo,refunded,0,,1,0,0,0,cancelled,1774.13,1,0,0
SYN-20260224-000891,2026-02-24T11:26:48.000Z,2026-02-24,2,18,2,69b66f179390b3e4eaa47119,regular,49,23556582,480747,-20,1,2,379800,30384,30000,25000,415184,379800,cash,refunded,1,FREESHIP,0,2,0,0,cancelled,457.33,1,0,0
SYN-20251021-000892,2025-10-21T05:20:30.000Z,2025-10-21,2,12,10,69b66f179390b3e4eaa47128,regular,66,34270303,519247,-146,2,3,659700,52776,0,75000,637476,329850,cash,unpaid,1,VEGGIE25,0,1,2,0,pending,3487.44,0,1,1
SYN-20260306-000893,2026-03-06T01:32:29.000Z,2026-03-06,5,8,3,69b66f179390b3e4eaa4710a,vip,300,150762893,502543,-10,2,2,439800,35184,30000,0,504984,219900,card,paid,0,,0,1,1,0,completed,227.24,0,0,0
SYN-20250613-000894,2025-06-13T05:24:38.000Z,2025-06-13,5,12,6,69b66f179390b3e4eaa47113,regular,89,41138137,462226,-276,2,3,494700,39576,30000,0,564276,247350,momo,paid,0,,2,1,0,0,completed,6607.37,0,0,0
SYN-20260217-000895,2026-02-17T11:10:38.000Z,2026-02-17,2,18,2,69b66f179390b3e4eaa4711f,regular,96,51556197,537044,-27,2,4,649600,51968,0,0,701568,324800,cash,unpaid,0,,3,1,0,0,preparing,625.6,0,1,1
SYN-20260103-000896,2026-01-03T11:07:33.000Z,2026-01-03,6,18,1,69b66f179390b3e4eaa47113,regular,89,41138137,462226,-72,2,3,559700,44776,0,0,604476,279850,momo,paid,0,,1,2,0,0,delivering,1705.65,0,1,0
SYN-20260205-000897,2026-02-05T14:01:16.000Z,2026-02-05,4,21,2,69b66f179390b3e4eaa4712b,regular,83,34910035,420603,-38,1,1,239900,19192,30000,0,289092,239900,momo,unpaid,0,,0,0,1,0,preparing,910.76,0,1,1
SYN-20260206-000898,2026-02-06T09:31:26.000Z,2026-02-06,5,16,2,69b66f179390b3e4eaa47122,regular,84,40357330,480444,-38,1,2,499800,39984,30000,0,569784,499800,cash,paid,0,,0,0,2,0,delivering,891.25,0,1,0
SYN-20250725-000899,2025-07-25T03:55:13.000Z,2025-07-25,5,10,7,69b66f179390b3e4eaa47128,regular,66,34270303,519247,-234,2,3,529700,42376,0,0,572076,264850,cash,unpaid,0,,0,2,0,1,confirmed,5600.86,0,1,1
SYN-20260313-000900,2026-03-13T01:34:29.000Z,2026-03-13,5,8,3,69b66f179390b3e4eaa47110,regular,80,39676181,495952,-3,1,2,329800,26384,30000,0,386184,329800,momo,unpaid,0,,2,0,0,0,preparing,59.2,0,1,1
SYN-20250524-000901,2025-05-24T03:16:12.000Z,2025-05-24,6,10,5,69b66f189390b3e4eaa47131,regular,82,38006436,463493,-296,2,4,729600,58368,0,0,787968,364800,momo,paid,0,,0,4,0,0,completed,7089.51,0,0,0
SYN-20260314-000902,2026-03-14T13:15:37.000Z,2026-03-14,6,20,3,69b66f179390b3e4eaa47122,regular,84,40357330,480444,-1,2,3,554700,44376,0,0,599076,277350,momo,unpaid,0,,0,3,0,0,pending,23.52,0,1,1
SYN-20260315-000903,2026-03-15T03:39:01.000Z,2026-03-15,0,10,3,69b66f189390b3e4eaa47131,regular,82,38006436,463493,-1,2,4,604600,48368,0,0,652968,302300,momo,unpaid,0,,3,0,0,1,pending,9.13,0,1,1
SYN-20250902-000904,2025-09-02T02:20:01.000Z,2025-09-02,2,9,9,69b66f179390b3e4eaa4710d,regular,128,62788236,490533,-195,2,3,499700,39976,30000,0,569676,249850,momo,unpaid,0,,0,2,0,1,preparing,4666.44,0,1,1
SYN-20250817-000905,2025-08-17T09:27:11.000Z,2025-08-17,0,16,8,69b66f179390b3e4eaa47128,regular,66,34270303,519247,-210,1,1,219900,17592,30000,43980,223512,219900,bank_transfer,unpaid,1,HEALTHY20,0,0,1,0,preparing,5043.32,0,1,1
SYN-20250918-000906,2025-09-18T04:13:25.000Z,2025-09-18,4,11,9,69b66f179390b3e4eaa47116,regular,82,38788483,473030,-179,2,3,529700,42376,0,0,572076,264850,cash,unpaid,0,,2,1,0,0,preparing,4280.55,0,1,1
SYN-20260314-000907,2026-03-14T09:26:52.000Z,2026-03-14,6,16,3,69b66f179390b3e4eaa47113,regular,89,41138137,462226,-2,1,1,259900,20792,30000,0,310692,259900,bank_transfer,unpaid,0,,0,0,1,0,confirmed,27.33,0,1,1
SYN-20260110-000908,2026-01-10T09:54:26.000Z,2026-01-10,6,16,1,69b66f179390b3e4eaa4712b,regular,83,34910035,420603,-65,2,4,799600,63968,0,0,863568,399800,card,unpaid,0,,0,0,2,2,confirmed,1538.87,0,1,1
SYN-20260228-000909,2026-02-28T10:22:39.000Z,2026-02-28,6,17,2,69b66f179390b3e4eaa4710a,vip,300,150762893,502543,-16,2,2,389800,31184,30000,38980,412004,194900,bank_transfer,paid,1,PROTEIN10,0,2,0,0,completed,362.4,0,0,0
SYN-20260315-000910,2026-03-15T13:06:37.000Z,2026-03-15,0,20,3,69b66f189390b3e4eaa47131,regular,82,38006436,463493,-1,2,2,429800,34384,30000,50000,444184,214900,momo,paid,1,EATOMO50K,0,1,1,0,delivering,0,0,0,0
SYN-20260212-000911,2026-02-12T02:59:14.000Z,2026-02-12,4,9,2,69b66f179390b3e4eaa47125,regular,78,39418164,505361,-32,2,3,619700,49576,0,0,669276,309850,card,unpaid,0,,1,0,2,0,preparing,753.79,0,1,1
SYN-20251229-000912,2025-12-29T06:36:03.000Z,2025-12-29,1,13,12,69b66f179390b3e4eaa4710d,regular,128,62788236,490533,-77,2,2,459800,36784,30000,80000,446584,229900,card,unpaid,1,FLASH25,0,1,1,0,completed,1830.18,0,0,1
SYN-20250411-000913,2025-04-11T10:32:45.000Z,2025-04-11,5,17,4,69b66f179390b3e4eaa4710d,regular,128,62788236,490533,-338,2,3,569700,45576,0,50000,565276,284850,card,paid,1,EATOMO50K,0,3,0,0,completed,8114.23,0,0,0
SYN-20250912-000914,2025-09-12T02:59:27.000Z,2025-09-12,5,9,9,69b66f189390b3e4eaa47131,regular,82,38006436,463493,-185,2,3,689700,55176,0,0,744876,344850,momo,unpaid,0,,0,2,1,0,pending,4425.79,0,1,1
SYN-20251122-000915,2025-11-22T13:37:13.000Z,2025-11-22,6,20,11,69b66f179390b3e4eaa4710d,regular,128,62788236,490533,-113,2,3,459700,36776,30000,0,526476,229850,cash,paid,0,,2,0,0,1,completed,2711.16,0,0,0
SYN-20250709-000916,2025-07-09T06:43:22.000Z,2025-07-09,3,13,7,69b66f179390b3e4eaa4710a,vip,300,150762893,502543,-250,2,2,279800,22384,30000,0,332184,139900,momo,paid,0,,0,0,0,2,completed,5982.05,0,0,0
SYN-20260303-000917,2026-03-03T11:55:50.000Z,2026-03-03,2,18,3,69b66f179390b3e4eaa47119,regular,49,23556582,480747,-13,1,1,189900,15192,30000,0,235092,189900,momo,unpaid,0,,0,1,0,0,confirmed,288.85,0,1,1
SYN-20260306-000918,2026-03-06T08:30:55.000Z,2026-03-06,5,15,3,69b66f179390b3e4eaa47128,regular,66,34270303,519247,-10,2,2,409800,32784,30000,0,472584,204900,card,paid,0,,0,2,0,0,completed,220.26,0,0,0
SYN-20260310-000919,2026-03-10T03:09:43.000Z,2026-03-10,2,10,3,69b66f179390b3e4eaa47122,regular,84,40357330,480444,-6,2,3,629700,50376,0,60000,620076,314850,card,unpaid,1,PROTEIN10,0,2,1,0,confirmed,129.62,0,1,1
SYN-20260218-000920,2026-02-18T07:31:35.000Z,2026-02-18,3,14,2,69b66f179390b3e4eaa47125,regular,78,39418164,505361,-26,1,2,329800,26384,30000,0,386184,329800,cash,unpaid,0,,0,2,0,0,preparing,605.25,0,1,1
SYN-20260102-000921,2026-01-02T06:35:31.000Z,2026-01-02,5,13,1,69b66f179390b3e4eaa47116,regular,82,38788483,473030,-73,2,3,629700,50376,0,0,680076,314850,card,unpaid,0,,0,2,1,0,confirmed,1734.19,0,1,1
SYN-20260315-000922,2026-03-15T11:48:06.000Z,2026-03-15,0,18,3,69b66f179390b3e4eaa4711f,regular,96,51556197,537044,-1,2,3,459700,36776,30000,25000,501476,229850,cash,unpaid,1,FREESHIP,0,1,0,2,confirmed,0.98,0,0,1
SYN-20251212-000923,2025-12-12T11:31:56.000Z,2025-12-12,5,18,12,69b66f179390b3e4eaa4711f,regular,96,51556197,537044,-94,2,4,609600,48768,0,75000,583368,304800,momo,paid,1,VEGGIE25,4,0,0,0,completed,2233.25,0,0,0
SYN-20250811-000924,2025-08-11T09:51:01.000Z,2025-08-11,1,16,8,69b66f179390b3e4eaa47125,regular,78,39418164,505361,-217,2,3,579700,46376,0,100000,526076,289850,card,unpaid,1,HEALTHY20,0,3,0,0,completed,5186.93,0,0,1
SYN-20260104-000925,2026-01-04T09:48:59.000Z,2026-01-04,0,16,1,69b66f179390b3e4eaa47110,regular,80,39676181,495952,-71,2,4,759600,60768,0,0,820368,379800,cash,unpaid,0,,2,0,2,0,pending,1682.96,0,1,1
SYN-20251225-000926,2025-12-25T04:48:41.000Z,2025-12-25,4,11,12,69b66f179390b3e4eaa47119,regular,49,23556582,480747,-81,2,5,844500,67560,0,60000,852060,422250,card,paid,1,PROTEIN10,3,2,0,0,delivering,1927.97,0,1,0
SYN-20250621-000927,2025-06-21T07:52:58.000Z,2025-06-21,6,14,6,69b66f179390b3e4eaa47110,regular,80,39676181,495952,-268,1,3,449700,35976,30000,50000,465676,449700,momo,unpaid,1,EATOMO50K,0,0,0,3,completed,6412.89,0,0,1
SYN-20251226-000928,2025-12-26T05:55:25.000Z,2025-12-26,5,12,12,69b66f179390b3e4eaa4712b,regular,83,34910035,420603,-80,1,2,499800,39984,30000,49980,519804,499800,cash,unpaid,1,PROTEIN10,0,0,2,0,confirmed,1902.85,0,1,1
SYN-20251028-000929,2025-10-28T08:14:29.000Z,2025-10-28,2,15,10,69b66f179390b3e4eaa47128,regular,66,34270303,519247,-139,2,4,759600,60768,0,0,820368,379800,cash,paid,0,,0,0,2,2,delivering,3316.54,0,1,0
SYN-20251004-000930,2025-10-04T09:23:01.000Z,2025-10-04,6,16,10,69b66f179390b3e4eaa4710a,vip,300,150762893,502543,-163,2,3,629700,50376,0,60000,620076,314850,momo,paid,1,PROTEIN10,0,0,2,1,completed,3891.39,0,0,0
SYN-20250330-000931,2025-03-30T12:25:46.000Z,2025-03-30,0,19,3,69b66f179390b3e4eaa47110,regular,80,39676181,495952,-351,2,3,709700,56776,0,25000,741476,354850,cash,unpaid,1,FREESHIP,0,1,2,0,confirmed,8400.35,0,1,1
SYN-20260303-000932,2026-03-03T05:42:57.000Z,2026-03-03,2,12,3,69b66f179390b3e4eaa4710d,regular,128,62788236,490533,-13,1,2,399800,31984,30000,39980,421804,399800,card,unpaid,1,PROTEIN10,0,2,0,0,preparing,295.06,0,1,1
SYN-20251225-000933,2025-12-25T14:14:33.000Z,2025-12-25,4,21,12,69b66f179390b3e4eaa47122,regular,84,40357330,480444,-80,2,3,549700,43976,0,0,593676,274850,cash,paid,0,,2,1,0,0,completed,1918.54,0,0,0
SYN-20250615-000934,2025-06-15T10:56:16.000Z,2025-06-15,0,17,6,69b66f179390b3e4eaa4710d,regular,128,62788236,490533,-273,2,4,629600,50368,0,50000,629968,314800,cash,paid,1,EATOMO50K,0,0,1,3,completed,6553.84,0,0,0
SYN-20251102-000935,2025-11-02T06:08:39.000Z,2025-11-02,0,13,11,69b66f179390b3e4eaa4712b,regular,83,34910035,420603,-134,2,3,719700,57576,0,0,777276,359850,bank_transfer,unpaid,0,,0,0,3,0,pending,3198.63,0,1,1
SYN-20260305-000936,2026-03-05T08:54:52.000Z,2026-03-05,4,15,3,69b66f179390b3e4eaa4711f,regular,96,51556197,537044,-11,1,2,499800,39984,30000,0,569784,499800,momo,paid,0,,0,0,2,0,delivering,243.86,0,1,0
SYN-20260312-000937,2026-03-12T06:29:11.000Z,2026-03-12,4,13,3,69b66f179390b3e4eaa4711f,regular,96,51556197,537044,-4,2,2,299800,23984,30000,0,353784,149900,cash,unpaid,0,,1,0,0,1,confirmed,78.29,0,1,1
SYN-20260315-000938,2026-03-15T07:36:15.000Z,2026-03-15,0,14,3,69b66f179390b3e4eaa4710a,vip,300,150762893,502543,-1,2,2,289800,23184,30000,0,342984,144900,momo,unpaid,0,,0,0,0,2,confirmed,5.17,0,1,1
SYN-20251119-000939,2025-11-19T14:19:45.000Z,2025-11-19,3,21,11,69b66f179390b3e4eaa4710a,vip,300,150762893,502543,-117,2,2,499800,39984,30000,99960,469824,249900,momo,paid,1,HEALTHY20,0,0,2,0,completed,2782.45,0,0,0
SYN-20250817-000940,2025-08-17T12:34:33.000Z,2025-08-17,0,19,8,69b66f189390b3e4eaa47131,regular,82,38006436,463493,-211,1,1,189900,15192,30000,0,235092,189900,momo,unpaid,0,,0,1,0,0,pending,5040.2,0,1,1
SYN-20251001-000941,2025-10-01T12:18:24.000Z,2025-10-01,3,19,10,69b66f179390b3e4eaa47110,regular,80,39676181,495952,-166,2,3,599700,47976,0,0,647676,299850,momo,paid,0,,0,3,0,0,delivering,3960.47,0,1,0
SYN-20260202-000942,2026-02-02T11:24:25.000Z,2026-02-02,1,18,2,69b66f179390b3e4eaa4710a,vip,300,150762893,502543,-42,2,3,559700,44776,0,50000,554476,279850,momo,paid,1,WELCOME10,2,1,0,0,completed,985.37,0,0,0
SYN-20250526-000943,2025-05-26T08:35:58.000Z,2025-05-26,1,15,5,69b66f179390b3e4eaa4710a,vip,300,150762893,502543,-294,2,5,1149500,91960,0,100000,1141460,574750,cash,paid,1,HEALTHY20,2,0,3,0,delivering,7036.18,0,1,0
SYN-20260314-000944,2026-03-14T07:44:01.000Z,2026-03-14,6,14,3,69b66f179390b3e4eaa4710a,vip,300,150762893,502543,-2,2,3,599700,47976,0,100000,547676,299850,momo,unpaid,1,VIP100K,2,0,1,0,preparing,29.04,0,1,1
SYN-20251220-000945,2025-12-20T09:24:11.000Z,2025-12-20,6,16,12,69b66f179390b3e4eaa47110,regular,80,39676181,495952,-86,1,2,379800,30384,30000,75000,365184,379800,card,paid,1,VEGGIE25,0,2,0,0,completed,2043.37,0,0,0
SYN-20251124-000946,2025-11-24T14:18:21.000Z,2025-11-24,1,21,11,69b66f179390b3e4eaa4710a,vip,300,150762893,502543,-112,2,2,449800,35984,30000,0,515784,224900,card,unpaid,0,,0,1,1,0,confirmed,2662.47,0,1,1
SYN-20260120-000947,2026-01-20T11:12:59.000Z,2026-01-20,2,18,1,69b66f179390b3e4eaa4710a,vip,300,150762893,502543,-55,2,2,469800,37584,30000,46980,490404,234900,card,unpaid,1,PROTEIN10,0,1,1,0,confirmed,1297.56,0,1,1
SYN-20250508-000948,2025-05-08T10:01:22.000Z,2025-05-08,4,17,5,69b66f179390b3e4eaa4710a,vip,300,150762893,502543,-312,2,3,559700,44776,0,25000,579476,279850,card,unpaid,1,FREESHIP,2,1,0,0,preparing,7466.75,0,1,1
SYN-20260314-000949,2026-03-14T11:24:31.000Z,2026-03-14,6,18,3,69b66f179390b3e4eaa47125,regular,78,39418164,505361,-2,2,3,509700,40776,0,50000,500476,254850,momo,unpaid,1,WELCOME10,0,2,0,1,preparing,25.37,0,1,1
SYN-20250930-000950,2025-09-30T07:16:47.000Z,2025-09-30,2,14,9,69b66f179390b3e4eaa4710a,vip,300,150762893,502543,-167,2,3,619700,49576,0,50000,619276,309850,momo,paid,1,EATOMO50K,0,0,2,1,completed,3989.5,0,0,0
SYN-20250927-000951,2025-09-27T09:38:09.000Z,2025-09-27,6,16,9,69b66f189390b3e4eaa47134,regular,69,34548879,500708,-170,1,2,279800,22384,30000,0,332184,279800,bank_transfer,paid,0,,0,0,0,2,completed,4059.14,0,0,0
SYN-20250918-000952,2025-09-18T04:35:26.000Z,2025-09-18,4,11,9,69b66f179390b3e4eaa4710a,vip,300,150762893,502543,-179,2,2,429800,34384,30000,0,494184,214900,bank_transfer,unpaid,0,,0,1,1,0,preparing,4280.19,0,1,1
SYN-20260116-000953,2026-01-16T06:34:05.000Z,2026-01-16,5,13,1,69b66f179390b3e4eaa47110,regular,80,39676181,495952,-59,1,1,249900,19992,30000,0,299892,249900,momo,paid,0,,0,0,1,0,delivering,1398.21,0,1,0
SYN-20260313-000954,2026-03-13T03:26:50.000Z,2026-03-13,5,10,3,69b66f189390b3e4eaa47134,regular,69,34548879,500708,-3,2,2,489800,39184,30000,0,558984,244900,momo,unpaid,0,,0,0,2,0,preparing,57.33,0,1,1
SYN-20250403-000955,2025-04-03T04:32:10.000Z,2025-04-03,4,11,4,69b66f179390b3e4eaa4710d,regular,128,62788236,490533,-347,1,1,159900,12792,30000,0,202692,159900,cash,unpaid,0,,1,0,0,0,pending,8312.24,0,1,1
SYN-20260307-000956,2026-03-07T12:31:09.000Z,2026-03-07,6,19,3,69b66f189390b3e4eaa47131,regular,82,38006436,463493,-9,1,2,299800,23984,30000,74950,278834,299800,momo,unpaid,1,VEGGIE25,2,0,0,0,confirmed,192.26,0,1,1
SYN-20251217-000957,2025-12-17T12:55:52.000Z,2025-12-17,3,19,12,69b66f179390b3e4eaa47125,regular,78,39418164,505361,-89,2,2,389800,31184,30000,75000,375984,194900,card,unpaid,1,VEGGIE25,0,2,0,0,pending,2111.85,0,1,1
SYN-20260311-000958,2026-03-11T12:38:10.000Z,2026-03-11,3,19,3,69b66f179390b3e4eaa47110,regular,80,39676181,495952,-4,2,4,629600,50368,0,50000,629968,314800,momo,unpaid,1,EATOMO50K,2,2,0,0,pending,96.14,0,1,1
SYN-20260227-000959,2026-02-27T05:12:35.000Z,2026-02-27,5,12,2,69b66f179390b3e4eaa47110,regular,80,39676181,495952,-17,2,4,939600,75168,0,60000,954768,469800,cash,unpaid,1,PROTEIN10,0,2,2,0,confirmed,391.57,0,1,1
SYN-20250815-000960,2025-08-15T05:28:50.000Z,2025-08-15,5,12,8,69b66f179390b3e4eaa47110,regular,80,39676181,495952,-213,2,3,759700,60776,0,0,820476,379850,cash,paid,0,,0,1,2,0,delivering,5095.3,0,1,0
SYN-20251008-000961,2025-10-08T12:32:29.000Z,2025-10-08,3,19,10,69b66f179390b3e4eaa47122,regular,84,40357330,480444,-158,1,1,164900,13192,30000,0,208092,164900,momo,unpaid,0,,0,1,0,0,cancelled,3792.24,1,0,1
SYN-20251111-000962,2025-11-11T02:43:29.000Z,2025-11-11,2,9,11,69b66f179390b3e4eaa47116,regular,82,38788483,473030,-125,1,2,519800,41584,0,0,561384,519800,cash,unpaid,0,,0,0,2,0,delivering,2986.05,0,1,1
SYN-20260110-000963,2026-01-10T12:16:08.000Z,2026-01-10,6,19,1,69b66f179390b3e4eaa4712b,regular,83,34910035,420603,-65,1,1,179900,14392,30000,0,224292,179900,cash,paid,0,,0,1,0,0,completed,1536.51,0,0,0
SYN-20260103-000964,2026-01-03T12:49:41.000Z,2026-01-03,6,19,1,69b66f179390b3e4eaa47116,regular,82,38788483,473030,-71,1,1,154900,12392,30000,38725,158567,154900,cash,paid,1,VEGGIE25,1,0,0,0,delivering,1703.95,0,1,0
SYN-20260207-000965,2026-02-07T13:45:28.000Z,2026-02-07,6,20,2,69b66f179390b3e4eaa4710d,regular,128,62788236,490533,-36,1,1,269900,21592,30000,67475,254017,269900,card,paid,1,FLASH25,0,0,1,0,completed,863.02,0,0,0
SYN-20250407-000966,2025-04-07T03:29:49.000Z,2025-04-07,1,10,4,69b66f179390b3e4eaa47125,regular,78,39418164,505361,-343,2,3,709700,56776,0,0,766476,354850,cash,unpaid,0,,0,1,2,0,preparing,8217.28,0,1,1
SYN-20251204-000967,2025-12-04T14:22:55.000Z,2025-12-04,4,21,12,69b66f179390b3e4eaa47125,regular,78,39418164,505361,-101,2,2,299800,23984,30000,0,353784,149900,bank_transfer,unpaid,0,,2,0,0,0,pending,2422.4,0,1,1
SYN-20260211-000968,2026-02-11T11:04:50.000Z,2026-02-11,3,18,2,69b66f179390b3e4eaa47122,regular,84,40357330,480444,-33,2,4,749600,59968,0,0,809568,374800,card,paid,0,,0,4,0,0,delivering,769.7,0,1,0
SYN-20260208-000969,2026-02-08T12:02:31.000Z,2026-02-08,0,19,2,69b66f179390b3e4eaa47116,regular,82,38788483,473030,-35,2,2,419800,33584,30000,0,483384,209900,cash,paid,0,,1,0,1,0,delivering,840.74,0,1,0
SYN-20251215-000970,2025-12-15T06:46:45.000Z,2025-12-15,1,13,12,69b66f179390b3e4eaa4710d,regular,128,62788236,490533,-91,2,4,709600,56768,0,0,766368,354800,momo,unpaid,0,,1,3,0,0,preparing,2166,0,1,1
SYN-20251212-000971,2025-12-12T07:52:05.000Z,2025-12-12,5,14,12,69b66f179390b3e4eaa4710a,vip,300,150762893,502543,-94,2,4,999600,79968,0,50000,1029568,499800,momo,paid,1,EATOMO50K,0,0,4,0,completed,2236.91,0,0,0
SYN-20251221-000972,2025-12-21T03:19:02.000Z,2025-12-21,0,10,12,69b66f179390b3e4eaa4712b,regular,83,34910035,420603,-85,1,1,139900,11192,30000,0,181092,139900,momo,paid,0,,0,0,0,1,delivering,2025.46,0,1,0
SYN-20250403-000973,2025-04-03T03:17:44.000Z,2025-04-03,4,10,4,69b66f179390b3e4eaa4710a,vip,300,150762893,502543,-347,2,5,939500,75160,0,100000,914660,469750,card,paid,1,VIP100K,3,2,0,0,completed,8313.48,0,0,0
SYN-20250929-000974,2025-09-29T10:09:49.000Z,2025-09-29,1,17,9,69b66f179390b3e4eaa4712b,regular,83,34910035,420603,-168,2,2,289800,23184,30000,86940,256044,144900,momo,unpaid,1,FIRSTORDER30,1,0,0,1,confirmed,4010.61,0,1,1
SYN-20250718-000975,2025-07-18T01:07:26.000Z,2025-07-18,5,8,7,69b66f179390b3e4eaa4710a,vip,300,150762893,502543,-241,1,2,459800,36784,30000,25000,501584,459800,cash,paid,1,FREESHIP,0,0,2,0,completed,5771.65,0,0,0
SYN-20250419-000976,2025-04-19T01:29:48.000Z,2025-04-19,6,8,4,69b66f179390b3e4eaa4711c,regular,50,24230795,484616,-331,2,3,659700,52776,0,75000,637476,329850,momo,paid,1,VEGGIE25,0,2,1,0,completed,7931.28,0,0,0
SYN-20260101-000977,2026-01-01T13:21:22.000Z,2026-01-01,4,20,1,69b66f179390b3e4eaa47122,regular,84,40357330,480444,-73,2,3,559700,44776,0,0,604476,279850,cash,unpaid,0,,0,3,0,0,preparing,1751.42,0,1,1
SYN-20250927-000978,2025-09-27T03:02:03.000Z,2025-09-27,6,10,9,69b66f189390b3e4eaa4712e,regular,66,32415979,491151,-170,2,3,464700,37176,30000,92940,438936,232350,momo,unpaid,1,HEALTHY20,1,0,0,2,confirmed,4065.74,0,1,1
SYN-20251114-000979,2025-11-14T01:34:08.000Z,2025-11-14,5,8,11,69b66f179390b3e4eaa4710a,vip,300,150762893,502543,-122,2,2,424800,33984,30000,42480,446304,212400,card,paid,1,PROTEIN10,0,1,1,0,completed,2915.21,0,0,0
SYN-20251202-000980,2025-12-02T13:04:28.000Z,2025-12-02,2,20,12,69b66f189390b3e4eaa4712e,regular,66,32415979,491151,-104,2,4,919600,73568,0,75000,918168,459800,cash,paid,1,VEGGIE25,1,0,3,0,completed,2471.7,0,0,0
SYN-20251219-000981,2025-12-19T05:00:05.000Z,2025-12-19,5,12,12,69b66f179390b3e4eaa47116,regular,82,38788483,473030,-87,1,2,419800,33584,30000,0,483384,419800,momo,unpaid,0,,0,2,0,0,preparing,2071.78,0,1,1
SYN-20251101-000982,2025-11-01T02:59:47.000Z,2025-11-01,6,9,11,69b66f179390b3e4eaa4710a,vip,300,150762893,502543,-135,2,2,489800,39184,30000,75000,483984,244900,cash,paid,1,VEGGIE25,0,0,2,0,delivering,3225.78,0,1,0
SYN-20250603-000983,2025-06-03T02:18:09.000Z,2025-06-03,2,9,6,69b66f179390b3e4eaa4710a,vip,300,150762893,502543,-286,2,2,479800,38384,30000,0,548184,239900,cash,unpaid,0,,0,0,2,0,delivering,6850.48,0,1,1
SYN-20250902-000984,2025-09-02T12:34:17.000Z,2025-09-02,2,19,9,69b66f179390b3e4eaa4711c,regular,50,24230795,484616,-195,2,3,589700,47176,0,120000,516876,294850,momo,paid,1,FIRSTORDER30,2,0,1,0,delivering,4656.21,0,1,0
SYN-20251014-000985,2025-10-14T13:36:03.000Z,2025-10-14,2,20,10,69b66f179390b3e4eaa4710a,vip,300,150762893,502543,-153,2,4,904600,72368,0,80000,896968,452300,card,paid,1,FLASH25,1,0,3,0,delivering,3647.18,0,1,0
SYN-20260302-000986,2026-03-02T13:20:36.000Z,2026-03-02,1,20,3,69b66f179390b3e4eaa47113,regular,89,41138137,462226,-13,2,2,304800,24384,30000,0,359184,152400,cash,unpaid,0,,1,0,0,1,pending,311.43,0,1,1
SYN-20250725-000987,2025-07-25T09:06:45.000Z,2025-07-25,5,16,7,69b66f179390b3e4eaa4711f,regular,96,51556197,537044,-234,2,2,469800,37584,30000,0,537384,234900,momo,paid,0,,0,0,2,0,completed,5595.67,0,0,0
SYN-20260213-000988,2026-02-13T09:48:43.000Z,2026-02-13,5,16,2,69b66f179390b3e4eaa47125,regular,78,39418164,505361,-31,2,2,314800,25184,30000,31480,338504,157400,bank_transfer,paid,1,PROTEIN10,0,1,0,1,completed,722.97,0,0,0
SYN-20250426-000989,2025-04-26T06:47:23.000Z,2025-04-26,6,13,4,69b66f179390b3e4eaa47116,regular,82,38788483,473030,-324,1,1,139900,11192,30000,13990,167102,139900,momo,unpaid,1,WELCOME10,0,0,0,1,preparing,7757.99,0,1,1
SYN-20250810-000990,2025-08-10T06:02:20.000Z,2025-08-10,0,13,8,69b66f179390b3e4eaa47122,regular,84,40357330,480444,-218,2,3,484700,38776,30000,0,553476,242350,card,paid,0,,1,2,0,0,delivering,5214.74,0,1,0
SYN-20260218-000991,2026-02-18T07:56:57.000Z,2026-02-18,3,14,2,69b66f179390b3e4eaa4710a,vip,300,150762893,502543,-26,1,1,209900,16792,30000,0,256692,209900,card,unpaid,0,,0,1,0,0,preparing,604.83,0,1,1
SYN-20260312-000992,2026-03-12T01:45:53.000Z,2026-03-12,4,8,3,69b66f179390b3e4eaa47110,regular,80,39676181,495952,-4,2,3,649700,51976,0,75000,626676,324850,cash,paid,1,VEGGIE25,1,0,2,0,delivering,83.01,0,1,0
SYN-20250714-000993,2025-07-14T01:43:53.000Z,2025-07-14,1,8,7,69b66f179390b3e4eaa4710a,vip,300,150762893,502543,-245,2,4,609600,48768,0,75000,583368,304800,bank_transfer,unpaid,1,VEGGIE25,0,2,0,2,preparing,5867.05,0,1,1
SYN-20251013-000994,2025-10-13T01:32:07.000Z,2025-10-13,1,8,10,69b66f179390b3e4eaa4711f,regular,96,51556197,537044,-154,1,1,164900,13192,30000,0,208092,164900,momo,paid,0,,0,1,0,0,delivering,3683.24,0,1,0
SYN-20260115-000995,2026-01-15T11:22:54.000Z,2026-01-15,4,18,1,69b66f179390b3e4eaa4710a,vip,300,150762893,502543,-60,2,3,629700,50376,0,25000,655076,314850,momo,paid,1,FREESHIP,0,0,2,1,delivering,1417.4,0,1,0
SYN-20251016-000996,2025-10-16T08:11:26.000Z,2025-10-16,4,15,10,69b66f179390b3e4eaa47119,regular,49,23556582,480747,-151,1,1,189900,15192,30000,0,235092,189900,cash,unpaid,0,,0,1,0,0,pending,3604.59,0,1,1
SYN-20250802-000997,2025-08-02T05:03:30.000Z,2025-08-02,6,12,8,69b66f189390b3e4eaa4712e,regular,66,32415979,491151,-226,2,4,759600,60768,0,50000,770368,379800,momo,paid,1,EATOMO50K,0,4,0,0,completed,5407.72,0,0,0
SYN-20260315-000998,2026-03-15T14:45:23.000Z,2026-03-15,0,21,3,69b66f179390b3e4eaa4710a,vip,300,150762893,502543,0,2,3,729700,58376,0,100000,688076,364850,momo,unpaid,1,VIP100K,0,0,3,0,cancelled,0,1,0,1
SYN-20260310-000999,2026-03-10T01:07:17.000Z,2026-03-10,2,8,3,69b66f179390b3e4eaa4710a,vip,300,150762893,502543,-6,1,2,299800,23984,30000,0,353784,299800,momo,paid,0,,0,0,0,2,delivering,131.66,0,1,0
SYN-20251021-001000,2025-10-21T04:16:17.000Z,2025-10-21,2,11,10,69b66f179390b3e4eaa47122,regular,84,40357330,480444,-146,1,3,599700,47976,0,0,647676,599700,momo,paid,0,,0,3,0,0,delivering,3488.51,0,1,0
SYN-20250729-001001,2025-07-29T03:39:04.000Z,2025-07-29,2,10,7,69b66f179390b3e4eaa4712b,regular,83,34910035,420603,-230,2,3,529700,42376,0,50000,522076,264850,card,paid,1,EATOMO50K,1,2,0,0,completed,5505.13,0,0,0
SYN-20251024-001002,2025-10-24T14:49:58.000Z,2025-10-24,5,21,10,69b66f189390b3e4eaa47134,regular,69,34548879,500708,-143,2,2,439800,35184,30000,0,504984,219900,cash,unpaid,0,,0,1,1,0,pending,3405.94,0,1,1
SYN-20250902-001003,2025-09-02T02:43:07.000Z,2025-09-02,2,9,9,69b66f179390b3e4eaa4711c,regular,50,24230795,484616,-195,1,1,159900,12792,30000,0,202692,159900,momo,paid,0,,1,0,0,0,completed,4666.06,0,0,0
SYN-20251230-001004,2025-12-30T05:15:29.000Z,2025-12-30,2,12,12,69b66f179390b3e4eaa47125,regular,78,39418164,505361,-76,2,4,659600,52768,0,60000,652368,329800,bank_transfer,unpaid,1,PROTEIN10,0,2,0,2,pending,1807.52,0,1,1
SYN-20250418-001005,2025-04-18T13:54:41.000Z,2025-04-18,5,20,4,69b66f179390b3e4eaa47116,regular,82,38788483,473030,-331,2,4,749600,59968,0,0,809568,374800,momo,paid,0,,1,3,0,0,delivering,7942.87,0,1,0
SYN-20260306-001006,2026-03-06T13:04:04.000Z,2026-03-06,5,20,3,69b66f179390b3e4eaa47116,regular,82,38788483,473030,-9,1,1,149900,11992,30000,37475,154417,149900,cash,paid,1,VEGGIE25,0,0,0,1,completed,215.71,0,0,0
SYN-20251114-001007,2025-11-14T06:40:19.000Z,2025-11-14,5,13,11,69b66f179390b3e4eaa4710d,regular,128,62788236,490533,-122,1,1,179900,14392,30000,0,224292,179900,momo,paid,0,,0,1,0,0,completed,2910.11,0,0,0
SYN-20260218-001008,2026-02-18T14:01:33.000Z,2026-02-18,3,21,2,69b66f179390b3e4eaa47128,regular,66,34270303,519247,-25,2,3,579700,46376,0,0,626076,289850,cash,unpaid,0,,0,3,0,0,confirmed,598.75,0,1,1
SYN-20251110-001009,2025-11-10T14:22:41.000Z,2025-11-10,1,21,11,69b66f189390b3e4eaa47131,regular,82,38006436,463493,-125,1,1,209900,16792,30000,0,256692,209900,momo,unpaid,0,,0,1,0,0,pending,2998.4,0,1,1
SYN-20251212-001010,2025-12-12T04:35:58.000Z,2025-12-12,5,11,12,69b66f179390b3e4eaa4710a,vip,300,150762893,502543,-94,2,3,539700,43176,0,0,582876,269850,card,unpaid,0,,2,0,1,0,pending,2240.18,0,1,1
SYN-20251227-001011,2025-12-27T12:57:14.000Z,2025-12-27,6,19,12,69b66f179390b3e4eaa4711f,regular,96,51556197,537044,-79,2,3,709700,56776,0,75000,691476,354850,card,paid,1,VEGGIE25,0,1,2,0,delivering,1871.82,0,1,0
SYN-20251231-001012,2025-12-31T10:53:59.000Z,2025-12-31,3,17,12,69b66f189390b3e4eaa47131,regular,82,38006436,463493,-75,1,2,379800,30384,30000,56970,383214,379800,cash,paid,1,SUMMER15,0,2,0,0,delivering,1777.88,0,1,0
SYN-20260315-001013,2026-03-15T05:40:22.000Z,2026-03-15,0,12,3,69b66f179390b3e4eaa47116,regular,82,38788483,473030,-1,2,2,404800,32384,30000,0,467184,202400,momo,paid,0,,1,0,1,0,delivering,7.1,0,1,0
SYN-20251106-001014,2025-11-06T03:10:38.000Z,2025-11-06,4,10,11,69b66f179390b3e4eaa47122,regular,84,40357330,480444,-130,2,4,799600,63968,0,100000,763568,399800,momo,paid,1,HEALTHY20,0,3,1,0,completed,3105.6,0,0,0
SYN-20260212-001015,2026-02-12T07:02:48.000Z,2026-02-12,4,14,2,69b66f179390b3e4eaa4710d,regular,128,62788236,490533,-32,2,4,889600,71168,0,75000,885768,444800,momo,unpaid,1,VEGGIE25,0,3,1,0,confirmed,749.73,0,1,1
SYN-20250901-001016,2025-09-01T10:29:29.000Z,2025-09-01,1,17,9,69b66f179390b3e4eaa47128,regular,66,34270303,519247,-195,1,2,299800,23984,30000,0,353784,299800,momo,paid,0,,0,0,0,2,completed,4682.29,0,0,0
SYN-20250703-001017,2025-07-03T09:17:16.000Z,2025-07-03,4,16,7,69b66f179390b3e4eaa4711c,regular,50,24230795,484616,-256,1,1,199900,15992,30000,0,245892,199900,cash,unpaid,0,,0,1,0,0,preparing,6123.49,0,1,1
SYN-20251027-001018,2025-10-27T01:55:00.000Z,2025-10-27,1,8,10,69b66f179390b3e4eaa47122,regular,84,40357330,480444,-140,1,1,189900,15192,30000,0,235092,189900,cash,paid,0,,0,1,0,0,completed,3346.86,0,0,0
SYN-20260313-001019,2026-03-13T06:07:31.000Z,2026-03-13,5,13,3,69b66f179390b3e4eaa4710d,regular,128,62788236,490533,-3,2,4,819600,65568,0,0,885168,409800,card,unpaid,0,,0,2,2,0,preparing,54.65,0,1,1
SYN-20260315-001020,2026-03-15T05:29:10.000Z,2026-03-15,0,12,3,69b66f189390b3e4eaa47134,regular,69,34548879,500708,-1,2,3,769700,61576,0,0,831276,384850,cash,unpaid,0,,0,0,3,0,confirmed,7.29,0,1,1
SYN-20251015-001021,2025-10-15T08:28:42.000Z,2025-10-15,3,15,10,69b66f189390b3e4eaa47134,regular,69,34548879,500708,-152,2,2,314800,25184,30000,47220,322764,157400,cash,unpaid,1,SUMMER15,2,0,0,0,delivering,3628.3,0,1,1
SYN-20260211-001022,2026-02-11T10:06:07.000Z,2026-02-11,3,17,2,69b66f179390b3e4eaa47128,regular,66,34270303,519247,-32,2,2,364800,29184,30000,0,423984,182400,cash,unpaid,0,,1,0,1,0,pending,770.68,0,1,1
SYN-20251102-001023,2025-11-02T07:34:23.000Z,2025-11-02,0,14,11,69b66f179390b3e4eaa4712b,regular,83,34910035,420603,-134,2,3,639700,51176,0,0,690876,319850,momo,paid,0,,0,0,2,1,completed,3197.2,0,0,0
SYN-20260212-001024,2026-02-12T02:17:49.000Z,2026-02-12,4,9,2,69b66f179390b3e4eaa47122,regular,84,40357330,480444,-32,2,3,609700,48776,0,0,658476,304850,momo,unpaid,0,,2,0,1,0,preparing,754.48,0,1,1
SYN-20260314-001025,2026-03-14T10:47:36.000Z,2026-03-14,6,17,3,69b66f179390b3e4eaa47122,regular,84,40357330,480444,-2,2,3,489700,39176,30000,50000,508876,244850,card,unpaid,1,EATOMO50K,0,2,0,1,pending,25.98,0,1,1
SYN-20260227-001026,2026-02-27T14:37:53.000Z,2026-02-27,5,21,2,69b66f179390b3e4eaa4710a,vip,300,150762893,502543,-17,2,3,729700,58376,0,50000,738076,364850,card,paid,1,EATOMO50K,0,0,3,0,completed,382.15,0,0,0
SYN-20260314-001027,2026-03-14T05:40:06.000Z,2026-03-14,6,12,3,69b66f179390b3e4eaa4711c,regular,50,24230795,484616,-2,2,3,759700,60776,0,0,820476,379850,cash,unpaid,0,,0,0,3,0,confirmed,31.11,0,1,1
SYN-20250915-001028,2025-09-15T12:06:52.000Z,2025-09-15,1,19,9,69b66f179390b3e4eaa4710a,vip,300,150762893,502543,-182,2,4,919600,73568,0,60000,933168,459800,card,unpaid,1,PROTEIN10,0,0,4,0,cancelled,4344.66,1,0,1
SYN-20260208-001029,2026-02-08T12:36:10.000Z,2026-02-08,0,19,2,69b66f179390b3e4eaa4710a,vip,300,150762893,502543,-36,1,1,209900,16792,30000,25000,231692,209900,momo,unpaid,1,FREESHIP,0,1,0,0,cancelled,840.17,1,0,1
SYN-20260209-001030,2026-02-09T08:17:43.000Z,2026-02-09,1,15,2,69b66f179390b3e4eaa47113,regular,89,41138137,462226,-35,2,2,369800,29584,30000,73960,355424,184900,momo,unpaid,1,HEALTHY20,1,1,0,0,completed,820.48,0,0,1
SYN-20251206-001031,2025-12-06T09:26:31.000Z,2025-12-06,6,16,12,69b66f179390b3e4eaa4710a,vip,300,150762893,502543,-100,1,2,539800,43184,0,50000,532984,539800,momo,paid,1,EATOMO50K,0,0,2,0,delivering,2379.34,0,1,0
SYN-20260214-001032,2026-02-14T03:08:31.000Z,2026-02-14,6,10,2,69b66f179390b3e4eaa4710a,vip,300,150762893,502543,-30,2,2,389800,31184,30000,80000,370984,194900,card,unpaid,1,FLASH25,0,0,1,1,preparing,705.64,0,1,1
SYN-20250606-001033,2025-06-06T08:06:26.000Z,2025-06-06,5,15,6,69b66f189390b3e4eaa47131,regular,82,38006436,463493,-283,1,1,129900,10392,30000,0,170292,129900,card,paid,0,,0,0,0,1,completed,6772.67,0,0,0
SYN-20260113-001034,2026-01-13T09:20:48.000Z,2026-01-13,2,16,1,69b66f179390b3e4eaa4710a,vip,300,150762893,502543,-62,2,2,314800,25184,30000,31480,338504,157400,momo,unpaid,1,PROTEIN10,1,0,0,1,pending,1467.43,0,1,1
SYN-20260305-001035,2026-03-05T11:06:52.000Z,2026-03-05,4,18,3,69b66f179390b3e4eaa4710a,vip,300,150762893,502543,-11,1,1,149900,11992,30000,0,191892,149900,momo,unpaid,0,,0,0,0,1,confirmed,241.66,0,1,1
SYN-20260102-001036,2026-01-02T01:37:19.000Z,2026-01-02,5,8,1,69b66f179390b3e4eaa47110,regular,80,39676181,495952,-73,2,4,899600,71968,0,0,971568,449800,momo,unpaid,0,,0,2,2,0,preparing,1739.16,0,1,1
SYN-20250726-001037,2025-07-26T13:27:31.000Z,2025-07-26,6,20,7,69b66f179390b3e4eaa4711c,regular,50,24230795,484616,-233,1,1,189900,15192,30000,0,235092,189900,momo,paid,0,,0,1,0,0,delivering,5567.32,0,1,0
SYN-20251107-001038,2025-11-07T02:27:42.000Z,2025-11-07,5,9,11,69b66f179390b3e4eaa4710a,vip,300,150762893,502543,-129,2,3,529700,42376,0,75000,497076,264850,card,paid,1,VEGGIE25,0,2,0,1,completed,3082.32,0,0,0
SYN-20260304-001039,2026-03-04T03:10:28.000Z,2026-03-04,3,10,3,69b66f179390b3e4eaa47125,regular,78,39418164,505361,-12,1,2,499800,39984,30000,0,569784,499800,momo,unpaid,0,,0,0,2,0,confirmed,273.6,0,1,1
SYN-20251028-001040,2025-10-28T08:58:55.000Z,2025-10-28,2,15,10,69b66f179390b3e4eaa4711c,regular,50,24230795,484616,-139,2,2,319800,25584,30000,0,375384,159900,momo,paid,0,,0,1,0,1,completed,3315.8,0,0,0
SYN-20250820-001041,2025-08-20T05:58:37.000Z,2025-08-20,3,12,8,69b66f189390b3e4eaa4712e,regular,66,32415979,491151,-208,1,1,209900,16792,30000,0,256692,209900,cash,paid,0,,0,1,0,0,completed,4974.8,0,0,0
SYN-20260315-001042,2026-03-15T05:59:23.000Z,2026-03-15,0,12,3,69b66f179390b3e4eaa47119,regular,49,23556582,480747,-1,2,3,779700,62376,0,50000,792076,389850,momo,unpaid,1,EATOMO50K,0,0,3,0,preparing,6.79,0,1,1
SYN-20260115-001043,2026-01-15T11:18:52.000Z,2026-01-15,4,18,1,69b66f179390b3e4eaa4710d,regular,128,62788236,490533,-59,1,2,299800,23984,30000,29980,323804,299800,bank_transfer,unpaid,1,WELCOME10,2,0,0,0,confirmed,1417.46,0,1,1
SYN-20250630-001044,2025-06-30T09:33:47.000Z,2025-06-30,1,16,6,69b66f179390b3e4eaa4710a,vip,300,150762893,502543,-259,1,2,379800,30384,30000,50000,390184,379800,momo,paid,1,EATOMO50K,0,2,0,0,delivering,6195.21,0,1,0
SYN-20251105-001045,2025-11-05T04:35:23.000Z,2025-11-05,3,11,11,69b66f179390b3e4eaa4710a,vip,300,150762893,502543,-131,2,3,499700,39976,30000,0,569676,249850,momo,paid,0,,0,0,1,2,completed,3128.19,0,0,0
SYN-20260218-001046,2026-02-18T05:07:11.000Z,2026-02-18,3,12,2,69b66f179390b3e4eaa4710a,vip,300,150762893,502543,-26,1,3,809700,64776,0,100000,774476,809700,bank_transfer,paid,1,HEALTHY20,0,0,3,0,completed,607.66,0,0,0
SYN-20260315-001047,2026-03-15T09:29:09.000Z,2026-03-15,0,16,3,69b66f179390b3e4eaa4710d,regular,128,62788236,490533,0,1,1,139900,11192,30000,0,181092,139900,cash,unpaid,0,,0,0,0,1,pending,3.29,0,1,1
SYN-20260121-001048,2026-01-21T05:30:16.000Z,2026-01-21,3,12,1,69b66f189390b3e4eaa47131,regular,82,38006436,463493,-54,2,4,884600,70768,0,75000,880368,442300,cash,paid,1,VEGGIE25,0,1,3,0,completed,1279.27,0,0,0
SYN-20251128-001049,2025-11-28T06:55:49.000Z,2025-11-28,5,13,11,69b66f179390b3e4eaa4712b,regular,83,34910035,420603,-108,1,1,189900,15192,30000,0,235092,189900,card,unpaid,0,,0,1,0,0,completed,2573.85,0,0,1
SYN-20260122-001050,2026-01-22T03:28:47.000Z,2026-01-22,4,10,1,69b66f179390b3e4eaa4710a,vip,300,150762893,502543,-53,2,2,389800,31184,30000,0,450984,194900,card,paid,0,,0,0,1,1,completed,1257.3,0,0,0
SYN-20250522-001051,2025-05-22T13:09:55.000Z,2025-05-22,4,20,5,69b66f189390b3e4eaa47134,regular,69,34548879,500708,-298,2,3,719700,57576,0,0,777276,359850,momo,unpaid,0,,0,1,2,0,pending,7127.61,0,1,1
SYN-20251107-001052,2025-11-07T02:44:38.000Z,2025-11-07,5,9,11,69b66f179390b3e4eaa47122,regular,84,40357330,480444,-129,1,1,199900,15992,30000,0,245892,199900,card,paid,0,,0,1,0,0,completed,3082.03,0,0,0
SYN-20251011-001053,2025-10-11T02:29:51.000Z,2025-10-11,6,9,10,69b66f179390b3e4eaa4712b,regular,83,34910035,420603,-156,1,2,329800,26384,30000,50000,336184,329800,cash,paid,1,EATOMO50K,0,2,0,0,delivering,3730.28,0,1,0
SYN-20250410-001054,2025-04-10T08:22:23.000Z,2025-04-10,4,15,4,69b66f179390b3e4eaa4710a,vip,300,150762893,502543,-340,2,3,439700,35176,30000,0,504876,219850,card,unpaid,0,,2,0,0,1,confirmed,8140.4,0,1,1
SYN-20250806-001055,2025-08-06T03:52:21.000Z,2025-08-06,3,10,8,69b66f179390b3e4eaa47116,regular,82,38788483,473030,-222,2,3,609700,48776,0,60000,598476,304850,cash,paid,1,PROTEIN10,2,0,1,0,completed,5312.91,0,0,0
SYN-20260310-001056,2026-03-10T10:43:08.000Z,2026-03-10,2,17,3,69b66f189390b3e4eaa4712e,regular,66,32415979,491151,-6,1,1,179900,14392,30000,53970,170322,179900,bank_transfer,paid,1,FIRSTORDER30,1,0,0,0,delivering,122.06,0,1,0
SYN-20250623-001057,2025-06-23T02:24:41.000Z,2025-06-23,1,9,6,69b66f179390b3e4eaa47122,regular,84,40357330,480444,-266,2,2,449800,35984,30000,0,515784,224900,momo,paid,0,,0,1,1,0,completed,6370.37,0,0,0
SYN-20260311-001058,2026-03-11T07:56:19.000Z,2026-03-11,3,14,3,69b66f179390b3e4eaa47116,regular,82,38788483,473030,-5,1,2,439800,35184,30000,50000,454984,439800,bank_transfer,unpaid,1,EATOMO50K,0,2,0,0,confirmed,100.84,0,1,1
SYN-20260215-001059,2026-02-15T03:11:49.000Z,2026-02-15,0,10,2,69b66f179390b3e4eaa4710a,vip,300,150762893,502543,-29,2,4,579600,46368,0,75000,550968,289800,momo,paid,1,VEGGIE25,2,0,0,2,delivering,681.58,0,1,0
SYN-20260227-001060,2026-02-27T08:23:17.000Z,2026-02-27,5,15,2,69b66f179390b3e4eaa47125,regular,78,39418164,505361,-17,1,3,779700,62376,0,100000,742076,779700,momo,refunded,1,VIP100K,0,0,3,0,cancelled,388.39,1,0,0
SYN-20250520-001061,2025-05-20T03:36:47.000Z,2025-05-20,2,10,5,69b66f179390b3e4eaa47116,regular,82,38788483,473030,-300,2,4,849600,67968,0,75000,842568,424800,momo,unpaid,1,VEGGIE25,0,4,0,0,delivering,7185.16,0,1,1
SYN-20250801-001062,2025-08-01T08:10:08.000Z,2025-08-01,5,15,8,69b66f179390b3e4eaa4710d,regular,128,62788236,490533,-227,2,3,479700,38376,30000,75000,473076,239850,momo,paid,1,VEGGIE25,2,0,0,1,completed,5428.61,0,0,0
SYN-20250413-001063,2025-04-13T04:44:15.000Z,2025-04-13,0,11,4,69b66f179390b3e4eaa47113,regular,89,41138137,462226,-337,2,2,289800,23184,30000,57960,285024,144900,momo,unpaid,1,HEALTHY20,0,0,0,2,pending,8072.04,0,1,1
SYN-20260228-001064,2026-02-28T10:27:58.000Z,2026-02-28,6,17,2,69b66f189390b3e4eaa47134,regular,69,34548879,500708,-16,2,4,919600,73568,0,50000,943168,459800,cash,paid,1,EATOMO50K,0,2,2,0,completed,362.31,0,0,0
SYN-20251211-001065,2025-12-11T05:24:28.000Z,2025-12-11,4,12,12,69b66f179390b3e4eaa4712b,regular,83,34910035,420603,-95,2,2,359800,28784,30000,25000,393584,179900,momo,paid,1,FREESHIP,1,1,0,0,completed,2263.37,0,0,0
SYN-20251106-001066,2025-11-06T09:47:02.000Z,2025-11-06,4,16,11,69b66f179390b3e4eaa4710a,vip,300,150762893,502543,-130,1,2,279800,22384,30000,69950,262234,279800,card,paid,1,VEGGIE25,0,0,0,2,completed,3098.99,0,0,0
SYN-20250412-001067,2025-04-12T14:54:25.000Z,2025-04-12,6,21,4,69b66f179390b3e4eaa47125,regular,78,39418164,505361,-337,1,2,359800,28784,30000,0,418584,359800,bank_transfer,unpaid,0,,0,2,0,0,preparing,8085.87,0,1,1
SYN-20250625-001068,2025-06-25T05:58:47.000Z,2025-06-25,3,12,6,69b66f189390b3e4eaa4712e,regular,66,32415979,491151,-264,2,2,369800,29584,30000,0,429384,184900,momo,unpaid,0,,1,1,0,0,preparing,6318.8,0,1,1
SYN-20251005-001069,2025-10-05T05:50:44.000Z,2025-10-05,0,12,10,69b66f179390b3e4eaa47113,regular,89,41138137,462226,-162,1,1,149900,11992,30000,0,191892,149900,momo,unpaid,0,,0,0,0,1,confirmed,3870.93,0,1,1
SYN-20250611-001070,2025-06-11T08:01:10.000Z,2025-06-11,3,15,6,69b66f179390b3e4eaa4710a,vip,300,150762893,502543,-278,2,2,384800,30784,30000,0,445584,192400,bank_transfer,unpaid,0,,1,0,1,0,preparing,6652.76,0,1,1
SYN-20260310-001071,2026-03-10T13:42:13.000Z,2026-03-10,2,20,3,69b66f179390b3e4eaa47113,regular,89,41138137,462226,-5,1,2,309800,24784,30000,25000,339584,309800,cash,unpaid,1,FREESHIP,2,0,0,0,delivering,119.07,0,1,1
SYN-20251228-001072,2025-12-28T01:32:13.000Z,2025-12-28,0,8,12,69b66f179390b3e4eaa4710d,regular,128,62788236,490533,-78,2,2,399800,31984,30000,75000,386784,199900,card,paid,1,VEGGIE25,0,0,1,1,completed,1859.24,0,0,0
SYN-20260314-001073,2026-03-14T11:16:30.000Z,2026-03-14,6,18,3,69b66f179390b3e4eaa47119,regular,49,23556582,480747,-2,1,1,174900,13992,30000,0,218892,174900,momo,unpaid,0,,0,1,0,0,preparing,25.5,0,1,1
SYN-20250422-001074,2025-04-22T05:38:25.000Z,2025-04-22,2,12,4,69b66f179390b3e4eaa4710d,regular,128,62788236,490533,-328,1,1,229900,18392,30000,0,278292,229900,cash,paid,0,,0,0,1,0,completed,7855.14,0,0,0
SYN-20250928-001075,2025-09-28T06:56:35.000Z,2025-09-28,0,13,9,69b66f179390b3e4eaa4710a,vip,300,150762893,502543,-169,1,1,164900,13192,30000,24735,183357,164900,momo,paid,1,SUMMER15,1,0,0,0,completed,4037.83,0,0,0
SYN-20251001-001076,2025-10-01T07:57:31.000Z,2025-10-01,3,14,10,69b66f179390b3e4eaa4710a,vip,300,150762893,502543,-166,2,3,669700,53576,0,75000,648276,334850,bank_transfer,paid,1,VEGGIE25,0,0,2,1,completed,3964.82,0,0,0
SYN-20250529-001077,2025-05-29T05:09:38.000Z,2025-05-29,4,12,5,69b66f179390b3e4eaa47122,regular,84,40357330,480444,-291,2,2,359800,28784,30000,107940,310644,179900,card,unpaid,1,FIRSTORDER30,1,1,0,0,pending,6967.62,0,1,1
SYN-20250727-001078,2025-07-27T09:18:09.000Z,2025-07-27,0,16,7,69b66f189390b3e4eaa47134,regular,69,34548879,500708,-232,2,3,689700,55176,0,100000,644876,344850,momo,unpaid,1,VIP100K,1,0,2,0,preparing,5547.48,0,1,1
SYN-20260121-001079,2026-01-21T05:49:27.000Z,2026-01-21,3,12,1,69b66f179390b3e4eaa4710a,vip,300,150762893,502543,-54,1,1,169900,13592,30000,0,213492,169900,momo,paid,0,,1,0,0,0,completed,1278.95,0,0,0
SYN-20251230-001080,2025-12-30T04:05:52.000Z,2025-12-30,2,11,12,69b66f179390b3e4eaa4711c,regular,50,24230795,484616,-76,2,3,479700,38376,30000,25000,523076,239850,card,paid,1,FREESHIP,1,0,0,2,completed,1808.68,0,0,0
SYN-20251223-001081,2025-12-23T01:40:33.000Z,2025-12-23,2,8,12,69b66f179390b3e4eaa47122,regular,84,40357330,480444,-83,2,3,529700,42376,0,0,572076,264850,momo,unpaid,0,,2,1,0,0,pending,1979.1,0,1,1
SYN-20260119-001082,2026-01-19T13:03:21.000Z,2026-01-19,1,20,1,69b66f179390b3e4eaa4711c,regular,50,24230795,484616,-56,1,3,719700,57576,0,0,777276,719700,card,paid,0,,0,0,3,0,completed,1319.72,0,0,0
SYN-20251019-001083,2025-10-19T07:10:19.000Z,2025-10-19,0,14,10,69b66f189390b3e4eaa4712e,regular,66,32415979,491151,-148,1,1,164900,13192,30000,0,208092,164900,cash,unpaid,0,,0,1,0,0,preparing,3533.61,0,1,1
SYN-20250925-001084,2025-09-25T04:54:28.000Z,2025-09-25,4,11,9,69b66f189390b3e4eaa47131,regular,82,38006436,463493,-172,1,2,329800,26384,30000,0,386184,329800,card,paid,0,,0,2,0,0,delivering,4111.87,0,1,0
SYN-20250404-001085,2025-04-04T05:33:06.000Z,2025-04-04,5,12,4,69b66f179390b3e4eaa47116,regular,82,38788483,473030,-346,1,1,199900,15992,30000,0,245892,199900,card,refunded,0,,0,1,0,0,cancelled,8287.23,1,0,0
SYN-20251023-001086,2025-10-23T05:34:05.000Z,2025-10-23,4,12,10,69b66f179390b3e4eaa4710a,vip,300,150762893,502543,-144,1,2,289800,23184,30000,57960,285024,289800,momo,paid,1,HEALTHY20,2,0,0,0,delivering,3439.21,0,1,0
SYN-20251012-001087,2025-10-12T10:55:17.000Z,2025-10-12,0,17,10,69b66f179390b3e4eaa4710a,vip,300,150762893,502543,-155,1,2,339800,27184,30000,0,396984,339800,card,paid,0,,2,0,0,0,completed,3697.86,0,0,0
SYN-20250417-001088,2025-04-17T13:49:09.000Z,2025-04-17,4,20,4,69b66f179390b3e4eaa47113,regular,89,41138137,462226,-332,2,3,549700,43976,0,0,593676,274850,momo,paid,0,,2,1,0,0,completed,7966.96,0,0,0
SYN-20250330-001089,2025-03-30T10:28:53.000Z,2025-03-30,0,17,3,69b66f179390b3e4eaa4710a,vip,300,150762893,502543,-351,2,3,544700,43576,0,0,588276,272350,cash,unpaid,0,,0,3,0,0,completed,8402.3,0,0,1
SYN-20260113-001090,2026-01-13T11:53:52.000Z,2026-01-13,2,18,1,69b66f179390b3e4eaa47113,regular,89,41138137,462226,-62,2,4,669600,53568,0,0,723168,334800,cash,paid,0,,2,2,0,0,completed,1464.88,0,0,0
SYN-20250512-001091,2025-05-12T14:55:45.000Z,2025-05-12,1,21,5,69b66f179390b3e4eaa4710a,vip,300,150762893,502543,-307,2,2,439800,35184,30000,0,504984,219900,bank_transfer,paid,0,,0,1,1,0,completed,7365.85,0,0,0
SYN-20260225-001092,2026-02-25T02:28:44.000Z,2026-02-25,3,9,2,69b66f189390b3e4eaa4712e,regular,66,32415979,491151,-19,1,3,779700,62376,0,25000,817076,779700,cash,unpaid,1,FREESHIP,0,0,3,0,pending,442.3,0,1,1
SYN-20260203-001093,2026-02-03T05:19:42.000Z,2026-02-03,2,12,2,69b66f179390b3e4eaa47116,regular,82,38788483,473030,-41,2,2,334800,26784,30000,0,391584,167400,card,unpaid,0,,1,1,0,0,pending,967.45,0,1,1
SYN-20250831-001094,2025-08-31T04:13:41.000Z,2025-08-31,0,11,8,69b66f189390b3e4eaa47131,regular,82,38006436,463493,-197,2,3,449700,35976,30000,80000,435676,224850,cash,unpaid,1,FLASH25,0,0,0,3,completed,4712.55,0,0,1
SYN-20250517-001095,2025-05-17T02:21:53.000Z,2025-05-17,6,9,5,69b66f179390b3e4eaa47122,regular,84,40357330,480444,-303,2,2,329800,26384,30000,65960,320224,164900,bank_transfer,paid,1,HEALTHY20,1,1,0,0,completed,7258.41,0,0,0
SYN-20260213-001096,2026-02-13T14:23:38.000Z,2026-02-13,5,21,2,69b66f179390b3e4eaa47128,regular,66,34270303,519247,-30,2,2,399800,31984,30000,0,461784,199900,cash,paid,0,,0,2,0,0,delivering,718.38,0,1,0
SYN-20250902-001097,2025-09-02T14:06:49.000Z,2025-09-02,2,21,9,69b66f179390b3e4eaa4711f,regular,96,51556197,537044,-195,1,2,539800,43184,0,0,582984,539800,momo,paid,0,,0,0,2,0,completed,4654.66,0,0,0
SYN-20250320-001098,2025-03-20T02:14:48.000Z,2025-03-20,4,9,3,69b66f179390b3e4eaa47113,regular,89,41138137,462226,-361,2,3,739700,59176,0,50000,748876,369850,cash,unpaid,1,EATOMO50K,0,1,2,0,preparing,8650.53,0,1,1
SYN-20250730-001099,2025-07-30T04:01:04.000Z,2025-07-30,3,11,7,69b66f179390b3e4eaa47116,regular,82,38788483,473030,-229,2,3,659700,52776,0,0,712476,329850,card,unpaid,0,,1,0,2,0,confirmed,5480.76,0,1,1
SYN-20260209-001100,2026-02-09T10:08:53.000Z,2026-02-09,1,17,2,69b66f179390b3e4eaa4711f,regular,96,51556197,537044,-35,2,4,779600,62368,0,100000,741968,389800,card,paid,1,HEALTHY20,0,4,0,0,completed,818.63,0,0,0
SYN-20251219-001101,2025-12-19T05:06:54.000Z,2025-12-19,5,12,12,69b66f179390b3e4eaa47113,regular,89,41138137,462226,-87,2,3,539700,43176,0,80000,502876,269850,momo,unpaid,1,FLASH25,2,1,0,0,confirmed,2071.66,0,1,1
SYN-20260224-001102,2026-02-24T12:29:38.000Z,2026-02-24,2,19,2,69b66f179390b3e4eaa47125,regular,78,39418164,505361,-20,2,3,579700,46376,0,50000,576076,289850,momo,unpaid,1,EATOMO50K,0,3,0,0,confirmed,456.28,0,1,1
SYN-20251004-001103,2025-10-04T13:59:31.000Z,2025-10-04,6,20,10,69b66f189390b3e4eaa4712e,regular,66,32415979,491151,-162,1,1,164900,13192,30000,0,208092,164900,momo,unpaid,0,,1,0,0,0,pending,3886.79,0,1,1
SYN-20251217-001104,2025-12-17T13:47:23.000Z,2025-12-17,3,20,12,69b66f179390b3e4eaa47128,regular,66,34270303,519247,-88,2,4,799600,63968,0,50000,813568,399800,momo,paid,1,EATOMO50K,3,0,1,0,completed,2110.99,0,0,0
SYN-20260116-001105,2026-01-16T06:58:58.000Z,2026-01-16,5,13,1,69b66f179390b3e4eaa47116,regular,82,38788483,473030,-59,2,3,499700,39976,30000,0,569676,249850,momo,paid,0,,3,0,0,0,delivering,1397.79,0,1,0
SYN-20251208-001106,2025-12-08T07:39:19.000Z,2025-12-08,1,14,12,69b66f179390b3e4eaa4711f,regular,96,51556197,537044,-98,2,3,639700,51176,0,0,690876,319850,momo,paid,0,,0,2,1,0,completed,2333.12,0,0,0
SYN-20260112-001107,2026-01-12T09:30:50.000Z,2026-01-12,1,16,1,69b66f179390b3e4eaa4711f,regular,96,51556197,537044,-63,2,3,619700,49576,0,0,669276,309850,cash,paid,0,,0,2,1,0,delivering,1491.26,0,1,0
SYN-20250827-001108,2025-08-27T09:31:28.000Z,2025-08-27,3,16,8,69b66f179390b3e4eaa4710a,vip,300,150762893,502543,-201,2,4,649600,51968,0,25000,676568,324800,cash,paid,1,FREESHIP,3,1,0,0,completed,4803.25,0,0,0
SYN-20251115-001109,2025-11-15T14:49:01.000Z,2025-11-15,6,21,11,69b66f179390b3e4eaa47116,regular,82,38788483,473030,-120,2,4,899600,71968,0,0,971568,449800,card,unpaid,0,,0,2,2,0,completed,2877.96,0,0,1
SYN-20250626-001110,2025-06-26T06:37:12.000Z,2025-06-26,4,13,6,69b66f179390b3e4eaa4710d,regular,128,62788236,490533,-263,2,3,609700,48776,0,0,658476,304850,cash,paid,0,,0,3,0,0,completed,6294.16,0,0,0
SYN-20250615-001111,2025-06-15T08:41:07.000Z,2025-06-15,0,15,6,69b66f179390b3e4eaa4710a,vip,300,150762893,502543,-274,1,2,339800,27184,30000,33980,363004,339800,momo,unpaid,1,PROTEIN10,2,0,0,0,preparing,6556.09,0,1,1
SYN-20251209-001112,2025-12-09T05:50:37.000Z,2025-12-09,2,12,12,69b66f189390b3e4eaa4712e,regular,66,32415979,491151,-97,2,3,569700,45576,0,0,615276,284850,card,unpaid,0,,0,2,0,1,pending,2310.93,0,1,1
SYN-20260120-001113,2026-01-20T02:18:25.000Z,2026-01-20,2,9,1,69b66f179390b3e4eaa47110,regular,80,39676181,495952,-55,1,1,189900,15192,30000,0,235092,189900,momo,paid,0,,0,1,0,0,delivering,1306.47,0,1,0
SYN-20250823-001114,2025-08-23T01:49:58.000Z,2025-08-23,6,8,8,69b66f179390b3e4eaa4712b,regular,83,34910035,420603,-205,2,2,309800,24784,30000,0,364584,154900,bank_transfer,unpaid,0,,2,0,0,0,pending,4906.94,0,1,1
SYN-20260303-001115,2026-03-03T13:54:33.000Z,2026-03-03,2,20,3,69b66f189390b3e4eaa4712e,regular,66,32415979,491151,-12,2,4,819600,65568,0,120000,765168,409800,momo,paid,1,FIRSTORDER30,2,0,2,0,delivering,286.87,0,1,0
SYN-20250612-001116,2025-06-12T01:03:01.000Z,2025-06-12,4,8,6,69b66f179390b3e4eaa47128,regular,66,34270303,519247,-277,2,3,729700,58376,0,50000,738076,364850,cash,paid,1,EATOMO50K,0,0,3,0,completed,6635.73,0,0,0
SYN-20250826-001117,2025-08-26T03:02:05.000Z,2025-08-26,2,10,8,69b66f179390b3e4eaa47125,regular,78,39418164,505361,-202,1,1,219900,17592,30000,0,267492,219900,bank_transfer,unpaid,0,,0,0,1,0,preparing,4833.74,0,1,1
SYN-20260311-001118,2026-03-11T10:53:26.000Z,2026-03-11,3,17,3,69b66f179390b3e4eaa4711c,regular,50,24230795,484616,-5,2,2,409800,32784,30000,75000,397584,204900,cash,unpaid,1,VEGGIE25,1,0,1,0,completed,97.89,0,0,1
SYN-20260307-001119,2026-03-07T06:24:41.000Z,2026-03-07,6,13,3,69b66f179390b3e4eaa47110,regular,80,39676181,495952,-9,1,1,199900,15992,30000,0,245892,199900,cash,paid,0,,0,1,0,0,delivering,198.37,0,1,0
SYN-20251025-001120,2025-10-25T01:53:30.000Z,2025-10-25,6,8,10,69b66f179390b3e4eaa4710d,regular,128,62788236,490533,-142,1,1,219900,17592,30000,0,267492,219900,card,unpaid,0,,0,1,0,0,preparing,3394.89,0,1,1
SYN-20250513-001121,2025-05-13T10:37:49.000Z,2025-05-13,2,17,5,69b66f179390b3e4eaa4711f,regular,96,51556197,537044,-307,1,1,259900,20792,30000,0,310692,259900,card,unpaid,0,,0,0,1,0,confirmed,7346.15,0,1,1
SYN-20250420-001122,2025-04-20T01:42:37.000Z,2025-04-20,0,8,4,69b66f179390b3e4eaa4712b,regular,83,34910035,420603,-330,2,2,379800,30384,30000,37980,402204,189900,card,paid,1,WELCOME10,1,0,1,0,completed,7907.07,0,0,0
SYN-20250703-001123,2025-07-03T14:19:56.000Z,2025-07-03,4,21,7,69b66f189390b3e4eaa47134,regular,69,34548879,500708,-256,1,1,179900,14392,30000,0,224292,179900,momo,unpaid,0,,1,0,0,0,completed,6118.45,0,0,1
SYN-20251120-001124,2025-11-20T03:00:13.000Z,2025-11-20,4,10,11,69b66f179390b3e4eaa47122,regular,84,40357330,480444,-116,2,6,1229400,98352,0,0,1327752,614700,card,paid,0,,0,3,3,0,completed,2769.77,0,0,0
SYN-20260310-001125,2026-03-10T04:01:23.000Z,2026-03-10,2,11,3,69b66f179390b3e4eaa47122,regular,84,40357330,480444,-6,2,3,709700,56776,0,0,766476,354850,momo,unpaid,0,,0,1,2,0,confirmed,128.75,0,1,1
SYN-20250615-001126,2025-06-15T03:09:01.000Z,2025-06-15,0,10,6,69b66f179390b3e4eaa47125,regular,78,39418164,505361,-274,1,1,269900,21592,30000,0,321492,269900,momo,unpaid,0,,0,0,1,0,completed,6561.63,0,0,1
SYN-20260315-001127,2026-03-15T12:35:46.000Z,2026-03-15,0,19,3,69b66f179390b3e4eaa4712b,regular,83,34910035,420603,-1,1,2,359800,28784,30000,0,418584,359800,bank_transfer,unpaid,0,,0,2,0,0,preparing,0.18,0,0,1
SYN-20250814-001128,2025-08-14T14:32:58.000Z,2025-08-14,4,21,8,69b66f179390b3e4eaa4710a,vip,300,150762893,502543,-214,2,3,529700,42376,0,75000,497076,264850,card,unpaid,1,VEGGIE25,3,0,0,0,preparing,5110.23,0,1,1
SYN-20260226-001129,2026-02-26T02:15:30.000Z,2026-02-26,4,9,2,69b66f179390b3e4eaa4710a,vip,300,150762893,502543,-18,1,3,449700,35976,30000,0,515676,449700,card,paid,0,,0,0,0,3,delivering,418.52,0,1,0
SYN-20250918-001130,2025-09-18T12:06:41.000Z,2025-09-18,4,19,9,69b66f179390b3e4eaa4710a,vip,300,150762893,502543,-179,2,4,739600,59168,0,0,798768,369800,momo,paid,0,,2,2,0,0,completed,4272.67,0,0,0
SYN-20250515-001131,2025-05-15T09:53:28.000Z,2025-05-15,4,16,5,69b66f179390b3e4eaa4711f,regular,96,51556197,537044,-305,2,3,609700,48776,0,120000,538476,304850,card,unpaid,1,FIRSTORDER30,1,0,2,0,preparing,7298.89,0,1,1
SYN-20250701-001132,2025-07-01T08:01:20.000Z,2025-07-01,2,15,7,69b66f179390b3e4eaa4711f,regular,96,51556197,537044,-258,1,2,279800,22384,30000,0,332184,279800,bank_transfer,unpaid,0,,0,0,0,2,pending,6172.76,0,1,1
SYN-20260107-001133,2026-01-07T13:18:04.000Z,2026-01-07,3,20,1,69b66f179390b3e4eaa4710d,regular,128,62788236,490533,-67,1,3,479700,38376,30000,50000,498076,479700,momo,paid,1,EATOMO50K,3,0,0,0,completed,1607.48,0,0,0
SYN-20251008-001134,2025-10-08T05:41:07.000Z,2025-10-08,3,12,10,69b66f179390b3e4eaa4710a,vip,300,150762893,502543,-159,1,2,379800,30384,30000,50000,390184,379800,cash,unpaid,1,EATOMO50K,0,2,0,0,delivering,3799.09,0,1,1
SYN-20250825-001135,2025-08-25T07:46:44.000Z,2025-08-25,1,14,8,69b66f179390b3e4eaa47125,regular,78,39418164,505361,-203,2,2,349800,27984,30000,25000,382784,174900,cash,unpaid,1,FREESHIP,1,1,0,0,preparing,4853,0,1,1
SYN-20260218-001136,2026-02-18T01:14:13.000Z,2026-02-18,3,8,2,69b66f179390b3e4eaa47116,regular,82,38788483,473030,-26,1,1,149900,11992,30000,0,191892,149900,cash,unpaid,0,,0,0,0,1,pending,611.54,0,1,1
SYN-20250828-001137,2025-08-28T06:29:46.000Z,2025-08-28,4,13,8,69b66f179390b3e4eaa4710a,vip,300,150762893,502543,-200,2,3,409700,32776,30000,25000,447476,204850,momo,paid,1,FREESHIP,0,0,0,3,completed,4782.28,0,0,0
SYN-20250405-001138,2025-04-05T05:39:55.000Z,2025-04-05,6,12,4,69b66f189390b3e4eaa4712e,regular,66,32415979,491151,-345,2,4,689600,55168,0,100000,644768,344800,cash,paid,1,HEALTHY20,2,2,0,0,delivering,8263.11,0,1,0
SYN-20260315-001139,2026-03-15T14:02:38.000Z,2026-03-15,0,21,3,69b66f179390b3e4eaa4710a,vip,300,150762893,502543,-1,1,1,189900,15192,30000,0,235092,189900,card,unpaid,0,,0,1,0,0,preparing,0,0,0,1
SYN-20250528-001140,2025-05-28T11:01:36.000Z,2025-05-28,3,18,5,69b66f179390b3e4eaa4710a,vip,300,150762893,502543,-292,2,3,719700,57576,0,50000,727276,359850,bank_transfer,paid,1,EATOMO50K,0,1,2,0,delivering,6985.75,0,1,0
SYN-20250724-001141,2025-07-24T04:13:25.000Z,2025-07-24,4,11,7,69b66f179390b3e4eaa4710a,vip,300,150762893,502543,-235,2,3,549700,43976,0,0,593676,274850,bank_transfer,paid,0,,2,1,0,0,delivering,5624.55,0,1,0
SYN-20260202-001142,2026-02-02T06:25:44.000Z,2026-02-02,1,13,2,69b66f189390b3e4eaa4712e,regular,66,32415979,491151,-42,2,4,739600,59168,0,100000,698768,369800,momo,paid,1,VIP100K,0,0,2,2,completed,990.35,0,0,0
SYN-20260225-001143,2026-02-25T13:23:48.000Z,2026-02-25,3,20,2,69b66f179390b3e4eaa4710a,vip,300,150762893,502543,-19,2,2,329800,26384,30000,0,386184,164900,momo,unpaid,0,,0,1,0,1,completed,431.38,0,0,1
SYN-20260225-001144,2026-02-25T08:30:30.000Z,2026-02-25,3,15,2,69b66f189390b3e4eaa4712e,regular,66,32415979,491151,-19,1,1,239900,19192,30000,0,289092,239900,cash,paid,0,,0,0,1,0,delivering,436.27,0,1,0
SYN-20251205-001145,2025-12-05T06:49:10.000Z,2025-12-05,5,13,12,69b66f189390b3e4eaa47131,regular,82,38006436,463493,-101,1,1,199900,15992,30000,0,245892,199900,card,unpaid,0,,0,1,0,0,delivering,2405.96,0,1,1
SYN-20260227-001146,2026-02-27T12:52:41.000Z,2026-02-27,5,19,2,69b66f179390b3e4eaa4711f,regular,96,51556197,537044,-17,2,3,609700,48776,0,50000,608476,304850,cash,unpaid,1,EATOMO50K,0,2,1,0,confirmed,383.9,0,1,1
SYN-20260107-001147,2026-01-07T06:15:56.000Z,2026-01-07,3,13,1,69b66f179390b3e4eaa4712b,regular,83,34910035,420603,-68,2,4,869600,69568,0,0,939168,434800,momo,paid,0,,2,0,2,0,completed,1614.51,0,0,0
SYN-20260314-001148,2026-03-14T06:00:45.000Z,2026-03-14,6,13,3,69b66f179390b3e4eaa4710a,vip,300,150762893,502543,-2,1,1,179900,14392,30000,0,224292,179900,momo,unpaid,0,,1,0,0,0,pending,30.77,0,1,1
SYN-20251009-001149,2025-10-09T07:18:51.000Z,2025-10-09,4,14,10,69b66f179390b3e4eaa47110,regular,80,39676181,495952,-158,1,2,519800,41584,0,100000,461384,519800,card,unpaid,1,HEALTHY20,0,0,2,0,pending,3773.46,0,1,1
SYN-20250916-001150,2025-09-16T08:41:42.000Z,2025-09-16,2,15,9,69b66f179390b3e4eaa4710a,vip,300,150762893,502543,-181,1,1,189900,15192,30000,47475,187617,189900,momo,paid,1,VEGGIE25,0,1,0,0,delivering,4324.08,0,1,0
SYN-20250815-001151,2025-08-15T05:21:44.000Z,2025-08-15,5,12,8,69b66f179390b3e4eaa4710a,vip,300,150762893,502543,-213,2,4,659600,52768,0,25000,687368,329800,bank_transfer,paid,1,FREESHIP,0,2,0,2,completed,5095.42,0,0,0
SYN-20260208-001152,2026-02-08T05:52:49.000Z,2026-02-08,0,12,2,69b66f179390b3e4eaa47122,regular,84,40357330,480444,-36,2,2,369800,29584,30000,0,429384,184900,momo,paid,0,,0,1,0,1,delivering,846.9,0,1,0
SYN-20250923-001153,2025-09-23T02:23:16.000Z,2025-09-23,2,9,9,69b66f179390b3e4eaa4711c,regular,50,24230795,484616,-174,2,4,979600,78368,0,100000,957968,489800,card,paid,1,HEALTHY20,0,0,4,0,completed,4162.39,0,0,0
SYN-20260112-001154,2026-01-12T01:15:23.000Z,2026-01-12,1,8,1,69b66f179390b3e4eaa47122,regular,84,40357330,480444,-63,1,1,259900,20792,30000,0,310692,259900,momo,paid,0,,0,0,1,0,completed,1499.52,0,0,0
SYN-20260212-001155,2026-02-12T13:59:17.000Z,2026-02-12,4,20,2,69b66f179390b3e4eaa47110,regular,80,39676181,495952,-31,1,2,439800,35184,30000,0,504984,439800,card,unpaid,0,,0,2,0,0,completed,742.79,0,0,1
SYN-20250813-001156,2025-08-13T11:07:25.000Z,2025-08-13,3,18,8,69b66f179390b3e4eaa4710d,regular,128,62788236,490533,-214,2,2,469800,37584,30000,80000,457384,234900,bank_transfer,paid,1,FLASH25,0,1,1,0,completed,5137.65,0,0,0
SYN-20260105-001157,2026-01-05T04:38:36.000Z,2026-01-05,1,11,1,69b66f179390b3e4eaa47125,regular,78,39418164,505361,-70,2,3,539700,43176,0,25000,557876,269850,card,paid,1,FREESHIP,2,1,0,0,delivering,1664.13,0,1,0
SYN-20251115-001158,2025-11-15T14:53:53.000Z,2025-11-15,6,21,11,69b66f179390b3e4eaa4711c,regular,50,24230795,484616,-120,2,4,629600,50368,0,25000,654968,314800,momo,unpaid,1,FREESHIP,0,2,0,2,confirmed,2877.88,0,1,1
SYN-20251028-001159,2025-10-28T01:57:57.000Z,2025-10-28,2,8,10,69b66f179390b3e4eaa4710a,vip,300,150762893,502543,-139,2,2,369800,29584,30000,75000,354384,184900,momo,paid,1,VEGGIE25,1,1,0,0,delivering,3322.81,0,1,0
SYN-20250910-001160,2025-09-10T10:38:36.000Z,2025-09-10,3,17,9,69b66f179390b3e4eaa4710a,vip,300,150762893,502543,-187,2,3,689700,55176,0,50000,694876,344850,momo,paid,1,EATOMO50K,0,1,2,0,completed,4466.13,0,0,0
SYN-20251107-001161,2025-11-07T03:44:57.000Z,2025-11-07,5,10,11,69b66f189390b3e4eaa47134,regular,69,34548879,500708,-129,2,2,509800,40784,0,0,550584,254900,cash,paid,0,,0,0,2,0,completed,3081.03,0,0,0
SYN-20260315-001162,2026-03-15T05:28:14.000Z,2026-03-15,0,12,3,69b66f179390b3e4eaa4710a,vip,300,150762893,502543,-1,2,3,619700,49576,0,100000,569276,309850,cash,unpaid,1,HEALTHY20,0,2,1,0,preparing,7.31,0,1,1
SYN-20260315-001163,2026-03-15T12:39:54.000Z,2026-03-15,0,19,3,69b66f189390b3e4eaa47134,regular,69,34548879,500708,-1,1,1,159900,12792,30000,0,202692,159900,cash,paid,0,,1,0,0,0,completed,0.11,0,0,0
SYN-20251126-001164,2025-11-26T10:50:16.000Z,2025-11-26,3,17,11,69b66f179390b3e4eaa47122,regular,84,40357330,480444,-110,1,1,174900,13992,30000,0,218892,174900,card,paid,0,,0,1,0,0,completed,2617.94,0,0,0
SYN-20251103-001165,2025-11-03T08:07:36.000Z,2025-11-03,1,15,11,69b66f179390b3e4eaa47119,regular,49,23556582,480747,-133,2,2,399800,31984,30000,0,461784,199900,momo,unpaid,0,,0,2,0,0,pending,3172.65,0,1,1
SYN-20250827-001166,2025-08-27T03:44:00.000Z,2025-08-27,3,10,8,69b66f179390b3e4eaa4710a,vip,300,150762893,502543,-201,2,3,489700,39176,30000,75000,483876,244850,card,paid,1,VEGGIE25,0,1,0,2,completed,4809.04,0,0,0
SYN-20250831-001167,2025-08-31T12:03:54.000Z,2025-08-31,0,19,8,69b66f189390b3e4eaa47131,regular,82,38006436,463493,-197,2,2,439800,35184,30000,0,504984,219900,card,unpaid,0,,0,1,1,0,preparing,4704.71,0,1,1
SYN-20260301-001168,2026-03-01T03:01:30.000Z,2026-03-01,0,10,3,69b66f179390b3e4eaa47113,regular,89,41138137,462226,-15,2,3,609700,48776,0,0,658476,304850,cash,unpaid,0,,2,0,1,0,preparing,345.75,0,1,1
SYN-20251224-001169,2025-12-24T06:33:43.000Z,2025-12-24,3,13,12,69b66f179390b3e4eaa47116,regular,82,38788483,473030,-82,2,2,409800,32784,30000,81960,390624,204900,cash,paid,1,HEALTHY20,1,0,1,0,completed,1950.22,0,0,0
SYN-20250723-001170,2025-07-23T13:35:06.000Z,2025-07-23,3,20,7,69b66f179390b3e4eaa4710d,regular,128,62788236,490533,-235,2,3,529700,42376,0,0,572076,264850,card,unpaid,0,,1,2,0,0,pending,5639.19,0,1,1
SYN-20251015-001171,2025-10-15T08:35:10.000Z,2025-10-15,3,15,10,69b66f179390b3e4eaa4710d,regular,128,62788236,490533,-152,2,3,459700,36776,30000,0,526476,229850,momo,unpaid,0,,3,0,0,0,preparing,3628.19,0,1,1
SYN-20251107-001172,2025-11-07T01:45:11.000Z,2025-11-07,5,8,11,69b66f179390b3e4eaa47122,regular,84,40357330,480444,-129,1,1,269900,21592,30000,0,321492,269900,momo,unpaid,0,,0,0,1,0,pending,3083.02,0,1,1
SYN-20250830-001173,2025-08-30T03:31:57.000Z,2025-08-30,6,10,8,69b66f179390b3e4eaa4710a,vip,300,150762893,502543,-198,2,4,909600,72768,0,0,982368,454800,momo,paid,0,,0,1,3,0,delivering,4737.25,0,1,0
SYN-20251016-001174,2025-10-16T09:46:54.000Z,2025-10-16,4,16,10,69b66f179390b3e4eaa47128,regular,66,34270303,519247,-150,2,3,539700,43176,0,100000,482876,269850,momo,unpaid,1,VIP100K,0,3,0,0,confirmed,3603,0,1,1
SYN-20260313-001175,2026-03-13T03:24:26.000Z,2026-03-13,5,10,3,69b66f179390b3e4eaa4710a,vip,300,150762893,502543,-3,2,3,689700,55176,0,60000,684876,344850,momo,paid,1,PROTEIN10,0,1,2,0,delivering,57.37,0,1,0
SYN-20260312-001176,2026-03-12T11:46:43.000Z,2026-03-12,4,18,3,69b66f179390b3e4eaa47122,regular,84,40357330,480444,-3,1,1,144900,11592,30000,0,186492,144900,cash,paid,0,,1,0,0,0,delivering,73,0,1,0
SYN-20260308-001177,2026-03-08T06:22:25.000Z,2026-03-08,0,13,3,69b66f179390b3e4eaa4710a,vip,300,150762893,502543,-8,2,4,809600,64768,0,100000,774368,404800,card,unpaid,1,HEALTHY20,0,3,1,0,pending,174.4,0,1,1
SYN-20251230-001178,2025-12-30T12:26:13.000Z,2025-12-30,2,19,12,69b66f179390b3e4eaa47110,regular,80,39676181,495952,-76,2,2,359800,28784,30000,71960,346624,179900,cash,unpaid,1,HEALTHY20,1,1,0,0,cancelled,1800.34,1,0,1
SYN-20251227-001179,2025-12-27T14:00:27.000Z,2025-12-27,6,21,12,69b66f179390b3e4eaa4711c,regular,50,24230795,484616,-78,1,2,399800,31984,30000,39980,421804,399800,cash,unpaid,1,WELCOME10,0,2,0,0,completed,1870.77,0,0,1
SYN-20260220-001180,2026-02-20T04:31:37.000Z,2026-02-20,5,11,2,69b66f189390b3e4eaa4712e,regular,66,32415979,491151,-24,1,1,139900,11192,30000,0,181092,139900,momo,unpaid,0,,0,0,0,1,preparing,560.25,0,1,1
SYN-20250510-001181,2025-05-10T03:17:07.000Z,2025-05-10,6,10,5,69b66f179390b3e4eaa47122,regular,84,40357330,480444,-310,1,1,219900,17592,30000,0,267492,219900,cash,paid,0,,0,0,1,0,completed,7425.49,0,0,0
SYN-20250913-001182,2025-09-13T13:03:57.000Z,2025-09-13,6,20,9,69b66f189390b3e4eaa4712e,regular,66,32415979,491151,-184,1,1,139900,11192,30000,0,181092,139900,cash,unpaid,0,,0,0,0,1,pending,4391.71,0,1,1
SYN-20250603-001183,2025-06-03T07:23:52.000Z,2025-06-03,2,14,6,69b66f189390b3e4eaa4712e,regular,66,32415979,491151,-286,2,3,509700,40776,0,0,550476,254850,cash,paid,0,,1,2,0,0,completed,6845.38,0,0,0
SYN-20250523-001184,2025-05-23T06:35:34.000Z,2025-05-23,5,13,5,69b66f179390b3e4eaa47110,regular,80,39676181,495952,-297,1,2,289800,23184,30000,72450,270534,289800,cash,paid,1,VEGGIE25,2,0,0,0,delivering,7110.18,0,1,0
SYN-20250802-001185,2025-08-02T02:43:29.000Z,2025-08-02,6,9,8,69b66f179390b3e4eaa4710d,regular,128,62788236,490533,-226,2,5,754500,60360,0,100000,714860,377250,cash,paid,1,VIP100K,5,0,0,0,completed,5410.05,0,0,0
SYN-20250824-001186,2025-08-24T09:54:44.000Z,2025-08-24,0,16,8,69b66f179390b3e4eaa4710d,regular,128,62788236,490533,-203,2,2,379800,30384,30000,0,440184,189900,card,paid,0,,0,0,1,1,completed,4874.87,0,0,0
SYN-20250805-001187,2025-08-05T05:38:21.000Z,2025-08-05,2,12,8,69b66f179390b3e4eaa4711c,regular,50,24230795,484616,-223,2,4,809600,64768,0,0,874368,404800,momo,paid,0,,0,2,2,0,completed,5335.14,0,0,0
SYN-20250422-001188,2025-04-22T04:46:40.000Z,2025-04-22,2,11,4,69b66f179390b3e4eaa4711c,regular,50,24230795,484616,-328,1,2,439800,35184,30000,0,504984,439800,cash,paid,0,,0,0,2,0,completed,7856,0,0,0
SYN-20260218-001189,2026-02-18T05:37:04.000Z,2026-02-18,3,12,2,69b66f179390b3e4eaa4712b,regular,83,34910035,420603,-26,1,2,289800,23184,30000,0,342984,289800,cash,paid,0,,2,0,0,0,completed,607.16,0,0,0
SYN-20250830-001190,2025-08-30T02:00:46.000Z,2025-08-30,6,9,8,69b66f189390b3e4eaa47134,regular,69,34548879,500708,-198,2,4,779600,62368,0,60000,781968,389800,bank_transfer,paid,1,PROTEIN10,0,0,2,2,completed,4738.76,0,0,0
SYN-20260309-001191,2026-03-09T11:34:39.000Z,2026-03-09,1,18,3,69b66f189390b3e4eaa47134,regular,69,34548879,500708,-7,1,1,129900,10392,30000,32475,137817,129900,cash,unpaid,1,VEGGIE25,0,0,0,1,confirmed,145.2,0,1,1
SYN-20260301-001192,2026-03-01T06:39:59.000Z,2026-03-01,0,13,3,69b66f179390b3e4eaa4710d,regular,128,62788236,490533,-15,1,2,379800,30384,30000,113940,326244,379800,momo,paid,1,FIRSTORDER30,0,2,0,0,delivering,342.11,0,1,0
SYN-20260108-001193,2026-01-08T03:49:34.000Z,2026-01-08,4,10,1,69b66f179390b3e4eaa4710d,regular,128,62788236,490533,-67,2,2,329800,26384,30000,25000,361184,164900,momo,paid,1,FREESHIP,0,1,0,1,completed,1592.95,0,0,0
SYN-20250521-001194,2025-05-21T02:49:06.000Z,2025-05-21,3,9,5,69b66f179390b3e4eaa47128,regular,66,34270303,519247,-299,1,2,399800,31984,30000,119940,341844,399800,card,paid,1,FIRSTORDER30,0,2,0,0,completed,7161.96,0,0,0
SYN-20260315-001195,2026-03-15T14:14:24.000Z,2026-03-15,0,21,3,69b66f179390b3e4eaa4711f,regular,96,51556197,537044,0,1,2,299800,23984,30000,0,353784,299800,momo,unpaid,0,,0,0,0,2,preparing,0,0,0,1
SYN-20260311-001196,2026-03-11T14:09:06.000Z,2026-03-11,3,21,3,69b66f179390b3e4eaa47113,regular,89,41138137,462226,-4,1,1,154900,12392,30000,25000,172292,154900,bank_transfer,paid,1,FREESHIP,1,0,0,0,completed,94.63,0,0,0
SYN-20260304-001197,2026-03-04T14:42:56.000Z,2026-03-04,3,21,3,69b66f179390b3e4eaa4711c,regular,50,24230795,484616,-11,1,1,259900,20792,30000,25990,284702,259900,card,unpaid,1,PROTEIN10,0,0,1,0,preparing,262.06,0,1,1
SYN-20250816-001198,2025-08-16T10:27:40.000Z,2025-08-16,6,17,8,69b66f179390b3e4eaa4710a,vip,300,150762893,502543,-212,2,2,289800,23184,30000,28980,314004,144900,momo,paid,1,PROTEIN10,0,0,0,2,completed,5066.32,0,0,0
SYN-20250725-001199,2025-07-25T11:25:19.000Z,2025-07-25,5,18,7,69b66f179390b3e4eaa4711c,regular,50,24230795,484616,-234,1,1,189900,15192,30000,25000,210092,189900,card,paid,1,FREESHIP,0,1,0,0,completed,5593.36,0,0,0
SYN-20251123-001200,2025-11-23T09:55:16.000Z,2025-11-23,0,16,11,69b66f179390b3e4eaa4712b,regular,83,34910035,420603,-113,2,3,429700,34376,30000,0,494076,214850,cash,unpaid,0,,1,0,0,2,confirmed,2690.86,0,1,1
SYN-20260228-001201,2026-02-28T14:17:16.000Z,2026-02-28,6,21,2,69b66f189390b3e4eaa4712e,regular,66,32415979,491151,-15,2,2,339800,27184,30000,0,396984,169900,momo,paid,0,,0,1,0,1,delivering,358.49,0,1,0
SYN-20260207-001202,2026-02-07T13:32:00.000Z,2026-02-07,6,20,2,69b66f179390b3e4eaa47122,regular,84,40357330,480444,-36,1,2,319800,25584,30000,0,375384,319800,cash,paid,0,,2,0,0,0,completed,863.24,0,0,0
SYN-20260305-001203,2026-03-05T09:07:37.000Z,2026-03-05,4,16,3,69b66f179390b3e4eaa4710a,vip,300,150762893,502543,-11,2,3,739700,59176,0,0,798876,369850,bank_transfer,unpaid,0,,0,0,3,0,pending,243.65,0,1,1
SYN-20250416-001204,2025-04-16T09:07:35.000Z,2025-04-16,3,16,4,69b66f179390b3e4eaa4710a,vip,300,150762893,502543,-334,2,5,1029500,82360,0,75000,1036860,514750,momo,paid,1,VEGGIE25,2,0,3,0,completed,7995.65,0,0,0
SYN-20250912-001205,2025-09-12T12:17:31.000Z,2025-09-12,5,19,9,69b66f179390b3e4eaa47119,regular,49,23556582,480747,-185,2,3,509700,40776,0,0,550476,254850,momo,paid,0,,2,1,0,0,completed,4416.49,0,0,0
SYN-20251009-001206,2025-10-09T11:03:59.000Z,2025-10-09,4,18,10,69b66f179390b3e4eaa47128,regular,66,34270303,519247,-157,2,4,644600,51568,0,75000,621168,322300,card,paid,1,VEGGIE25,3,1,0,0,completed,3769.71,0,0,0
SYN-20260310-001207,2026-03-10T03:20:45.000Z,2026-03-10,2,10,3,69b66f189390b3e4eaa4712e,regular,66,32415979,491151,-6,2,3,479700,38376,30000,95940,452136,239850,momo,unpaid,1,HEALTHY20,3,0,0,0,confirmed,129.43,0,1,1
SYN-20250909-001208,2025-09-09T09:21:18.000Z,2025-09-09,2,16,9,69b66f179390b3e4eaa47110,regular,80,39676181,495952,-188,2,3,569700,45576,0,75000,540276,284850,cash,paid,1,VEGGIE25,1,2,0,0,completed,4491.42,0,0,0
SYN-20250430-001209,2025-04-30T01:11:41.000Z,2025-04-30,3,8,4,69b66f179390b3e4eaa4710a,vip,300,150762893,502543,-320,1,1,249900,19992,30000,37485,262407,249900,bank_transfer,unpaid,1,SUMMER15,0,0,1,0,confirmed,7667.58,0,1,1
SYN-20260102-001210,2026-01-02T13:36:19.000Z,2026-01-02,5,20,1,69b66f179390b3e4eaa4710a,vip,300,150762893,502543,-73,2,2,349800,27984,30000,69960,337824,174900,momo,paid,1,HEALTHY20,0,1,0,1,completed,1727.17,0,0,0
SYN-20250711-001211,2025-07-11T14:14:02.000Z,2025-07-11,5,21,7,69b66f179390b3e4eaa47110,regular,80,39676181,495952,-247,1,1,219900,17592,30000,43980,223512,219900,card,paid,1,HEALTHY20,0,0,1,0,completed,5926.54,0,0,0
SYN-20260129-001212,2026-01-29T08:05:53.000Z,2026-01-29,4,15,1,69b66f179390b3e4eaa47113,regular,89,41138137,462226,-46,1,2,539800,43184,0,0,582984,539800,momo,paid,0,,0,0,2,0,completed,1084.68,0,0,0
SYN-20250421-001213,2025-04-21T06:57:04.000Z,2025-04-21,1,13,4,69b66f179390b3e4eaa47116,regular,82,38788483,473030,-329,1,1,164900,13192,30000,0,208092,164900,card,unpaid,0,,0,1,0,0,preparing,7877.83,0,1,1
SYN-20260115-001214,2026-01-15T14:45:40.000Z,2026-01-15,4,21,1,69b66f179390b3e4eaa47125,regular,78,39418164,505361,-59,1,1,199900,15992,30000,0,245892,199900,momo,unpaid,0,,0,1,0,0,completed,1414.02,0,0,1
SYN-20250928-001215,2025-09-28T06:28:39.000Z,2025-09-28,0,13,9,69b66f179390b3e4eaa4710a,vip,300,150762893,502543,-169,1,2,419800,33584,30000,50000,433384,419800,cash,paid,1,EATOMO50K,0,2,0,0,delivering,4038.3,0,1,0
SYN-20260314-001216,2026-03-14T11:31:33.000Z,2026-03-14,6,18,3,69b66f179390b3e4eaa4711c,regular,50,24230795,484616,-2,1,1,249900,19992,30000,0,299892,249900,card,unpaid,0,,0,0,1,0,cancelled,25.25,1,0,1
SYN-20250925-001217,2025-09-25T01:08:02.000Z,2025-09-25,4,8,9,69b66f179390b3e4eaa4710d,regular,128,62788236,490533,-172,1,1,169900,13592,30000,25000,188492,169900,cash,paid,1,FREESHIP,1,0,0,0,completed,4115.64,0,0,0
SYN-20251103-001218,2025-11-03T14:09:20.000Z,2025-11-03,1,21,11,69b66f179390b3e4eaa4710d,regular,128,62788236,490533,-132,2,2,389800,31184,30000,0,450984,194900,cash,paid,0,,0,2,0,0,completed,3166.62,0,0,0
SYN-20251015-001219,2025-10-15T03:07:00.000Z,2025-10-15,3,10,10,69b66f189390b3e4eaa47134,regular,69,34548879,500708,-152,2,4,949600,75968,0,50000,975568,474800,card,paid,1,EATOMO50K,0,1,3,0,delivering,3633.66,0,1,0
SYN-20260206-001220,2026-02-06T06:51:05.000Z,2026-02-06,5,13,2,69b66f179390b3e4eaa4711c,regular,50,24230795,484616,-38,2,2,304800,24384,30000,0,359184,152400,momo,paid,0,,0,1,0,1,completed,893.93,0,0,0
SYN-20250718-001221,2025-07-18T06:25:09.000Z,2025-07-18,5,13,7,69b66f179390b3e4eaa4711f,regular,96,51556197,537044,-241,2,3,729700,58376,0,100000,688076,364850,momo,paid,1,HEALTHY20,0,0,3,0,completed,5766.36,0,0,0
SYN-20260213-001222,2026-02-13T03:43:05.000Z,2026-02-13,5,10,2,69b66f179390b3e4eaa47110,regular,80,39676181,495952,-31,2,2,409800,32784,30000,0,472584,204900,momo,unpaid,0,,0,0,1,1,preparing,729.06,0,1,1
SYN-20251127-001223,2025-11-27T14:55:06.000Z,2025-11-27,4,21,11,69b66f179390b3e4eaa47125,regular,78,39418164,505361,-108,2,2,409800,32784,30000,75000,397584,204900,bank_transfer,unpaid,1,VEGGIE25,0,2,0,0,completed,2589.86,0,0,1
SYN-20260214-001224,2026-02-14T13:12:21.000Z,2026-02-14,6,20,2,69b66f179390b3e4eaa4710d,regular,128,62788236,490533,-29,2,4,739600,59168,0,100000,698768,369800,cash,paid,1,VIP100K,3,0,1,0,completed,695.57,0,0,0
SYN-20251226-001225,2025-12-26T09:06:19.000Z,2025-12-26,5,16,12,69b66f179390b3e4eaa47125,regular,78,39418164,505361,-80,2,2,459800,36784,30000,0,526584,229900,card,unpaid,0,,0,1,1,0,completed,1899.67,0,0,1
SYN-20260209-001226,2026-02-09T02:13:49.000Z,2026-02-09,1,9,2,69b66f179390b3e4eaa47113,regular,89,41138137,462226,-35,1,1,199900,15992,30000,0,245892,199900,card,unpaid,0,,0,1,0,0,confirmed,826.55,0,1,1
SYN-20251015-001227,2025-10-15T02:49:21.000Z,2025-10-15,3,9,10,69b66f179390b3e4eaa47113,regular,89,41138137,462226,-152,1,2,339800,27184,30000,75000,321984,339800,cash,unpaid,1,VEGGIE25,2,0,0,0,preparing,3633.96,0,1,1
SYN-20260222-001228,2026-02-22T06:38:36.000Z,2026-02-22,0,13,2,69b66f189390b3e4eaa47131,regular,82,38006436,463493,-22,2,4,619600,49568,0,0,669168,309800,card,paid,0,,4,0,0,0,delivering,510.13,0,1,0
SYN-20260307-001229,2026-03-07T12:34:58.000Z,2026-03-07,6,19,3,69b66f179390b3e4eaa4712b,regular,83,34910035,420603,-9,2,3,509700,40776,0,0,550476,254850,bank_transfer,paid,0,,2,1,0,0,delivering,192.19,0,1,0
SYN-20251012-001230,2025-10-12T13:14:57.000Z,2025-10-12,0,20,10,69b66f179390b3e4eaa4712b,regular,83,34910035,420603,-155,1,2,399800,31984,30000,75000,386784,399800,cash,unpaid,1,VEGGIE25,0,2,0,0,preparing,3695.53,0,1,1
SYN-20250827-001231,2025-08-27T07:46:52.000Z,2025-08-27,3,14,8,69b66f179390b3e4eaa47110,regular,80,39676181,495952,-201,2,2,319800,25584,30000,31980,343404,159900,cash,unpaid,1,PROTEIN10,1,1,0,0,confirmed,4805,0,1,1
SYN-20250628-001232,2025-06-28T09:06:18.000Z,2025-06-28,6,16,6,69b66f189390b3e4eaa47131,regular,82,38006436,463493,-261,1,2,299800,23984,30000,0,353784,299800,momo,paid,0,,0,0,0,2,delivering,6243.67,0,1,0
SYN-20251010-001233,2025-10-10T04:32:47.000Z,2025-10-10,5,11,10,69b66f179390b3e4eaa4710a,vip,300,150762893,502543,-157,2,5,864500,69160,0,25000,908660,432250,card,paid,1,FREESHIP,3,2,0,0,completed,3752.23,0,0,0
SYN-20251231-001234,2025-12-31T13:08:11.000Z,2025-12-31,3,20,12,69b66f179390b3e4eaa47113,regular,89,41138137,462226,-74,1,1,189900,15192,30000,0,235092,189900,cash,paid,0,,0,1,0,0,completed,1775.64,0,0,0
SYN-20250601-001235,2025-06-01T05:23:23.000Z,2025-06-01,0,12,6,69b66f179390b3e4eaa4712b,regular,83,34910035,420603,-288,1,2,379800,30384,30000,50000,390184,379800,card,paid,1,EATOMO50K,0,2,0,0,completed,6895.39,0,0,0
SYN-20250914-001236,2025-09-14T03:41:37.000Z,2025-09-14,0,10,9,69b66f179390b3e4eaa47119,regular,49,23556582,480747,-183,2,3,479700,38376,30000,0,548076,239850,cash,paid,0,,2,0,0,1,completed,4377.08,0,0,0
SYN-20251227-001237,2025-12-27T10:17:54.000Z,2025-12-27,6,17,12,69b66f189390b3e4eaa4712e,regular,66,32415979,491151,-79,2,3,659700,52776,0,80000,632476,329850,cash,paid,1,FLASH25,1,0,2,0,delivering,1874.48,0,1,0
SYN-20250922-001238,2025-09-22T14:23:22.000Z,2025-09-22,1,21,9,69b66f179390b3e4eaa47110,regular,80,39676181,495952,-174,2,5,1269500,101560,0,0,1371060,634750,cash,unpaid,0,,0,0,5,0,preparing,4174.39,0,1,1
SYN-20251012-001239,2025-10-12T11:05:03.000Z,2025-10-12,0,18,10,69b66f179390b3e4eaa47110,regular,80,39676181,495952,-155,1,1,239900,19192,30000,0,289092,239900,card,unpaid,0,,0,0,1,0,preparing,3697.69,0,1,1
SYN-20250317-001240,2025-03-17T08:30:48.000Z,2025-03-17,1,15,3,69b66f189390b3e4eaa4712e,regular,66,32415979,491151,-364,2,2,409800,32784,30000,81960,390624,204900,momo,unpaid,1,HEALTHY20,1,0,1,0,confirmed,8716.26,0,1,1
SYN-20250519-001241,2025-05-19T05:05:46.000Z,2025-05-19,1,12,5,69b66f179390b3e4eaa47125,regular,78,39418164,505361,-301,2,3,599700,47976,0,120000,527676,299850,card,paid,1,FIRSTORDER30,0,3,0,0,completed,7207.68,0,0,0
SYN-20250417-001242,2025-04-17T13:01:54.000Z,2025-04-17,4,20,4,69b66f179390b3e4eaa4711f,regular,96,51556197,537044,-333,1,1,219900,17592,30000,0,267492,219900,cash,paid,0,,0,0,1,0,completed,7967.75,0,0,0
SYN-20250523-001243,2025-05-23T08:44:42.000Z,2025-05-23,5,15,5,69b66f179390b3e4eaa4710a,vip,300,150762893,502543,-297,2,3,759700,60776,0,75000,745476,379850,momo,paid,1,VEGGIE25,0,0,3,0,delivering,7108.03,0,1,0
SYN-20251120-001244,2025-11-20T06:58:12.000Z,2025-11-20,4,13,11,69b66f179390b3e4eaa47110,regular,80,39676181,495952,-116,2,3,489700,39176,30000,0,558876,244850,bank_transfer,paid,0,,3,0,0,0,completed,2765.81,0,0,0
SYN-20260103-001245,2026-01-03T05:41:16.000Z,2026-01-03,6,12,1,69b66f189390b3e4eaa47131,regular,82,38006436,463493,-72,2,3,599700,47976,0,100000,547676,299850,cash,unpaid,1,HEALTHY20,0,2,1,0,cancelled,1711.09,1,0,1
SYN-20251107-001246,2025-11-07T04:01:21.000Z,2025-11-07,5,11,11,69b66f179390b3e4eaa47128,regular,66,34270303,519247,-129,2,3,559700,44776,0,0,604476,279850,cash,unpaid,0,,2,1,0,0,confirmed,3080.76,0,1,1
SYN-20251106-001247,2025-11-06T11:09:33.000Z,2025-11-06,4,18,11,69b66f179390b3e4eaa4712b,regular,83,34910035,420603,-130,1,3,599700,47976,0,80000,567676,599700,bank_transfer,paid,1,SUMMER15,0,3,0,0,completed,3097.62,0,0,0
SYN-20251106-001248,2025-11-06T02:58:40.000Z,2025-11-06,4,9,11,69b66f179390b3e4eaa4710a,vip,300,150762893,502543,-130,1,2,279800,22384,30000,25000,307184,279800,cash,unpaid,1,FREESHIP,0,0,0,2,preparing,3105.8,0,1,1
SYN-20260311-001249,2026-03-11T06:51:41.000Z,2026-03-11,3,13,3,69b66f179390b3e4eaa47110,regular,80,39676181,495952,-5,2,3,649700,51976,0,50000,651676,324850,momo,paid,1,EATOMO50K,0,2,1,0,completed,101.92,0,0,0
SYN-20250803-001250,2025-08-03T10:29:50.000Z,2025-08-03,0,17,8,69b66f179390b3e4eaa47125,regular,78,39418164,505361,-225,2,2,384800,30784,30000,0,445584,192400,card,paid,0,,0,2,0,0,completed,5378.28,0,0,0
SYN-20260313-001251,2026-03-13T14:01:47.000Z,2026-03-13,5,21,3,69b66f179390b3e4eaa4710d,regular,128,62788236,490533,-2,1,1,129900,10392,30000,0,170292,129900,cash,unpaid,0,,0,0,0,1,confirmed,46.75,0,1,1
SYN-20251125-001252,2025-11-25T11:46:46.000Z,2025-11-25,2,18,11,69b66f179390b3e4eaa47110,regular,80,39676181,495952,-111,2,2,309800,24784,30000,61960,302624,154900,cash,unpaid,1,HEALTHY20,2,0,0,0,completed,2641,0,0,1
SYN-20250529-001253,2025-05-29T13:39:20.000Z,2025-05-29,4,20,5,69b66f179390b3e4eaa4711f,regular,96,51556197,537044,-291,2,3,459700,36776,30000,50000,476476,229850,cash,paid,1,EATOMO50K,0,1,0,2,completed,6959.12,0,0,0
SYN-20251126-001254,2025-11-26T14:44:18.000Z,2025-11-26,3,21,11,69b66f179390b3e4eaa47119,regular,49,23556582,480747,-109,1,1,149900,11992,30000,25000,166892,149900,card,unpaid,1,FREESHIP,0,0,0,1,pending,2614.04,0,1,1
SYN-20260117-001255,2026-01-17T14:18:01.000Z,2026-01-17,6,21,1,69b66f179390b3e4eaa4710a,vip,300,150762893,502543,-58,2,2,424800,33984,30000,50000,438784,212400,card,paid,1,EATOMO50K,0,1,1,0,completed,1366.48,0,0,0
SYN-20250719-001256,2025-07-19T04:52:18.000Z,2025-07-19,6,11,7,69b66f179390b3e4eaa4710a,vip,300,150762893,502543,-240,2,2,319800,25584,30000,75000,300384,159900,card,paid,1,VEGGIE25,0,1,0,1,completed,5743.91,0,0,0
SYN-20250316-001257,2025-03-16T02:38:50.000Z,2025-03-16,0,9,3,69b66f179390b3e4eaa47113,regular,89,41138137,462226,-365,2,3,619700,49576,0,100000,569276,309850,cash,paid,1,VIP100K,0,0,2,1,delivering,8746.13,0,1,0
SYN-20260216-001258,2026-02-16T05:24:31.000Z,2026-02-16,1,12,2,69b66f179390b3e4eaa4712b,regular,83,34910035,420603,-28,2,2,299800,23984,30000,0,353784,149900,momo,paid,0,,1,0,0,1,completed,655.37,0,0,0
SYN-20250807-001259,2025-08-07T08:36:06.000Z,2025-08-07,4,15,8,69b66f179390b3e4eaa4710a,vip,300,150762893,502543,-221,1,1,209900,16792,30000,52475,204217,209900,card,unpaid,1,FLASH25,0,1,0,0,confirmed,5284.18,0,1,1
SYN-20260313-001260,2026-03-13T02:56:31.000Z,2026-03-13,5,9,3,69b66f179390b3e4eaa4710a,vip,300,150762893,502543,-3,2,2,429800,34384,30000,25000,469184,214900,momo,unpaid,1,FREESHIP,1,0,1,0,preparing,57.84,0,1,1
SYN-20251021-001261,2025-10-21T13:12:29.000Z,2025-10-21,2,20,10,69b66f179390b3e4eaa47110,regular,80,39676181,495952,-145,2,2,439800,35184,30000,25000,479984,219900,card,paid,1,FREESHIP,0,1,1,0,delivering,3479.57,0,1,0
SYN-20250612-001262,2025-06-12T01:37:11.000Z,2025-06-12,4,8,6,69b66f179390b3e4eaa4710a,vip,300,150762893,502543,-277,1,1,139900,11192,30000,0,181092,139900,card,unpaid,0,,1,0,0,0,pending,6635.16,0,1,1
SYN-20260311-001263,2026-03-11T13:28:04.000Z,2026-03-11,3,20,3,69b66f179390b3e4eaa4712b,regular,83,34910035,420603,-5,1,2,459800,36784,30000,75000,451584,459800,cash,unpaid,1,VEGGIE25,0,0,2,0,preparing,95.31,0,1,1
SYN-20260305-001264,2026-03-05T03:02:15.000Z,2026-03-05,4,10,3,69b66f189390b3e4eaa47131,regular,82,38006436,463493,-11,2,3,659700,52776,0,75000,637476,329850,cash,unpaid,1,VEGGIE25,0,1,2,0,preparing,249.74,0,1,1
SYN-20251009-001265,2025-10-09T06:11:27.000Z,2025-10-09,4,13,10,69b66f179390b3e4eaa4712b,regular,83,34910035,420603,-158,2,3,509700,40776,0,50000,500476,254850,momo,unpaid,1,EATOMO50K,1,2,0,0,pending,3774.59,0,1,1
SYN-20250417-001266,2025-04-17T12:17:57.000Z,2025-04-17,4,19,4,69b66f189390b3e4eaa47134,regular,69,34548879,500708,-333,2,3,459700,36776,30000,80000,446476,229850,bank_transfer,unpaid,1,FLASH25,3,0,0,0,completed,7968.48,0,0,1
SYN-20260302-001267,2026-03-02T05:48:26.000Z,2026-03-02,1,12,3,69b66f179390b3e4eaa4711f,regular,96,51556197,537044,-14,2,3,549700,43976,0,25000,568676,274850,cash,unpaid,1,FREESHIP,0,0,1,2,pending,318.97,0,1,1
SYN-20260118-001268,2026-01-18T08:58:46.000Z,2026-01-18,0,15,1,69b66f179390b3e4eaa4710a,vip,300,150762893,502543,-57,2,4,819600,65568,0,25000,860168,409800,momo,paid,1,FREESHIP,0,4,0,0,completed,1347.8,0,0,0
SYN-20251115-001269,2025-11-15T11:19:09.000Z,2025-11-15,6,18,11,69b66f179390b3e4eaa4711f,regular,96,51556197,537044,-121,1,1,174900,13992,30000,43725,175167,174900,cash,unpaid,1,FLASH25,0,1,0,0,confirmed,2881.46,0,1,1
SYN-20251013-001270,2025-10-13T07:07:42.000Z,2025-10-13,1,14,10,69b66f189390b3e4eaa47134,regular,69,34548879,500708,-154,2,3,604700,48376,0,100000,553076,302350,bank_transfer,unpaid,1,HEALTHY20,0,3,0,0,preparing,3677.65,0,1,1
SYN-20260303-001271,2026-03-03T01:36:05.000Z,2026-03-03,2,8,3,69b66f179390b3e4eaa47116,regular,82,38788483,473030,-13,2,2,449800,35984,30000,80000,435784,224900,card,unpaid,1,FLASH25,0,1,1,0,cancelled,299.18,1,0,1
SYN-20251004-001272,2025-10-04T04:32:24.000Z,2025-10-04,6,11,10,69b66f179390b3e4eaa4711f,regular,96,51556197,537044,-163,1,1,249900,19992,30000,0,299892,249900,card,unpaid,0,,0,0,1,0,preparing,3896.24,0,1,1
SYN-20250802-001273,2025-08-02T02:24:16.000Z,2025-08-02,6,9,8,69b66f179390b3e4eaa4710a,vip,300,150762893,502543,-226,2,2,479800,38384,30000,0,548184,239900,card,unpaid,0,,0,0,2,0,confirmed,5410.37,0,1,1
SYN-20260219-001274,2026-02-19T06:39:14.000Z,2026-02-19,4,13,2,69b66f179390b3e4eaa47122,regular,84,40357330,480444,-25,2,2,429800,34384,30000,42980,451204,214900,cash,paid,1,PROTEIN10,1,0,1,0,completed,582.12,0,0,0
SYN-20250808-001275,2025-08-08T04:45:04.000Z,2025-08-08,5,11,8,69b66f179390b3e4eaa47122,regular,84,40357330,480444,-220,1,2,319800,25584,30000,25000,350384,319800,card,paid,1,FREESHIP,2,0,0,0,completed,5264.03,0,0,0
SYN-20260219-001276,2026-02-19T01:28:01.000Z,2026-02-19,4,8,2,69b66f179390b3e4eaa4711f,regular,96,51556197,537044,-25,2,5,989500,79160,0,0,1068660,494750,momo,paid,0,,2,3,0,0,completed,587.31,0,0,0
SYN-20260112-001277,2026-01-12T13:24:42.000Z,2026-01-12,1,20,1,69b66f179390b3e4eaa4710a,vip,300,150762893,502543,-63,1,1,259900,20792,30000,0,310692,259900,momo,paid,0,,0,0,1,0,completed,1487.37,0,0,0
SYN-20260310-001278,2026-03-10T14:04:48.000Z,2026-03-10,2,21,3,69b66f189390b3e4eaa4712e,regular,66,32415979,491151,-5,2,2,399800,31984,30000,79960,381824,199900,momo,paid,1,HEALTHY20,0,0,1,1,completed,118.7,0,0,0
SYN-20260304-001279,2026-03-04T04:59:19.000Z,2026-03-04,3,11,3,69b66f179390b3e4eaa47113,regular,89,41138137,462226,-12,1,1,149900,11992,30000,0,191892,149900,momo,paid,0,,1,0,0,0,delivering,271.79,0,1,0
SYN-20250811-001280,2025-08-11T03:51:55.000Z,2025-08-11,1,10,8,69b66f179390b3e4eaa4711f,regular,96,51556197,537044,-217,2,3,489700,39176,30000,0,558876,244850,momo,unpaid,0,,2,1,0,0,preparing,5192.91,0,1,1
SYN-20250828-001281,2025-08-28T01:08:14.000Z,2025-08-28,4,8,8,69b66f179390b3e4eaa47128,regular,66,34270303,519247,-200,2,3,444700,35576,30000,0,510276,222350,momo,paid,0,,1,0,0,2,completed,4787.64,0,0,0
SYN-20250805-001282,2025-08-05T03:38:14.000Z,2025-08-05,2,10,8,69b66f179390b3e4eaa47116,regular,82,38788483,473030,-223,2,2,459800,36784,30000,120000,406584,229900,cash,paid,1,FIRSTORDER30,0,1,1,0,delivering,5337.14,0,1,0
SYN-20260315-001283,2026-03-15T02:58:10.000Z,2026-03-15,0,9,3,69b66f179390b3e4eaa47110,regular,80,39676181,495952,-1,2,3,549700,43976,0,0,593676,274850,card,unpaid,0,,2,0,1,0,pending,9.81,0,1,1
SYN-20260214-001284,2026-02-14T03:34:11.000Z,2026-02-14,6,10,2,69b66f179390b3e4eaa47113,regular,89,41138137,462226,-30,1,1,159900,12792,30000,0,202692,159900,momo,paid,0,,1,0,0,0,delivering,705.21,0,1,0
SYN-20250819-001285,2025-08-19T02:14:42.000Z,2025-08-19,2,9,8,69b66f179390b3e4eaa47125,regular,78,39418164,505361,-209,1,2,499800,39984,30000,99960,469824,499800,card,paid,1,HEALTHY20,0,0,2,0,completed,5002.53,0,0,0
SYN-20251124-001286,2025-11-24T05:28:45.000Z,2025-11-24,1,12,11,69b66f179390b3e4eaa47119,regular,49,23556582,480747,-112,2,2,354800,28384,30000,0,413184,177400,bank_transfer,unpaid,0,,0,2,0,0,confirmed,2671.3,0,1,1
SYN-20250617-001287,2025-06-17T14:49:40.000Z,2025-06-17,2,21,6,69b66f179390b3e4eaa47110,regular,80,39676181,495952,-271,1,2,399800,31984,30000,0,461784,399800,momo,paid,0,,0,2,0,0,delivering,6501.95,0,1,0
SYN-20251108-001288,2025-11-08T02:24:45.000Z,2025-11-08,6,9,11,69b66f179390b3e4eaa47125,regular,78,39418164,505361,-128,2,2,329800,26384,30000,49470,336714,164900,card,paid,1,SUMMER15,0,1,0,1,completed,3058.37,0,0,0
SYN-20260227-001289,2026-02-27T06:04:17.000Z,2026-02-27,5,13,2,69b66f179390b3e4eaa47113,regular,89,41138137,462226,-17,1,2,359800,28784,30000,0,418584,359800,bank_transfer,unpaid,0,,2,0,0,0,confirmed,390.71,0,1,1
SYN-20250623-001290,2025-06-23T09:01:50.000Z,2025-06-23,1,16,6,69b66f179390b3e4eaa4710d,regular,128,62788236,490533,-266,2,4,659600,52768,0,0,712368,329800,card,unpaid,0,,0,2,0,2,confirmed,6363.75,0,1,1
SYN-20251229-001291,2025-12-29T14:30:54.000Z,2025-12-29,1,21,12,69b66f179390b3e4eaa4710a,vip,300,150762893,502543,-77,1,2,299800,23984,30000,89940,263844,299800,momo,paid,1,FIRSTORDER30,0,0,0,2,completed,1822.26,0,0,0
SYN-20250515-001292,2025-05-15T03:02:42.000Z,2025-05-15,4,10,5,69b66f179390b3e4eaa4712b,regular,83,34910035,420603,-305,2,3,649700,51976,0,0,701676,324850,momo,unpaid,0,,0,2,1,0,preparing,7305.73,0,1,1
SYN-20251020-001293,2025-10-20T08:11:44.000Z,2025-10-20,1,15,10,69b66f179390b3e4eaa47119,regular,49,23556582,480747,-147,2,3,569700,45576,0,0,615276,284850,momo,unpaid,0,,0,2,1,0,pending,3508.58,0,1,1
SYN-20260205-001294,2026-02-05T02:11:45.000Z,2026-02-05,4,9,2,69b66f179390b3e4eaa4710a,vip,300,150762893,502543,-39,2,2,479800,38384,30000,0,548184,239900,momo,unpaid,0,,0,0,2,0,preparing,922.58,0,1,1
SYN-20260115-001295,2026-01-15T05:02:45.000Z,2026-01-15,4,12,1,69b66f179390b3e4eaa4710d,regular,128,62788236,490533,-60,2,3,559700,44776,0,80000,524476,279850,cash,refunded,1,SUMMER15,2,0,1,0,cancelled,1423.73,1,0,0
SYN-20250403-001296,2025-04-03T09:27:03.000Z,2025-04-03,4,16,4,69b66f179390b3e4eaa47113,regular,89,41138137,462226,-347,2,3,659700,52776,0,80000,632476,329850,card,paid,1,FLASH25,1,0,2,0,completed,8307.33,0,0,0
SYN-20260210-001297,2026-02-10T06:51:40.000Z,2026-02-10,2,13,2,69b66f179390b3e4eaa4710d,regular,128,62788236,490533,-34,2,3,659700,52776,0,0,712476,329850,cash,paid,0,,0,1,2,0,completed,797.92,0,0,0
SYN-20250901-001298,2025-09-01T09:16:44.000Z,2025-09-01,1,16,9,69b66f179390b3e4eaa47110,regular,80,39676181,495952,-196,1,2,539800,43184,0,0,582984,539800,momo,unpaid,0,,0,0,2,0,preparing,4683.5,0,1,1
SYN-20260224-001299,2026-02-24T07:29:29.000Z,2026-02-24,2,14,2,69b66f179390b3e4eaa4710a,vip,300,150762893,502543,-20,1,2,499800,39984,30000,75000,494784,499800,card,paid,1,VEGGIE25,0,0,2,0,completed,461.29,0,0,0
SYN-20260314-001300,2026-03-14T05:38:14.000Z,2026-03-14,6,12,3,69b66f189390b3e4eaa47131,regular,82,38006436,463493,-2,2,4,709600,56768,0,50000,716368,354800,momo,unpaid,1,EATOMO50K,0,3,0,1,pending,31.14,0,1,1
SYN-20250604-001301,2025-06-04T04:36:29.000Z,2025-06-04,3,11,6,69b66f179390b3e4eaa4710a,vip,300,150762893,502543,-285,2,4,939600,75168,0,50000,964768,469800,cash,unpaid,1,EATOMO50K,0,0,4,0,preparing,6824.17,0,1,1
SYN-20250615-001302,2025-06-15T09:33:30.000Z,2025-06-15,0,16,6,69b66f179390b3e4eaa47119,regular,49,23556582,480747,-274,1,1,189900,15192,30000,0,235092,189900,momo,unpaid,0,,0,1,0,0,pending,6555.22,0,1,1
SYN-20251124-001303,2025-11-24T01:20:52.000Z,2025-11-24,1,8,11,69b66f179390b3e4eaa47113,regular,89,41138137,462226,-112,2,5,884500,70760,0,0,955260,442250,momo,unpaid,0,,0,5,0,0,preparing,2675.43,0,1,1
SYN-20251102-001304,2025-11-02T05:06:42.000Z,2025-11-02,0,12,11,69b66f179390b3e4eaa4710a,vip,300,150762893,502543,-134,2,3,609700,48776,0,50000,608476,304850,bank_transfer,paid,1,EATOMO50K,0,3,0,0,completed,3199.67,0,0,0
SYN-20251212-001305,2025-12-12T09:46:05.000Z,2025-12-12,5,16,12,69b66f179390b3e4eaa4711c,regular,50,24230795,484616,-94,1,1,199900,15992,30000,49975,195917,199900,cash,paid,1,VEGGIE25,0,1,0,0,completed,2235.01,0,0,0
SYN-20250819-001306,2025-08-19T08:17:32.000Z,2025-08-19,2,15,8,69b66f189390b3e4eaa47131,regular,82,38006436,463493,-209,2,3,619700,49576,0,100000,569276,309850,cash,paid,1,VIP100K,2,0,1,0,completed,4996.49,0,0,0
SYN-20250712-001307,2025-07-12T06:39:05.000Z,2025-07-12,6,13,7,69b66f179390b3e4eaa4710a,vip,300,150762893,502543,-247,1,1,199900,15992,30000,19990,225902,199900,card,paid,1,WELCOME10,0,1,0,0,completed,5910.13,0,0,0
SYN-20250906-001308,2025-09-06T08:59:41.000Z,2025-09-06,6,15,9,69b66f189390b3e4eaa4712e,regular,66,32415979,491151,-191,2,2,339800,27184,30000,75000,321984,169900,cash,paid,1,VEGGIE25,0,1,0,1,completed,4563.78,0,0,0
SYN-20251202-001309,2025-12-02T05:38:32.000Z,2025-12-02,2,12,12,69b66f179390b3e4eaa4710d,regular,128,62788236,490533,-104,2,2,329800,26384,30000,0,386184,164900,cash,unpaid,0,,0,1,0,1,preparing,2479.14,0,1,1
SYN-20250918-001310,2025-09-18T09:07:14.000Z,2025-09-18,4,16,9,69b66f179390b3e4eaa4712b,regular,83,34910035,420603,-179,2,3,639700,51176,0,75000,615876,319850,cash,paid,1,VEGGIE25,0,3,0,0,completed,4275.66,0,0,0
SYN-20251013-001311,2025-10-13T14:05:19.000Z,2025-10-13,1,21,10,69b66f179390b3e4eaa4710d,regular,128,62788236,490533,-153,1,1,179900,14392,30000,44975,179317,179900,momo,paid,1,VEGGIE25,0,1,0,0,delivering,3670.69,0,1,0
SYN-20250919-001312,2025-09-19T07:06:55.000Z,2025-09-19,5,14,9,69b66f189390b3e4eaa47131,regular,82,38006436,463493,-178,1,1,159900,12792,30000,0,202692,159900,card,paid,0,,1,0,0,0,delivering,4253.66,0,1,0
SYN-20260313-001313,2026-03-13T06:51:08.000Z,2026-03-13,5,13,3,69b66f179390b3e4eaa4710a,vip,300,150762893,502543,-3,2,2,489800,39184,30000,50000,508984,244900,momo,unpaid,1,EATOMO50K,0,0,2,0,delivering,53.93,0,1,1
SYN-20251103-001314,2025-11-03T10:23:33.000Z,2025-11-03,1,17,11,69b66f189390b3e4eaa4712e,regular,66,32415979,491151,-133,2,2,414800,33184,30000,0,477984,207400,momo,unpaid,0,,1,0,1,0,preparing,3170.39,0,1,1
SYN-20251122-001315,2025-11-22T11:25:46.000Z,2025-11-22,6,18,11,69b66f189390b3e4eaa47134,regular,69,34548879,500708,-114,1,1,189900,15192,30000,0,235092,189900,card,paid,0,,0,1,0,0,delivering,2713.35,0,1,0
SYN-20250612-001316,2025-06-12T05:07:46.000Z,2025-06-12,4,12,6,69b66f179390b3e4eaa4710a,vip,300,150762893,502543,-277,2,4,699600,55968,0,0,755568,349800,momo,paid,0,,0,2,0,2,completed,6631.65,0,0,0
SYN-20250715-001317,2025-07-15T12:31:34.000Z,2025-07-15,2,19,7,69b66f189390b3e4eaa4712e,regular,66,32415979,491151,-244,2,3,709700,56776,0,80000,686476,354850,momo,paid,1,FLASH25,0,1,2,0,completed,5832.25,0,0,0
SYN-20251223-001318,2025-12-23T02:58:13.000Z,2025-12-23,2,9,12,69b66f179390b3e4eaa4710a,vip,300,150762893,502543,-83,2,2,389800,31184,30000,50000,400984,194900,momo,paid,1,EATOMO50K,0,0,1,1,completed,1977.81,0,0,0
SYN-20250903-001319,2025-09-03T08:19:00.000Z,2025-09-03,3,15,9,69b66f179390b3e4eaa4710a,vip,300,150762893,502543,-194,1,1,174900,13992,30000,43725,175167,174900,momo,paid,1,VEGGIE25,0,1,0,0,completed,4636.46,0,0,0
SYN-20251006-001320,2025-10-06T04:33:51.000Z,2025-10-06,1,11,10,69b66f179390b3e4eaa47125,regular,78,39418164,505361,-161,2,4,659600,52768,0,75000,637368,329800,cash,unpaid,1,VEGGIE25,0,2,0,2,pending,3848.21,0,1,1
SYN-20260314-001321,2026-03-14T14:50:21.000Z,2026-03-14,6,21,3,69b66f179390b3e4eaa47128,regular,66,34270303,519247,-1,2,4,649600,51968,0,60000,641568,324800,cash,unpaid,1,PROTEIN10,4,0,0,0,confirmed,21.94,0,1,1
SYN-20260306-001322,2026-03-06T03:37:20.000Z,2026-03-06,5,10,3,69b66f179390b3e4eaa47122,regular,84,40357330,480444,-10,2,2,409800,32784,30000,50000,422584,204900,card,paid,1,EATOMO50K,0,1,1,0,completed,225.16,0,0,0
SYN-20251225-001323,2025-12-25T03:01:58.000Z,2025-12-25,4,10,12,69b66f189390b3e4eaa47134,regular,69,34548879,500708,-81,2,3,609700,48776,0,0,658476,304850,momo,unpaid,0,,0,3,0,0,completed,1929.74,0,0,1
SYN-20250524-001324,2025-05-24T11:57:21.000Z,2025-05-24,6,18,5,69b66f179390b3e4eaa47113,regular,89,41138137,462226,-296,1,1,199900,15992,30000,0,245892,199900,card,paid,0,,0,1,0,0,delivering,7080.82,0,1,0
SYN-20251018-001325,2025-10-18T04:47:16.000Z,2025-10-18,6,11,10,69b66f179390b3e4eaa47128,regular,66,34270303,519247,-149,1,2,379800,30384,30000,25000,415184,379800,cash,paid,1,FREESHIP,0,2,0,0,completed,3559.99,0,0,0
SYN-20250720-001326,2025-07-20T01:03:23.000Z,2025-07-20,0,8,7,69b66f179390b3e4eaa4710a,vip,300,150762893,502543,-239,2,3,519700,41576,0,75000,486276,259850,card,paid,1,VEGGIE25,2,1,0,0,completed,5723.72,0,0,0
SYN-20251106-001327,2025-11-06T04:37:54.000Z,2025-11-06,4,11,11,69b66f179390b3e4eaa47116,regular,82,38788483,473030,-130,2,2,354800,28384,30000,70960,342224,177400,momo,paid,1,HEALTHY20,1,1,0,0,completed,3104.15,0,0,0
SYN-20260315-001328,2026-03-15T06:29:33.000Z,2026-03-15,0,13,3,69b66f179390b3e4eaa47116,regular,82,38788483,473030,-1,2,2,429800,34384,30000,85960,408224,214900,momo,paid,1,HEALTHY20,1,0,1,0,delivering,6.29,0,1,0
SYN-20260312-001329,2026-03-12T12:25:51.000Z,2026-03-12,4,19,3,69b66f179390b3e4eaa4711c,regular,50,24230795,484616,-4,2,3,519700,41576,0,50000,511276,259850,momo,unpaid,1,EATOMO50K,0,0,1,2,preparing,72.35,0,1,1
SYN-20251029-001330,2025-10-29T05:36:48.000Z,2025-10-29,3,12,10,69b66f179390b3e4eaa4711c,regular,50,24230795,484616,-138,2,3,479700,38376,30000,50000,498076,239850,card,paid,1,EATOMO50K,3,0,0,0,completed,3295.16,0,0,0
SYN-20251013-001331,2025-10-13T08:08:07.000Z,2025-10-13,1,15,10,69b66f179390b3e4eaa4712b,regular,83,34910035,420603,-154,2,4,769600,61568,0,60000,771168,384800,card,unpaid,1,PROTEIN10,2,0,2,0,confirmed,3676.64,0,1,1
SYN-20260315-001332,2026-03-15T08:44:46.000Z,2026-03-15,0,15,3,69b66f179390b3e4eaa47116,regular,82,38788483,473030,-1,2,3,709700,56776,0,120000,646476,354850,cash,unpaid,1,FIRSTORDER30,0,0,3,0,preparing,4.03,0,1,1
SYN-20251007-001333,2025-10-07T07:38:52.000Z,2025-10-07,2,14,10,69b66f179390b3e4eaa4712b,regular,83,34910035,420603,-160,1,2,419800,33584,30000,0,483384,419800,cash,paid,0,,0,2,0,0,completed,3821.13,0,0,0
SYN-20251030-001334,2025-10-30T07:34:05.000Z,2025-10-30,4,14,10,69b66f189390b3e4eaa47134,regular,69,34548879,500708,-137,1,2,279800,22384,30000,0,332184,279800,card,paid,0,,2,0,0,0,completed,3269.21,0,0,0
SYN-20260311-001335,2026-03-11T14:05:08.000Z,2026-03-11,3,21,3,69b66f179390b3e4eaa47116,regular,82,38788483,473030,-4,1,3,749700,59976,0,0,809676,749700,momo,unpaid,0,,0,0,3,0,delivering,94.69,0,1,1
SYN-20251128-001336,2025-11-28T12:27:48.000Z,2025-11-28,5,19,11,69b66f179390b3e4eaa4711f,regular,96,51556197,537044,-108,1,1,199900,15992,30000,25000,220892,199900,card,unpaid,1,FREESHIP,0,1,0,0,confirmed,2568.31,0,1,1
SYN-20260305-001337,2026-03-05T05:23:27.000Z,2026-03-05,4,12,3,69b66f179390b3e4eaa47125,regular,78,39418164,505361,-11,1,2,299800,23984,30000,25000,328784,299800,bank_transfer,unpaid,1,FREESHIP,0,0,0,2,pending,247.39,0,1,1
SYN-20260116-001338,2026-01-16T01:33:04.000Z,2026-01-16,5,8,1,69b66f179390b3e4eaa4710d,regular,128,62788236,490533,-59,2,4,624600,49968,0,0,674568,312300,cash,unpaid,0,,0,3,0,1,completed,1403.23,0,0,1
SYN-20250419-001339,2025-04-19T05:22:11.000Z,2025-04-19,6,12,4,69b66f179390b3e4eaa47128,regular,66,34270303,519247,-331,1,1,249900,19992,30000,74970,224922,249900,card,paid,1,FIRSTORDER30,0,0,1,0,delivering,7927.41,0,1,0
SYN-20260313-001340,2026-03-13T07:22:14.000Z,2026-03-13,5,14,3,69b66f179390b3e4eaa47119,regular,49,23556582,480747,-3,2,2,409800,32784,30000,40980,431604,204900,cash,unpaid,1,WELCOME10,0,0,1,1,confirmed,53.41,0,1,1
SYN-20250924-001341,2025-09-24T01:02:04.000Z,2025-09-24,3,8,9,69b66f189390b3e4eaa47131,regular,82,38006436,463493,-173,2,4,689600,55168,0,0,744768,344800,momo,paid,0,,0,4,0,0,completed,4139.74,0,0,0
SYN-20251008-001342,2025-10-08T06:10:36.000Z,2025-10-08,3,13,10,69b66f179390b3e4eaa47110,regular,80,39676181,495952,-159,2,3,539700,43176,0,0,582876,269850,card,paid,0,,1,2,0,0,completed,3798.6,0,0,0
SYN-20250623-001343,2025-06-23T09:21:50.000Z,2025-06-23,1,16,6,69b66f179390b3e4eaa4710d,regular,128,62788236,490533,-266,2,3,469700,37576,30000,75000,462276,234850,card,unpaid,1,VEGGIE25,3,0,0,0,confirmed,6363.41,0,1,1
SYN-20260315-001344,2026-03-15T13:08:33.000Z,2026-03-15,0,20,3,69b66f179390b3e4eaa4711f,regular,96,51556197,537044,-1,2,3,439700,35176,30000,43970,460906,219850,cash,unpaid,1,PROTEIN10,1,0,0,2,pending,0,0,0,1
SYN-20250625-001345,2025-06-25T01:50:50.000Z,2025-06-25,3,8,6,69b66f179390b3e4eaa4710d,regular,128,62788236,490533,-264,1,1,249900,19992,30000,0,299892,249900,cash,unpaid,0,,0,0,1,0,preparing,6322.93,0,1,1
SYN-20260309-001346,2026-03-09T12:11:26.000Z,2026-03-09,1,19,3,69b66f179390b3e4eaa47113,regular,89,41138137,462226,-7,2,3,609700,48776,0,50000,608476,304850,momo,unpaid,1,EATOMO50K,0,3,0,0,confirmed,144.59,0,1,1
SYN-20260228-001347,2026-02-28T05:26:37.000Z,2026-02-28,6,12,2,69b66f179390b3e4eaa4710d,regular,128,62788236,490533,-16,1,2,479800,38384,30000,0,548184,479800,card,paid,0,,0,0,2,0,completed,367.33,0,0,0
SYN-20250809-001348,2025-08-09T07:10:45.000Z,2025-08-09,6,14,8,69b66f179390b3e4eaa4710a,vip,300,150762893,502543,-219,1,1,129900,10392,30000,0,170292,129900,momo,unpaid,0,,0,0,0,1,preparing,5237.6,0,1,1
SYN-20251010-001349,2025-10-10T04:28:24.000Z,2025-10-10,5,11,10,69b66f179390b3e4eaa47125,regular,78,39418164,505361,-157,1,1,149900,11992,30000,0,191892,149900,card,paid,0,,1,0,0,0,completed,3752.3,0,0,0
SYN-20250421-001350,2025-04-21T11:59:33.000Z,2025-04-21,1,18,4,69b66f179390b3e4eaa4710a,vip,300,150762893,502543,-329,2,3,569700,45576,0,50000,565276,284850,bank_transfer,paid,1,EATOMO50K,0,3,0,0,completed,7872.79,0,0,0
SYN-20260220-001351,2026-02-20T14:41:16.000Z,2026-02-20,5,21,2,69b66f179390b3e4eaa47116,regular,82,38788483,473030,-23,1,1,249900,19992,30000,0,299892,249900,momo,unpaid,0,,0,0,1,0,preparing,550.09,0,1,1
SYN-20260315-001352,2026-03-15T12:02:47.000Z,2026-03-15,0,19,3,69b66f189390b3e4eaa47134,regular,69,34548879,500708,-1,1,1,139900,11192,30000,34975,146117,139900,momo,unpaid,1,VEGGIE25,0,0,0,1,preparing,0.73,0,0,1
SYN-20250805-001353,2025-08-05T14:16:07.000Z,2025-08-05,2,21,8,69b66f179390b3e4eaa4710d,regular,128,62788236,490533,-222,2,3,499700,39976,30000,25000,544676,249850,cash,unpaid,1,FREESHIP,0,1,0,2,confirmed,5326.51,0,1,1
SYN-20260222-001354,2026-02-22T05:58:25.000Z,2026-02-22,0,12,2,69b66f179390b3e4eaa4711f,regular,96,51556197,537044,-22,2,4,649600,51968,0,100000,601568,324800,momo,paid,1,HEALTHY20,2,2,0,0,delivering,510.8,0,1,0
SYN-20260216-001355,2026-02-16T03:39:13.000Z,2026-02-16,1,10,2,69b66f179390b3e4eaa47110,regular,80,39676181,495952,-28,2,3,709700,56776,0,0,766476,354850,card,paid,0,,0,1,2,0,completed,657.12,0,0,0
SYN-20260225-001356,2026-02-25T01:24:53.000Z,2026-02-25,3,8,2,69b66f179390b3e4eaa47113,regular,89,41138137,462226,-19,2,3,534700,42776,0,75000,502476,267350,cash,unpaid,1,VEGGIE25,0,3,0,0,completed,443.36,0,0,1
SYN-20250925-001357,2025-09-25T12:23:21.000Z,2025-09-25,4,19,9,69b66f179390b3e4eaa4710a,vip,300,150762893,502543,-172,1,2,399800,31984,30000,75000,386784,399800,momo,unpaid,1,VEGGIE25,0,2,0,0,completed,4104.39,0,0,1
SYN-20260206-001358,2026-02-06T10:22:59.000Z,2026-02-06,5,17,2,69b66f179390b3e4eaa4710a,vip,300,150762893,502543,-38,2,3,639700,51176,0,80000,610876,319850,cash,unpaid,1,FLASH25,0,2,1,0,preparing,890.39,0,1,1
SYN-20260301-001359,2026-03-01T04:38:39.000Z,2026-03-01,0,11,3,69b66f179390b3e4eaa47110,regular,80,39676181,495952,-15,1,1,174900,13992,30000,25000,193892,174900,card,paid,1,FREESHIP,0,1,0,0,completed,344.13,0,0,0
SYN-20251207-001360,2025-12-07T02:07:58.000Z,2025-12-07,0,9,12,69b66f179390b3e4eaa4710d,regular,128,62788236,490533,-99,2,2,294800,23584,30000,0,348384,147400,momo,paid,0,,1,0,0,1,completed,2362.64,0,0,0
SYN-20251109-001361,2025-11-09T13:42:32.000Z,2025-11-09,0,20,11,69b66f179390b3e4eaa4710a,vip,300,150762893,502543,-127,2,3,559700,44776,0,50000,554476,279850,cash,paid,1,EATOMO50K,2,0,1,0,completed,3023.07,0,0,0
SYN-20260114-001362,2026-01-14T02:24:24.000Z,2026-01-14,3,9,1,69b66f179390b3e4eaa4710d,regular,128,62788236,490533,-61,2,2,389800,31184,30000,0,450984,194900,bank_transfer,paid,0,,1,0,1,0,delivering,1450.37,0,1,0
SYN-20260226-001363,2026-02-26T14:48:31.000Z,2026-02-26,4,21,2,69b66f189390b3e4eaa47134,regular,69,34548879,500708,-18,1,1,179900,14392,30000,0,224292,179900,card,paid,0,,0,1,0,0,completed,405.97,0,0,0
SYN-20260222-001364,2026-02-22T13:46:32.000Z,2026-02-22,0,20,2,69b66f189390b3e4eaa47134,regular,69,34548879,500708,-22,2,2,429800,34384,30000,0,494184,214900,bank_transfer,unpaid,0,,1,0,1,0,preparing,503,0,1,1
SYN-20250816-001365,2025-08-16T05:14:45.000Z,2025-08-16,6,12,8,69b66f179390b3e4eaa4711c,regular,50,24230795,484616,-212,2,3,449700,35976,30000,44970,470706,224850,momo,unpaid,1,PROTEIN10,1,0,0,2,confirmed,5071.53,0,1,1
SYN-20250421-001366,2025-04-21T03:01:39.000Z,2025-04-21,1,10,4,69b66f179390b3e4eaa4712b,regular,83,34910035,420603,-329,2,4,759600,60768,0,0,820368,379800,bank_transfer,paid,0,,0,4,0,0,completed,7881.75,0,0,0
SYN-20260121-001367,2026-01-21T09:33:21.000Z,2026-01-21,3,16,1,69b66f179390b3e4eaa47116,regular,82,38788483,473030,-53,2,4,749600,59968,0,75000,734568,374800,momo,unpaid,1,VEGGIE25,0,4,0,0,preparing,1275.22,0,1,1
SYN-20250323-001368,2025-03-23T11:44:47.000Z,2025-03-23,0,18,3,69b66f179390b3e4eaa4711f,regular,96,51556197,537044,-358,2,4,859600,68768,0,25000,903368,429800,momo,paid,1,FREESHIP,2,0,2,0,completed,8569.03,0,0,0
SYN-20250721-001369,2025-07-21T13:20:45.000Z,2025-07-21,1,20,7,69b66f179390b3e4eaa4711f,regular,96,51556197,537044,-238,1,1,199900,15992,30000,0,245892,199900,bank_transfer,paid,0,,0,1,0,0,completed,5687.43,0,0,0
SYN-20251025-001370,2025-10-25T13:52:32.000Z,2025-10-25,6,20,10,69b66f179390b3e4eaa47128,regular,66,34270303,519247,-141,2,2,449800,35984,30000,25000,490784,224900,card,paid,1,FREESHIP,1,0,1,0,completed,3382.9,0,0,0
SYN-20250527-001371,2025-05-27T03:44:44.000Z,2025-05-27,2,10,5,69b66f179390b3e4eaa4710a,vip,300,150762893,502543,-293,1,2,519800,41584,0,50000,511384,519800,card,paid,1,EATOMO50K,0,0,2,0,completed,7017.03,0,0,0
SYN-20250816-001372,2025-08-16T08:09:55.000Z,2025-08-16,6,15,8,69b66f179390b3e4eaa4710a,vip,300,150762893,502543,-212,2,2,509800,40784,0,0,550584,254900,momo,paid,0,,0,0,2,0,completed,5068.61,0,0,0
SYN-20260310-001373,2026-03-10T13:23:13.000Z,2026-03-10,2,20,3,69b66f179390b3e4eaa47113,regular,89,41138137,462226,-5,1,1,239900,19192,30000,0,289092,239900,cash,paid,0,,0,0,1,0,completed,119.39,0,0,0
SYN-20260102-001374,2026-01-02T10:54:54.000Z,2026-01-02,5,17,1,69b66f189390b3e4eaa47131,regular,82,38006436,463493,-73,2,3,609700,48776,0,100000,558476,304850,cash,unpaid,1,HEALTHY20,0,3,0,0,preparing,1729.86,0,1,1
SYN-20250615-001375,2025-06-15T09:00:14.000Z,2025-06-15,0,16,6,69b66f179390b3e4eaa4710a,vip,300,150762893,502543,-274,2,3,479700,38376,30000,120000,428076,239850,card,paid,1,FIRSTORDER30,2,1,0,0,completed,6555.77,0,0,0
SYN-20251216-001376,2025-12-16T04:27:38.000Z,2025-12-16,2,11,12,69b66f179390b3e4eaa4710a,vip,300,150762893,502543,-90,2,3,699700,55976,0,60000,695676,349850,card,paid,1,PROTEIN10,1,0,2,0,completed,2144.32,0,0,0
SYN-20251214-001377,2025-12-14T13:48:45.000Z,2025-12-14,0,20,12,69b66f189390b3e4eaa47131,regular,82,38006436,463493,-91,2,3,529700,42376,0,0,572076,264850,momo,paid,0,,2,0,1,0,completed,2182.97,0,0,0
SYN-20260315-001378,2026-03-15T12:54:38.000Z,2026-03-15,0,19,3,69b66f189390b3e4eaa47131,regular,82,38006436,463493,-1,1,1,159900,12792,30000,0,202692,159900,momo,paid,0,,1,0,0,0,delivering,0,0,0,0
SYN-20260211-001379,2026-02-11T10:28:22.000Z,2026-02-11,3,17,2,69b66f179390b3e4eaa4710a,vip,300,150762893,502543,-33,1,1,259900,20792,30000,0,310692,259900,momo,paid,0,,0,0,1,0,completed,770.3,0,0,0
SYN-20250827-001380,2025-08-27T13:42:24.000Z,2025-08-27,3,20,8,69b66f189390b3e4eaa4712e,regular,66,32415979,491151,-200,2,3,434700,34776,30000,25000,474476,217350,cash,unpaid,1,FREESHIP,0,1,0,2,preparing,4799.07,0,1,1
SYN-20260129-001381,2026-01-29T11:04:33.000Z,2026-01-29,4,18,1,69b66f189390b3e4eaa4712e,regular,66,32415979,491151,-46,2,3,569700,45576,0,0,615276,284850,cash,paid,0,,0,3,0,0,completed,1081.7,0,0,0
SYN-20250721-001382,2025-07-21T14:43:35.000Z,2025-07-21,1,21,7,69b66f179390b3e4eaa47116,regular,82,38788483,473030,-237,2,2,304800,24384,30000,0,359184,152400,momo,unpaid,0,,1,0,0,1,cancelled,5686.05,1,0,1
SYN-20250921-001383,2025-09-21T11:21:51.000Z,2025-09-21,0,18,9,69b66f179390b3e4eaa4710a,vip,300,150762893,502543,-176,2,2,294800,23584,30000,88440,259944,147400,bank_transfer,paid,1,FIRSTORDER30,1,0,0,1,delivering,4201.41,0,1,0
SYN-20251013-001384,2025-10-13T05:06:07.000Z,2025-10-13,1,12,10,69b66f179390b3e4eaa4710d,regular,128,62788236,490533,-154,1,3,719700,57576,0,0,777276,719700,cash,paid,0,,0,0,3,0,completed,3679.68,0,0,0
SYN-20251213-001385,2025-12-13T02:23:33.000Z,2025-12-13,6,9,12,69b66f179390b3e4eaa47125,regular,78,39418164,505361,-93,2,2,469800,37584,30000,0,537384,234900,momo,unpaid,0,,0,1,1,0,pending,2218.39,0,1,1
SYN-20260227-001386,2026-02-27T08:09:53.000Z,2026-02-27,5,15,2,69b66f179390b3e4eaa4711f,regular,96,51556197,537044,-17,2,4,739600,59168,0,100000,698768,369800,bank_transfer,paid,1,HEALTHY20,0,0,2,2,completed,388.61,0,0,0
SYN-20260224-001387,2026-02-24T04:37:29.000Z,2026-02-24,2,11,2,69b66f179390b3e4eaa47116,regular,82,38788483,473030,-20,1,1,259900,20792,30000,0,310692,259900,cash,unpaid,0,,0,0,1,0,confirmed,464.15,0,1,1
SYN-20260306-001388,2026-03-06T02:43:41.000Z,2026-03-06,5,9,3,69b66f179390b3e4eaa47119,regular,49,23556582,480747,-10,2,3,444700,35576,30000,0,510276,222350,momo,paid,0,,1,0,0,2,delivering,226.05,0,1,0
SYN-20250701-001389,2025-07-01T05:15:18.000Z,2025-07-01,2,12,7,69b66f179390b3e4eaa4711f,regular,96,51556197,537044,-258,2,2,304800,24384,30000,0,359184,152400,card,paid,0,,1,0,0,1,completed,6175.52,0,0,0
SYN-20250501-001390,2025-05-01T01:51:00.000Z,2025-05-01,4,8,5,69b66f179390b3e4eaa4711f,regular,96,51556197,537044,-319,2,3,559700,44776,0,75000,529476,279850,card,unpaid,1,VEGGIE25,0,3,0,0,pending,7642.93,0,1,1
SYN-20251111-001391,2025-11-11T09:02:19.000Z,2025-11-11,2,16,11,69b66f179390b3e4eaa47116,regular,82,38788483,473030,-125,1,1,169900,13592,30000,0,213492,169900,momo,paid,0,,1,0,0,0,delivering,2979.74,0,1,0
SYN-20251024-001392,2025-10-24T08:31:19.000Z,2025-10-24,5,15,10,69b66f189390b3e4eaa47134,regular,69,34548879,500708,-143,1,1,139900,11192,30000,0,181092,139900,cash,unpaid,0,,1,0,0,0,confirmed,3412.26,0,1,1
SYN-20250412-001393,2025-04-12T09:16:33.000Z,2025-04-12,6,16,4,69b66f179390b3e4eaa47113,regular,89,41138137,462226,-338,2,2,359800,28784,30000,0,418584,179900,cash,paid,0,,1,1,0,0,completed,8091.5,0,0,0
SYN-20250715-001394,2025-07-15T02:29:21.000Z,2025-07-15,2,9,7,69b66f179390b3e4eaa4712b,regular,83,34910035,420603,-244,1,1,154900,12392,30000,38725,158567,154900,momo,unpaid,1,VEGGIE25,1,0,0,0,preparing,5842.29,0,1,1
SYN-20251222-001395,2025-12-22T01:23:28.000Z,2025-12-22,1,8,12,69b66f189390b3e4eaa47134,regular,69,34548879,500708,-84,2,3,609700,48776,0,60000,598476,304850,momo,unpaid,1,PROTEIN10,0,0,2,1,completed,2003.39,0,0,1
SYN-20250503-001396,2025-05-03T11:16:13.000Z,2025-05-03,6,18,5,69b66f179390b3e4eaa4710d,regular,128,62788236,490533,-316,2,2,479800,38384,30000,0,548184,239900,card,paid,0,,0,0,2,0,completed,7585.51,0,0,0
SYN-20260315-001397,2026-03-15T01:38:41.000Z,2026-03-15,0,8,3,69b66f189390b3e4eaa47131,regular,82,38006436,463493,-1,1,2,399800,31984,30000,0,461784,399800,momo,unpaid,0,,0,2,0,0,preparing,11.13,0,1,1
SYN-20250906-001398,2025-09-06T06:28:37.000Z,2025-09-06,6,13,9,69b66f179390b3e4eaa47122,regular,84,40357330,480444,-191,1,1,159900,12792,30000,0,202692,159900,momo,paid,0,,1,0,0,0,completed,4566.3,0,0,0
SYN-20260201-001399,2026-02-01T08:33:33.000Z,2026-02-01,0,15,2,69b66f179390b3e4eaa4710a,vip,300,150762893,502543,-43,1,2,519800,41584,0,75000,486384,519800,momo,paid,1,VEGGIE25,0,0,2,0,completed,1012.22,0,0,0
SYN-20260311-001400,2026-03-11T03:27:57.000Z,2026-03-11,3,10,3,69b66f189390b3e4eaa47131,regular,82,38006436,463493,-5,1,1,179900,14392,30000,53970,170322,179900,momo,refunded,1,FIRSTORDER30,0,1,0,0,cancelled,105.31,1,0,0
SYN-20260122-001401,2026-01-22T01:24:09.000Z,2026-01-22,4,8,1,69b66f189390b3e4eaa4712e,regular,66,32415979,491151,-53,1,2,499800,39984,30000,50000,519784,499800,bank_transfer,unpaid,1,EATOMO50K,0,0,2,0,preparing,1259.38,0,1,1
SYN-20251223-001402,2025-12-23T03:30:01.000Z,2025-12-23,2,10,12,69b66f179390b3e4eaa4710a,vip,300,150762893,502543,-83,2,3,464700,37176,30000,25000,506876,232350,momo,paid,1,FREESHIP,2,1,0,0,completed,1977.28,0,0,0
SYN-20250507-001403,2025-05-07T14:43:04.000Z,2025-05-07,3,21,5,69b66f179390b3e4eaa4712b,regular,83,34910035,420603,-312,1,1,144900,11592,30000,25000,161492,144900,momo,unpaid,1,FREESHIP,1,0,0,0,pending,7486.06,0,1,1
SYN-20260315-001404,2026-03-15T09:58:17.000Z,2026-03-15,0,16,3,69b66f179390b3e4eaa4712b,regular,83,34910035,420603,-1,2,4,609600,48768,0,50000,608368,304800,momo,paid,1,EATOMO50K,0,2,0,2,delivering,2.81,0,0,0
SYN-20260109-001405,2026-01-09T14:40:18.000Z,2026-01-09,5,21,1,69b66f179390b3e4eaa4712b,regular,83,34910035,420603,-65,2,3,749700,59976,0,0,809676,374850,cash,unpaid,0,,0,0,3,0,cancelled,1558.11,1,0,1
SYN-20260103-001406,2026-01-03T03:16:41.000Z,2026-01-03,6,10,1,69b66f179390b3e4eaa4712b,regular,83,34910035,420603,-72,1,1,199900,15992,30000,49975,195917,199900,momo,paid,1,VEGGIE25,0,1,0,0,delivering,1713.5,0,1,0
SYN-20250812-001407,2025-08-12T08:42:08.000Z,2025-08-12,2,15,8,69b66f179390b3e4eaa47116,regular,82,38788483,473030,-216,2,3,599700,47976,0,0,647676,299850,cash,paid,0,,2,0,1,0,delivering,5164.08,0,1,0
SYN-20260121-001408,2026-01-21T09:07:17.000Z,2026-01-21,3,16,1,69b66f179390b3e4eaa4712b,regular,83,34910035,420603,-54,1,1,199900,15992,30000,0,245892,199900,cash,paid,0,,0,1,0,0,completed,1275.66,0,0,0
SYN-20260221-001409,2026-02-21T07:49:38.000Z,2026-02-21,6,14,2,69b66f179390b3e4eaa47113,regular,89,41138137,462226,-23,2,2,389800,31184,30000,75000,375984,194900,cash,unpaid,1,VEGGIE25,1,1,0,0,cancelled,532.95,1,0,1
SYN-20260222-001410,2026-02-22T13:16:53.000Z,2026-02-22,0,20,2,69b66f179390b3e4eaa4710a,vip,300,150762893,502543,-22,2,5,894500,71560,0,25000,941060,447250,card,paid,1,FREESHIP,3,2,0,0,completed,503.5,0,0,0
SYN-20250724-001411,2025-07-24T01:43:21.000Z,2025-07-24,4,8,7,69b66f179390b3e4eaa47125,regular,78,39418164,505361,-235,1,1,239900,19192,30000,25000,264092,239900,momo,unpaid,1,FREESHIP,0,0,1,0,preparing,5627.06,0,1,1
SYN-20250322-001412,2025-03-22T11:46:43.000Z,2025-03-22,6,18,3,69b66f179390b3e4eaa47110,regular,80,39676181,495952,-359,2,3,649700,51976,0,0,701676,324850,momo,unpaid,0,,0,2,1,0,confirmed,8593,0,1,1
SYN-20250501-001413,2025-05-01T10:50:56.000Z,2025-05-01,4,17,5,69b66f179390b3e4eaa47116,regular,82,38788483,473030,-318,2,2,449800,35984,30000,44980,470804,224900,cash,paid,1,PROTEIN10,0,1,1,0,completed,7633.93,0,0,0
SYN-20251220-001414,2025-12-20T06:29:50.000Z,2025-12-20,6,13,12,69b66f179390b3e4eaa47113,regular,89,41138137,462226,-86,2,2,399800,31984,30000,0,461784,199900,momo,unpaid,0,,0,2,0,0,confirmed,2046.28,0,1,1
SYN-20250520-001415,2025-05-20T14:02:53.000Z,2025-05-20,2,21,5,69b66f179390b3e4eaa47125,regular,78,39418164,505361,-299,1,1,139900,11192,30000,0,181092,139900,momo,unpaid,0,,1,0,0,0,pending,7174.73,0,1,1
SYN-20260314-001416,2026-03-14T01:18:11.000Z,2026-03-14,6,8,3,69b66f179390b3e4eaa4711f,regular,96,51556197,537044,-2,2,2,369800,29584,30000,0,429384,184900,momo,unpaid,0,,0,1,0,1,preparing,35.47,0,1,1
SYN-20260101-001417,2026-01-01T10:39:37.000Z,2026-01-01,4,17,1,69b66f179390b3e4eaa47113,regular,89,41138137,462226,-74,2,2,389800,31184,30000,0,450984,194900,momo,paid,0,,0,2,0,0,completed,1754.12,0,0,0
SYN-20251015-001418,2025-10-15T13:54:40.000Z,2025-10-15,3,20,10,69b66f179390b3e4eaa4710a,vip,300,150762893,502543,-152,2,4,1019600,81568,0,25000,1076168,509800,bank_transfer,paid,1,FREESHIP,0,0,4,0,completed,3622.87,0,0,0
SYN-20251130-001419,2025-11-30T02:56:09.000Z,2025-11-30,0,9,11,69b66f179390b3e4eaa4712b,regular,83,34910035,420603,-106,2,3,579700,46376,0,0,626076,289850,momo,paid,0,,0,2,1,0,completed,2529.84,0,0,0
SYN-20260129-001420,2026-01-29T09:23:58.000Z,2026-01-29,4,16,1,69b66f179390b3e4eaa4710a,vip,300,150762893,502543,-46,2,2,404800,32384,30000,0,467184,202400,momo,paid,0,,1,0,1,0,delivering,1083.38,0,1,0
SYN-20251230-001421,2025-12-30T08:15:16.000Z,2025-12-30,2,15,12,69b66f179390b3e4eaa47110,regular,80,39676181,495952,-76,2,5,889500,71160,0,50000,910660,444750,momo,unpaid,1,EATOMO50K,0,0,2,3,confirmed,1804.52,0,1,1
SYN-20260102-001422,2026-01-02T07:58:05.000Z,2026-01-02,5,14,1,69b66f179390b3e4eaa47113,regular,89,41138137,462226,-73,1,2,329800,26384,30000,0,386184,329800,momo,unpaid,0,,2,0,0,0,preparing,1732.81,0,1,1
SYN-20260212-001423,2026-02-12T05:09:16.000Z,2026-02-12,4,12,2,69b66f179390b3e4eaa4711f,regular,96,51556197,537044,-32,2,2,489800,39184,30000,73470,485514,244900,momo,paid,1,SUMMER15,0,0,2,0,completed,751.62,0,0,0
SYN-20260113-001424,2026-01-13T13:19:56.000Z,2026-01-13,2,20,1,69b66f179390b3e4eaa4710a,vip,300,150762893,502543,-62,2,4,709600,56768,0,75000,691368,354800,bank_transfer,paid,1,VEGGIE25,2,2,0,0,completed,1463.45,0,0,0
SYN-20251125-001425,2025-11-25T08:19:17.000Z,2025-11-25,2,15,11,69b66f179390b3e4eaa4710a,vip,300,150762893,502543,-111,2,2,529800,42384,0,0,572184,264900,cash,paid,0,,0,0,2,0,completed,2644.46,0,0,0
SYN-20260314-001426,2026-03-14T09:25:18.000Z,2026-03-14,6,16,3,69b66f179390b3e4eaa47110,regular,80,39676181,495952,-2,1,2,329800,26384,30000,50000,336184,329800,momo,unpaid,1,EATOMO50K,0,2,0,0,preparing,27.36,0,1,1
SYN-20260201-001427,2026-02-01T03:25:50.000Z,2026-02-01,0,10,2,69b66f179390b3e4eaa47128,regular,66,34270303,519247,-43,2,2,359800,28784,30000,75000,343584,179900,cash,unpaid,1,VEGGIE25,1,1,0,0,pending,1017.35,0,1,1
SYN-20250325-001428,2025-03-25T14:42:33.000Z,2025-03-25,2,21,3,69b66f179390b3e4eaa4712b,regular,83,34910035,420603,-355,1,1,199900,15992,30000,0,245892,199900,cash,paid,0,,0,1,0,0,delivering,8518.07,0,1,0
SYN-20250624-001429,2025-06-24T05:50:58.000Z,2025-06-24,2,12,6,69b66f179390b3e4eaa47116,regular,82,38788483,473030,-265,2,3,499700,39976,30000,75000,494676,249850,momo,unpaid,1,VEGGIE25,0,1,0,2,confirmed,6342.93,0,1,1
SYN-20250726-001430,2025-07-26T04:57:10.000Z,2025-07-26,6,11,7,69b66f179390b3e4eaa4710a,vip,300,150762893,502543,-233,2,4,879600,70368,0,0,949968,439800,momo,paid,0,,0,2,2,0,completed,5575.82,0,0,0
SYN-20260315-001431,2026-03-15T09:02:35.000Z,2026-03-15,0,16,3,69b66f189390b3e4eaa4712e,regular,66,32415979,491151,-1,2,3,579700,46376,0,0,626076,289850,card,unpaid,0,,1,2,0,0,preparing,3.73,0,1,1
SYN-20260307-001432,2026-03-07T03:22:12.000Z,2026-03-07,6,10,3,69b66f179390b3e4eaa4710a,vip,300,150762893,502543,-9,2,3,639700,51176,0,50000,640876,319850,momo,paid,1,EATOMO50K,0,2,1,0,completed,201.41,0,0,0
SYN-20260305-001433,2026-03-05T06:43:20.000Z,2026-03-05,4,13,3,69b66f179390b3e4eaa4712b,regular,83,34910035,420603,-11,2,3,699700,55976,0,50000,705676,349850,cash,unpaid,1,EATOMO50K,0,1,2,0,preparing,246.06,0,1,1
SYN-20250914-001434,2025-09-14T12:13:38.000Z,2025-09-14,0,19,9,69b66f179390b3e4eaa4710a,vip,300,150762893,502543,-183,1,1,129900,10392,30000,25000,145292,129900,momo,unpaid,1,FREESHIP,0,0,0,1,confirmed,4368.55,0,1,1
SYN-20251020-001435,2025-10-20T08:35:10.000Z,2025-10-20,1,15,10,69b66f179390b3e4eaa47125,regular,78,39418164,505361,-147,1,1,129900,10392,30000,0,170292,129900,momo,unpaid,0,,0,0,0,1,confirmed,3508.19,0,1,1
SYN-20260104-001436,2026-01-04T01:17:52.000Z,2026-01-04,0,8,1,69b66f179390b3e4eaa4712b,regular,83,34910035,420603,-71,1,1,269900,21592,30000,80970,240522,269900,bank_transfer,paid,1,FIRSTORDER30,0,0,1,0,completed,1691.48,0,0,0
SYN-20250511-001437,2025-05-11T09:23:26.000Z,2025-05-11,0,16,5,69b66f179390b3e4eaa4710d,regular,128,62788236,490533,-309,2,3,419700,33576,30000,50000,433276,209850,momo,paid,1,EATOMO50K,2,0,0,1,completed,7395.39,0,0,0
SYN-20260108-001438,2026-01-08T03:08:20.000Z,2026-01-08,4,10,1,69b66f179390b3e4eaa4710a,vip,300,150762893,502543,-67,2,2,359800,28784,30000,50000,368584,179900,card,unpaid,1,EATOMO50K,1,1,0,0,pending,1593.64,0,1,1
SYN-20250319-001439,2025-03-19T05:03:51.000Z,2025-03-19,3,12,3,69b66f179390b3e4eaa4711f,regular,96,51556197,537044,-362,1,1,149900,11992,30000,0,191892,149900,cash,paid,0,,0,0,0,1,completed,8671.71,0,0,0
SYN-20260314-001440,2026-03-14T11:29:31.000Z,2026-03-14,6,18,3,69b66f179390b3e4eaa4710a,vip,300,150762893,502543,-2,2,2,339800,27184,30000,50000,346984,169900,momo,unpaid,1,EATOMO50K,2,0,0,0,confirmed,25.29,0,1,1
SYN-20250328-001441,2025-03-28T07:43:58.000Z,2025-03-28,5,14,3,69b66f179390b3e4eaa4710d,regular,128,62788236,490533,-353,2,3,729700,58376,0,0,788076,364850,card,unpaid,0,,0,0,3,0,preparing,8453.04,0,1,1
SYN-20260307-001442,2026-03-07T12:39:47.000Z,2026-03-07,6,19,3,69b66f179390b3e4eaa47122,regular,84,40357330,480444,-8,1,2,399800,31984,30000,0,461784,399800,cash,paid,0,,0,2,0,0,completed,192.11,0,0,0
SYN-20250812-001443,2025-08-12T03:01:39.000Z,2025-08-12,2,10,8,69b66f179390b3e4eaa47110,regular,80,39676181,495952,-216,2,2,409800,32784,30000,50000,422584,204900,cash,unpaid,1,EATOMO50K,1,0,1,0,preparing,5169.75,0,1,1
SYN-20250406-001444,2025-04-06T09:55:08.000Z,2025-04-06,0,16,4,69b66f179390b3e4eaa4711c,regular,50,24230795,484616,-344,1,1,199900,15992,30000,49975,195917,199900,cash,unpaid,1,VEGGIE25,0,1,0,0,pending,8234.86,0,1,1
SYN-20250330-001445,2025-03-30T04:18:52.000Z,2025-03-30,0,11,3,69b66f179390b3e4eaa4711f,regular,96,51556197,537044,-351,2,2,399800,31984,30000,0,461784,199900,cash,paid,0,,0,0,1,1,delivering,8408.46,0,1,0
SYN-20250809-001446,2025-08-09T10:14:10.000Z,2025-08-09,6,17,8,69b66f179390b3e4eaa4710a,vip,300,150762893,502543,-219,2,4,579600,46368,0,50000,575968,289800,card,unpaid,1,EATOMO50K,0,0,0,4,cancelled,5234.54,1,0,1
SYN-20250601-001447,2025-06-01T04:09:39.000Z,2025-06-01,0,11,6,69b66f179390b3e4eaa47113,regular,89,41138137,462226,-288,2,3,729700,58376,0,0,788076,364850,cash,unpaid,0,,0,0,3,0,confirmed,6896.62,0,1,1
SYN-20260131-001448,2026-01-31T10:18:42.000Z,2026-01-31,6,17,1,69b66f179390b3e4eaa4710a,vip,300,150762893,502543,-44,2,3,559700,44776,0,50000,554476,279850,momo,unpaid,1,EATOMO50K,1,2,0,0,confirmed,1034.47,0,1,1
SYN-20251109-001449,2025-11-09T03:39:53.000Z,2025-11-09,0,10,11,69b66f179390b3e4eaa4712b,regular,83,34910035,420603,-127,2,3,559700,44776,0,0,604476,279850,momo,unpaid,0,,0,2,0,1,confirmed,3033.11,0,1,1
SYN-20260203-001450,2026-02-03T02:54:13.000Z,2026-02-03,2,9,2,69b66f179390b3e4eaa47122,regular,84,40357330,480444,-41,1,2,499800,39984,30000,25000,544784,499800,card,paid,1,FREESHIP,0,0,2,0,delivering,969.87,0,1,0
SYN-20251230-001451,2025-12-30T10:06:21.000Z,2025-12-30,2,17,12,69b66f179390b3e4eaa47128,regular,66,34270303,519247,-75,2,2,369800,29584,30000,0,429384,184900,card,paid,0,,1,1,0,0,delivering,1802.67,0,1,0
SYN-20251225-001452,2025-12-25T08:19:49.000Z,2025-12-25,4,15,12,69b66f179390b3e4eaa4710a,vip,300,150762893,502543,-81,2,3,569700,45576,0,100000,515276,284850,card,unpaid,1,HEALTHY20,0,3,0,0,completed,1924.45,0,0,1
SYN-20250922-001453,2025-09-22T05:17:53.000Z,2025-09-22,1,12,9,69b66f179390b3e4eaa47119,regular,49,23556582,480747,-175,1,2,519800,41584,0,50000,511384,519800,momo,unpaid,1,EATOMO50K,0,0,2,0,confirmed,4183.48,0,1,1
SYN-20250817-001454,2025-08-17T09:14:49.000Z,2025-08-17,0,16,8,69b66f179390b3e4eaa47119,regular,49,23556582,480747,-211,2,2,399800,31984,30000,79960,381824,199900,card,paid,1,HEALTHY20,0,0,1,1,completed,5043.53,0,0,0
SYN-20250704-001455,2025-07-04T12:37:18.000Z,2025-07-04,5,19,7,69b66f179390b3e4eaa4710a,vip,300,150762893,502543,-255,2,3,539700,43176,0,0,582876,269850,momo,paid,0,,2,1,0,0,delivering,6096.16,0,1,0
SYN-20260314-001456,2026-03-14T06:07:49.000Z,2026-03-14,6,13,3,69b66f179390b3e4eaa4711f,regular,96,51556197,537044,-2,1,1,154900,12392,30000,38725,158567,154900,card,paid,1,VEGGIE25,1,0,0,0,delivering,30.65,0,1,0
SYN-20251203-001457,2025-12-03T04:57:18.000Z,2025-12-03,3,11,12,69b66f189390b3e4eaa47134,regular,69,34548879,500708,-103,1,2,279800,22384,30000,27980,304204,279800,cash,paid,1,PROTEIN10,0,0,0,2,completed,2455.82,0,0,0
SYN-20251204-001458,2025-12-04T14:31:05.000Z,2025-12-04,4,21,12,69b66f179390b3e4eaa47119,regular,49,23556582,480747,-101,2,2,319800,25584,30000,0,375384,159900,cash,paid,0,,2,0,0,0,delivering,2422.26,0,1,0
SYN-20260309-001459,2026-03-09T13:39:16.000Z,2026-03-09,1,20,3,69b66f179390b3e4eaa47110,regular,80,39676181,495952,-6,2,3,569700,45576,0,75000,540276,284850,card,paid,1,VEGGIE25,0,2,0,1,completed,143.12,0,0,0
SYN-20260305-001460,2026-03-05T13:01:35.000Z,2026-03-05,4,20,3,69b66f179390b3e4eaa4710a,vip,300,150762893,502543,-11,2,2,369800,29584,30000,75000,354384,184900,momo,unpaid,1,VEGGIE25,0,2,0,0,confirmed,239.75,0,1,1
SYN-20260315-001461,2026-03-15T01:01:07.000Z,2026-03-15,0,8,3,69b66f179390b3e4eaa47116,regular,82,38788483,473030,-1,1,2,439800,35184,30000,0,504984,439800,cash,paid,0,,0,0,2,0,delivering,11.76,0,1,0
SYN-20251024-001462,2025-10-24T03:44:24.000Z,2025-10-24,5,10,10,69b66f189390b3e4eaa4712e,regular,66,32415979,491151,-143,1,1,154900,12392,30000,0,197292,154900,momo,paid,0,,1,0,0,0,completed,3417.04,0,0,0
SYN-20260220-001463,2026-02-20T09:41:57.000Z,2026-02-20,5,16,2,69b66f179390b3e4eaa4710d,regular,128,62788236,490533,-23,1,1,209900,16792,30000,0,256692,209900,cash,paid,0,,0,1,0,0,delivering,555.08,0,1,0
SYN-20260215-001464,2026-02-15T08:01:31.000Z,2026-02-15,0,15,2,69b66f179390b3e4eaa47113,regular,89,41138137,462226,-29,2,2,374800,29984,30000,0,434784,187400,momo,unpaid,0,,0,2,0,0,confirmed,676.75,0,1,1
SYN-20260210-001465,2026-02-10T05:04:22.000Z,2026-02-10,2,12,2,69b66f179390b3e4eaa4710a,vip,300,150762893,502543,-34,2,3,654700,52376,0,120000,587076,327350,cash,unpaid,1,FIRSTORDER30,1,0,2,0,confirmed,799.7,0,1,1
SYN-20260227-001466,2026-02-27T08:07:59.000Z,2026-02-27,5,15,2,69b66f179390b3e4eaa47128,regular,66,34270303,519247,-17,1,2,299800,23984,30000,0,353784,299800,momo,unpaid,0,,0,0,0,2,pending,388.64,0,1,1
SYN-20260118-001467,2026-01-18T05:26:07.000Z,2026-01-18,0,12,1,69b66f179390b3e4eaa47122,regular,84,40357330,480444,-57,1,1,249900,19992,30000,37485,262407,249900,card,unpaid,1,SUMMER15,0,0,1,0,delivering,1351.34,0,1,1
SYN-20250807-001468,2025-08-07T13:24:44.000Z,2025-08-07,4,20,8,69b66f179390b3e4eaa4710a,vip,300,150762893,502543,-221,2,4,619600,49568,0,80000,589168,309800,bank_transfer,unpaid,1,SUMMER15,0,1,0,3,confirmed,5279.37,0,1,1
SYN-20250420-001469,2025-04-20T02:09:27.000Z,2025-04-20,0,9,4,69b66f189390b3e4eaa47131,regular,82,38006436,463493,-330,2,3,559700,44776,0,25000,579476,279850,bank_transfer,unpaid,1,FREESHIP,2,0,1,0,preparing,7906.62,0,1,1
SYN-20260105-001470,2026-01-05T05:12:04.000Z,2026-01-05,1,12,1,69b66f179390b3e4eaa47113,regular,89,41138137,462226,-70,2,5,799500,63960,0,80000,783460,399750,cash,paid,1,FLASH25,0,3,0,2,completed,1663.58,0,0,0
SYN-20250923-001471,2025-09-23T13:42:17.000Z,2025-09-23,2,20,9,69b66f179390b3e4eaa4710a,vip,300,150762893,502543,-174,2,4,669600,53568,0,50000,673168,334800,momo,unpaid,1,EATOMO50K,3,1,0,0,preparing,4151.07,0,1,1
SYN-20251024-001472,2025-10-24T04:22:00.000Z,2025-10-24,5,11,10,69b66f179390b3e4eaa4711f,regular,96,51556197,537044,-143,2,2,304800,24384,30000,30480,328704,152400,momo,unpaid,1,WELCOME10,0,1,0,1,confirmed,3416.41,0,1,1
SYN-20250513-001473,2025-05-13T01:27:46.000Z,2025-05-13,2,8,5,69b66f179390b3e4eaa4710a,vip,300,150762893,502543,-307,2,2,324800,25984,30000,50000,330784,162400,card,paid,1,EATOMO50K,2,0,0,0,completed,7355.31,0,0,0
SYN-20260115-001474,2026-01-15T12:17:43.000Z,2026-01-15,4,19,1,69b66f179390b3e4eaa47110,regular,80,39676181,495952,-60,2,2,294800,23584,30000,0,348384,147400,cash,unpaid,0,,2,0,0,0,preparing,1416.48,0,1,1
SYN-20251019-001475,2025-10-19T09:05:32.000Z,2025-10-19,0,16,10,69b66f189390b3e4eaa47131,regular,82,38006436,463493,-148,2,3,499700,39976,30000,75000,494676,249850,cash,paid,1,VEGGIE25,2,1,0,0,delivering,3531.69,0,1,0
SYN-20250611-001476,2025-06-11T14:19:06.000Z,2025-06-11,3,21,6,69b66f179390b3e4eaa47113,regular,89,41138137,462226,-277,2,2,449800,35984,30000,75000,440784,224900,cash,paid,1,VEGGIE25,0,1,1,0,completed,6646.46,0,0,0
SYN-20251205-001477,2025-12-05T01:47:50.000Z,2025-12-05,5,8,12,69b66f179390b3e4eaa4710a,vip,300,150762893,502543,-101,2,3,769700,61576,0,80000,751276,384850,momo,paid,1,SUMMER15,0,0,3,0,completed,2410.98,0,0,0
SYN-20250901-001478,2025-09-01T14:58:02.000Z,2025-09-01,1,21,9,69b66f179390b3e4eaa4711f,regular,96,51556197,537044,-195,2,2,349800,27984,30000,52470,355314,174900,card,refunded,1,SUMMER15,1,1,0,0,cancelled,4677.81,1,0,0
SYN-20260228-001479,2026-02-28T04:21:48.000Z,2026-02-28,6,11,2,69b66f179390b3e4eaa47110,regular,80,39676181,495952,-16,2,4,559600,44768,0,0,604368,279800,card,unpaid,0,,0,0,0,4,delivering,368.41,0,1,1
SYN-20250507-001480,2025-05-07T09:40:09.000Z,2025-05-07,3,16,5,69b66f179390b3e4eaa4710a,vip,300,150762893,502543,-313,2,2,509800,40784,0,50000,500584,254900,momo,paid,1,EATOMO50K,0,0,2,0,completed,7491.11,0,0,0
SYN-20251101-001481,2025-11-01T09:11:14.000Z,2025-11-01,6,16,11,69b66f179390b3e4eaa4711c,regular,50,24230795,484616,-135,2,3,589700,47176,0,100000,536876,294850,bank_transfer,paid,1,HEALTHY20,0,3,0,0,completed,3219.59,0,0,0
SYN-20250418-001482,2025-04-18T12:37:30.000Z,2025-04-18,5,19,4,69b66f179390b3e4eaa47128,regular,66,34270303,519247,-331,1,1,219900,17592,30000,0,267492,219900,cash,paid,0,,0,1,0,0,completed,7944.15,0,0,0
SYN-20250918-001483,2025-09-18T13:25:51.000Z,2025-09-18,4,20,9,69b66f179390b3e4eaa4711c,regular,50,24230795,484616,-179,2,3,779700,62376,0,80000,762076,389850,bank_transfer,refunded,1,SUMMER15,0,0,3,0,cancelled,4271.35,1,0,0
SYN-20250816-001484,2025-08-16T12:49:03.000Z,2025-08-16,6,19,8,69b66f179390b3e4eaa4711f,regular,96,51556197,537044,-212,2,4,679600,54368,0,0,733968,339800,momo,paid,0,,0,2,0,2,completed,5063.96,0,0,0
SYN-20250430-001485,2025-04-30T03:53:26.000Z,2025-04-30,3,10,4,69b66f189390b3e4eaa47134,regular,69,34548879,500708,-320,1,1,179900,14392,30000,0,224292,179900,bank_transfer,unpaid,0,,0,1,0,0,confirmed,7664.89,0,1,1
SYN-20251119-001486,2025-11-19T05:13:11.000Z,2025-11-19,3,12,11,69b66f189390b3e4eaa4712e,regular,66,32415979,491151,-117,2,4,859600,68768,0,50000,878368,429800,momo,unpaid,1,EATOMO50K,0,2,2,0,confirmed,2791.56,0,1,1
SYN-20260313-001487,2026-03-13T11:14:25.000Z,2026-03-13,5,18,3,69b66f179390b3e4eaa47113,regular,89,41138137,462226,-3,1,1,239900,19192,30000,0,289092,239900,momo,unpaid,0,,0,0,1,0,preparing,49.54,0,1,1
SYN-20251008-001488,2025-10-08T05:34:23.000Z,2025-10-08,3,12,10,69b66f179390b3e4eaa4710d,regular,128,62788236,490533,-159,2,2,429800,34384,30000,120000,374184,214900,momo,paid,1,FIRSTORDER30,0,1,1,0,completed,3799.2,0,0,0
SYN-20250917-001489,2025-09-17T06:17:55.000Z,2025-09-17,3,13,9,69b66f179390b3e4eaa4710a,vip,300,150762893,502543,-180,2,3,639700,51176,0,0,690876,319850,momo,paid,0,,0,3,0,0,delivering,4302.48,0,1,0
SYN-20260201-001490,2026-02-01T09:33:05.000Z,2026-02-01,0,16,2,69b66f179390b3e4eaa4710a,vip,300,150762893,502543,-43,1,2,439800,35184,30000,75000,429984,439800,momo,paid,1,VEGGIE25,0,2,0,0,completed,1011.23,0,0,0
SYN-20251206-001491,2025-12-06T03:54:52.000Z,2025-12-06,6,10,12,69b66f179390b3e4eaa4710d,regular,128,62788236,490533,-100,1,1,139900,11192,30000,25000,156092,139900,cash,unpaid,1,FREESHIP,0,0,0,1,confirmed,2384.86,0,1,1
SYN-20260204-001492,2026-02-04T08:29:39.000Z,2026-02-04,3,15,2,69b66f179390b3e4eaa47119,regular,49,23556582,480747,-40,2,3,649700,51976,0,0,701676,324850,card,paid,0,,1,0,2,0,completed,940.28,0,0,0
SYN-20250509-001493,2025-05-09T04:24:20.000Z,2025-05-09,5,11,5,69b66f179390b3e4eaa47125,regular,78,39418164,505361,-311,1,1,164900,13192,30000,0,208092,164900,cash,unpaid,0,,0,1,0,0,pending,7448.37,0,1,1
SYN-20260310-001494,2026-03-10T05:26:05.000Z,2026-03-10,2,12,3,69b66f179390b3e4eaa47122,regular,84,40357330,480444,-6,2,2,309800,24784,30000,50000,314584,154900,bank_transfer,paid,1,EATOMO50K,2,0,0,0,delivering,127.34,0,1,0
SYN-20260222-001495,2026-02-22T05:54:32.000Z,2026-02-22,0,12,2,69b66f179390b3e4eaa4710d,regular,128,62788236,490533,-22,2,3,569700,45576,0,0,615276,284850,momo,unpaid,0,,1,2,0,0,preparing,510.87,0,1,1
SYN-20250331-001496,2025-03-31T06:47:24.000Z,2025-03-31,1,13,3,69b66f179390b3e4eaa4711f,regular,96,51556197,537044,-350,2,4,1019600,81568,0,75000,1026168,509800,momo,unpaid,1,VEGGIE25,0,0,4,0,preparing,8381.99,0,1,1
SYN-20250824-001497,2025-08-24T09:09:17.000Z,2025-08-24,0,16,8,69b66f179390b3e4eaa4712b,regular,83,34910035,420603,-204,1,1,154900,12392,30000,0,197292,154900,cash,paid,0,,1,0,0,0,completed,4875.62,0,0,0
SYN-20251019-001498,2025-10-19T14:31:34.000Z,2025-10-19,0,21,10,69b66f179390b3e4eaa4710a,vip,300,150762893,502543,-148,2,2,369800,29584,30000,36980,392404,184900,cash,paid,1,PROTEIN10,1,1,0,0,completed,3526.25,0,0,0
SYN-20260116-001499,2026-01-16T02:03:53.000Z,2026-01-16,5,9,1,69b66f189390b3e4eaa47134,regular,69,34548879,500708,-59,2,4,1019600,81568,0,0,1101168,509800,momo,paid,0,,0,0,4,0,delivering,1402.71,0,1,0
SYN-20251223-001500,2025-12-23T02:51:30.000Z,2025-12-23,2,9,12,69b66f179390b3e4eaa47125,regular,78,39418164,505361,-83,2,3,539700,43176,0,0,582876,269850,card,unpaid,0,,1,2,0,0,confirmed,1977.92,0,1,1
SYN-20250719-001501,2025-07-19T09:37:48.000Z,2025-07-19,6,16,7,69b66f189390b3e4eaa47131,regular,82,38006436,463493,-240,2,3,629700,50376,0,0,680076,314850,bank_transfer,paid,0,,0,0,2,1,completed,5739.15,0,0,0
SYN-20250918-001502,2025-09-18T04:56:43.000Z,2025-09-18,4,11,9,69b66f179390b3e4eaa47110,regular,80,39676181,495952,-179,2,3,499700,39976,30000,49970,519706,249850,momo,unpaid,1,WELCOME10,2,0,0,1,cancelled,4279.83,1,0,1
SYN-20260208-001503,2026-02-08T02:02:22.000Z,2026-02-08,0,9,2,69b66f179390b3e4eaa47128,regular,66,34270303,519247,-36,2,4,919600,73568,0,50000,943168,459800,card,paid,1,EATOMO50K,0,2,2,0,delivering,850.74,0,1,0
SYN-20250921-001504,2025-09-21T13:46:43.000Z,2025-09-21,0,20,9,69b66f179390b3e4eaa47125,regular,78,39418164,505361,-175,2,3,629700,50376,0,100000,580076,314850,momo,unpaid,1,HEALTHY20,0,2,1,0,confirmed,4199,0,1,1
SYN-20260314-001505,2026-03-14T05:51:22.000Z,2026-03-14,6,12,3,69b66f179390b3e4eaa4710a,vip,300,150762893,502543,-2,1,2,459800,36784,30000,68970,457614,459800,cash,unpaid,1,SUMMER15,0,0,2,0,confirmed,30.92,0,1,1
SYN-20260210-001506,2026-02-10T10:47:15.000Z,2026-02-10,2,17,2,69b66f179390b3e4eaa4710d,regular,128,62788236,490533,-33,1,1,139900,11192,30000,0,181092,139900,momo,unpaid,0,,1,0,0,0,preparing,793.99,0,1,1
SYN-20250508-001507,2025-05-08T05:44:04.000Z,2025-05-08,4,12,5,69b66f179390b3e4eaa47113,regular,89,41138137,462226,-312,2,3,669700,53576,0,25000,698276,334850,cash,paid,1,FREESHIP,0,2,1,0,completed,7471.04,0,0,0
SYN-20260314-001508,2026-03-14T02:29:47.000Z,2026-03-14,6,9,3,69b66f179390b3e4eaa47128,regular,66,34270303,519247,-2,2,3,529700,42376,0,0,572076,264850,cash,paid,0,,2,0,1,0,completed,34.28,0,0,0
SYN-20250727-001509,2025-07-27T04:16:42.000Z,2025-07-27,0,11,7,69b66f179390b3e4eaa4712b,regular,83,34910035,420603,-232,2,3,549700,43976,0,80000,513676,274850,card,unpaid,1,SUMMER15,2,1,0,0,pending,5552.5,0,1,1
SYN-20250914-001510,2025-09-14T14:54:13.000Z,2025-09-14,0,21,9,69b66f179390b3e4eaa4712b,regular,83,34910035,420603,-182,1,2,459800,36784,30000,25000,501584,459800,cash,unpaid,1,FREESHIP,0,0,2,0,delivering,4365.87,0,1,1
SYN-20250627-001511,2025-06-27T14:45:20.000Z,2025-06-27,5,21,6,69b66f179390b3e4eaa4710a,vip,300,150762893,502543,-262,2,2,314800,25184,30000,0,369984,157400,cash,unpaid,0,,2,0,0,0,preparing,6262.02,0,1,1
SYN-20250628-001512,2025-06-28T06:31:11.000Z,2025-06-28,6,13,6,69b66f179390b3e4eaa4711f,regular,96,51556197,537044,-261,2,3,629700,50376,0,50000,630076,314850,card,unpaid,1,EATOMO50K,0,3,0,0,completed,6246.26,0,0,1
SYN-20251020-001513,2025-10-20T05:14:39.000Z,2025-10-20,1,12,10,69b66f179390b3e4eaa47122,regular,84,40357330,480444,-147,2,2,379800,30384,30000,0,440184,189900,bank_transfer,unpaid,0,,0,2,0,0,confirmed,3511.53,0,1,1
SYN-20251110-001514,2025-11-10T06:05:08.000Z,2025-11-10,1,13,11,69b66f179390b3e4eaa4712b,regular,83,34910035,420603,-126,2,2,389800,31184,30000,25000,425984,194900,card,paid,1,FREESHIP,1,1,0,0,completed,3006.69,0,0,0
SYN-20260226-001515,2026-02-26T10:30:34.000Z,2026-02-26,4,17,2,69b66f179390b3e4eaa4710d,regular,128,62788236,490533,-17,1,1,189900,15192,30000,0,235092,189900,momo,unpaid,0,,0,1,0,0,confirmed,410.27,0,1,1
SYN-20250910-001516,2025-09-10T14:59:21.000Z,2025-09-10,3,21,9,69b66f189390b3e4eaa4712e,regular,66,32415979,491151,-186,1,2,499800,39984,30000,0,569784,499800,cash,paid,0,,0,0,2,0,delivering,4461.79,0,1,0
SYN-20251125-001517,2025-11-25T08:20:36.000Z,2025-11-25,2,15,11,69b66f179390b3e4eaa4712b,regular,83,34910035,420603,-111,2,3,459700,36776,30000,0,526476,229850,card,paid,0,,1,0,0,2,completed,2644.43,0,0,0
SYN-20260210-001518,2026-02-10T12:00:47.000Z,2026-02-10,2,19,2,69b66f179390b3e4eaa4710d,regular,128,62788236,490533,-33,1,1,229900,18392,30000,68970,209322,229900,card,paid,1,FIRSTORDER30,0,0,1,0,completed,792.76,0,0,0
SYN-20250430-001519,2025-04-30T09:05:46.000Z,2025-04-30,3,16,4,69b66f179390b3e4eaa4710d,regular,128,62788236,490533,-320,2,3,469700,37576,30000,75000,462276,234850,momo,paid,1,VEGGIE25,2,0,0,1,completed,7659.68,0,0,0
SYN-20260223-001520,2026-02-23T14:59:31.000Z,2026-02-23,1,21,2,69b66f189390b3e4eaa47134,regular,69,34548879,500708,-20,2,2,344800,27584,30000,103440,298944,172400,card,unpaid,1,FIRSTORDER30,0,2,0,0,confirmed,477.79,0,1,1
SYN-20260315-001521,2026-03-15T09:42:00.000Z,2026-03-15,0,16,3,69b66f179390b3e4eaa4712b,regular,83,34910035,420603,-1,2,2,419800,33584,30000,41980,441404,209900,bank_transfer,unpaid,1,PROTEIN10,1,0,1,0,pending,3.08,0,1,1
SYN-20251124-001522,2025-11-24T11:51:45.000Z,2025-11-24,1,18,11,69b66f179390b3e4eaa47116,regular,82,38788483,473030,-111,2,3,659700,52776,0,50000,662476,329850,cash,unpaid,1,EATOMO50K,0,2,1,0,pending,2664.92,0,1,1
SYN-20250615-001523,2025-06-15T09:23:55.000Z,2025-06-15,0,16,6,69b66f179390b3e4eaa47113,regular,89,41138137,462226,-274,2,3,459700,36776,30000,91940,434536,229850,cash,paid,1,HEALTHY20,0,1,0,2,completed,6555.38,0,0,0
SYN-20250504-001524,2025-05-04T13:31:02.000Z,2025-05-04,0,20,5,69b66f179390b3e4eaa4711f,regular,96,51556197,537044,-316,1,2,499800,39984,30000,99960,469824,499800,momo,paid,1,HEALTHY20,0,0,2,0,completed,7559.26,0,0,0
SYN-20260314-001525,2026-03-14T04:29:20.000Z,2026-03-14,6,11,3,69b66f179390b3e4eaa4710a,vip,300,150762893,502543,-2,2,3,449700,35976,30000,0,515676,224850,cash,paid,0,,2,0,0,1,delivering,32.29,0,1,0
SYN-20260204-001526,2026-02-04T14:36:47.000Z,2026-02-04,3,21,2,69b66f179390b3e4eaa47125,regular,78,39418164,505361,-39,1,1,199900,15992,30000,0,245892,199900,cash,unpaid,0,,0,1,0,0,confirmed,934.16,0,1,1
SYN-20251123-001527,2025-11-23T11:48:30.000Z,2025-11-23,0,18,11,69b66f179390b3e4eaa4710d,regular,128,62788236,490533,-112,2,4,819600,65568,0,50000,835168,409800,cash,paid,1,EATOMO50K,2,0,2,0,delivering,2688.97,0,1,0
SYN-20250803-001528,2025-08-03T06:01:43.000Z,2025-08-03,0,13,8,69b66f179390b3e4eaa4712b,regular,83,34910035,420603,-225,1,1,149900,11992,30000,0,191892,149900,cash,unpaid,0,,0,0,0,1,cancelled,5382.75,1,0,1
SYN-20251108-001529,2025-11-08T03:22:36.000Z,2025-11-08,6,10,11,69b66f179390b3e4eaa47116,regular,82,38788483,473030,-128,2,2,334800,26784,30000,66960,324624,167400,momo,paid,1,HEALTHY20,1,1,0,0,completed,3057.4,0,0,0
SYN-20250510-001530,2025-05-10T09:26:24.000Z,2025-05-10,6,16,5,69b66f189390b3e4eaa4712e,regular,66,32415979,491151,-310,1,2,289800,23184,30000,0,342984,289800,momo,unpaid,0,,2,0,0,0,confirmed,7419.34,0,1,1
SYN-20260129-001531,2026-01-29T10:04:24.000Z,2026-01-29,4,17,1,69b66f179390b3e4eaa47116,regular,82,38788483,473030,-45,2,4,544600,43568,0,120000,468168,272300,cash,paid,1,FIRSTORDER30,1,0,0,3,completed,1082.7,0,0,0
SYN-20250530-001532,2025-05-30T11:44:57.000Z,2025-05-30,5,18,5,69b66f179390b3e4eaa47122,regular,84,40357330,480444,-289,2,4,799600,63968,0,120000,743568,399800,momo,paid,1,FIRSTORDER30,0,4,0,0,delivering,6937.03,0,1,0
SYN-20251209-001533,2025-12-09T06:56:37.000Z,2025-12-09,2,13,12,69b66f179390b3e4eaa4710d,regular,128,62788236,490533,-97,2,2,319800,25584,30000,50000,325384,159900,cash,unpaid,1,EATOMO50K,0,1,0,1,confirmed,2309.83,0,1,1
SYN-20250802-001534,2025-08-02T10:41:56.000Z,2025-08-02,6,17,8,69b66f179390b3e4eaa47110,regular,80,39676181,495952,-226,2,4,749600,59968,0,50000,759568,374800,cash,paid,1,WELCOME10,0,4,0,0,completed,5402.08,0,0,0
SYN-20260117-001535,2026-01-17T12:38:49.000Z,2026-01-17,6,19,1,69b66f179390b3e4eaa47110,regular,80,39676181,495952,-57,2,4,949600,75968,0,60000,965568,474800,momo,paid,1,PROTEIN10,1,0,3,0,delivering,1368.13,0,1,0
SYN-20260313-001536,2026-03-13T04:27:39.000Z,2026-03-13,5,11,3,69b66f179390b3e4eaa47122,regular,84,40357330,480444,-3,2,3,589700,47176,0,25000,611876,294850,cash,unpaid,1,FREESHIP,0,2,0,1,preparing,56.32,0,1,1
SYN-20251002-001537,2025-10-02T02:57:12.000Z,2025-10-02,4,9,10,69b66f179390b3e4eaa4710a,vip,300,150762893,502543,-165,2,3,409700,32776,30000,81940,390536,204850,card,paid,1,HEALTHY20,0,0,0,3,completed,3945.82,0,0,0
SYN-20260119-001538,2026-01-19T07:40:43.000Z,2026-01-19,1,14,1,69b66f179390b3e4eaa4710d,regular,128,62788236,490533,-56,2,3,549700,43976,0,0,593676,274850,cash,paid,0,,0,2,0,1,delivering,1325.1,0,1,0
SYN-20250827-001539,2025-08-27T11:25:24.000Z,2025-08-27,3,18,8,69b66f179390b3e4eaa47113,regular,89,41138137,462226,-201,2,3,509700,40776,0,50970,499506,254850,cash,paid,1,PROTEIN10,0,0,1,2,delivering,4801.35,0,1,0
SYN-20250909-001540,2025-09-09T03:47:37.000Z,2025-09-09,2,10,9,69b66f179390b3e4eaa47128,regular,66,34270303,519247,-188,2,2,329800,26384,30000,25000,361184,164900,cash,paid,1,FREESHIP,0,1,0,1,completed,4496.98,0,0,0
SYN-20250520-001541,2025-05-20T12:00:30.000Z,2025-05-20,2,19,5,69b66f179390b3e4eaa4710a,vip,300,150762893,502543,-300,2,3,599700,47976,0,75000,572676,299850,momo,unpaid,1,VEGGIE25,2,0,1,0,pending,7176.77,0,1,1
SYN-20250323-001542,2025-03-23T14:57:42.000Z,2025-03-23,0,21,3,69b66f179390b3e4eaa47122,regular,84,40357330,480444,-357,2,4,1029600,82368,0,0,1111968,514800,momo,unpaid,0,,0,0,4,0,completed,8565.82,0,0,1
SYN-20250330-001543,2025-03-30T09:51:22.000Z,2025-03-30,0,16,3,69b66f179390b3e4eaa4711c,regular,50,24230795,484616,-351,2,3,619700,49576,0,75000,594276,309850,card,paid,1,VEGGIE25,0,3,0,0,completed,8402.92,0,0,0
SYN-20260227-001544,2026-02-27T09:24:19.000Z,2026-02-27,5,16,2,69b66f179390b3e4eaa4710d,regular,128,62788236,490533,-17,1,1,249900,19992,30000,0,299892,249900,card,unpaid,0,,0,0,1,0,confirmed,387.37,0,1,1
SYN-20260301-001545,2026-03-01T11:00:35.000Z,2026-03-01,0,18,3,69b66f179390b3e4eaa47125,regular,78,39418164,505361,-15,2,3,589700,47176,0,120000,516876,294850,card,paid,1,FIRSTORDER30,0,2,1,0,completed,337.77,0,0,0
SYN-20250318-001546,2025-03-18T12:20:43.000Z,2025-03-18,2,19,3,69b66f179390b3e4eaa4712b,regular,83,34910035,420603,-363,1,2,259800,20784,30000,64950,245634,259800,momo,paid,1,VEGGIE25,0,0,0,2,completed,8688.43,0,0,0
SYN-20251217-001547,2025-12-17T09:21:59.000Z,2025-12-17,3,16,12,69b66f179390b3e4eaa4711f,regular,96,51556197,537044,-89,2,3,559700,44776,0,75000,529476,279850,momo,paid,1,VEGGIE25,0,2,0,1,completed,2115.41,0,0,0
SYN-20260307-001548,2026-03-07T07:54:07.000Z,2026-03-07,6,14,3,69b66f179390b3e4eaa4711f,regular,96,51556197,537044,-9,2,3,519700,41576,0,0,561276,259850,momo,paid,0,,0,3,0,0,delivering,196.88,0,1,0
SYN-20250905-001549,2025-09-05T09:08:13.000Z,2025-09-05,5,16,9,69b66f179390b3e4eaa4711f,regular,96,51556197,537044,-192,2,2,359800,28784,30000,75000,343584,179900,momo,unpaid,1,VEGGIE25,1,1,0,0,confirmed,4587.64,0,1,1
SYN-20250703-001550,2025-07-03T05:40:37.000Z,2025-07-03,4,12,7,69b66f179390b3e4eaa4710d,regular,128,62788236,490533,-256,2,2,399800,31984,30000,0,461784,199900,momo,paid,0,,0,2,0,0,completed,6127.1,0,0,0
SYN-20260315-001551,2026-03-15T13:30:45.000Z,2026-03-15,0,20,3,69b66f179390b3e4eaa47125,regular,78,39418164,505361,0,2,4,719600,57568,0,0,777168,359800,momo,paid,0,,0,2,0,2,delivering,0,0,0,0
SYN-20250719-001552,2025-07-19T14:27:42.000Z,2025-07-19,6,21,7,69b66f179390b3e4eaa4710d,regular,128,62788236,490533,-239,1,2,359800,28784,30000,0,418584,359800,momo,unpaid,0,,2,0,0,0,pending,5734.32,0,1,1
SYN-20250620-001553,2025-06-20T08:12:58.000Z,2025-06-20,5,15,6,69b66f179390b3e4eaa4712b,regular,83,34910035,420603,-269,2,2,394800,31584,30000,0,456384,197400,cash,paid,0,,1,0,1,0,delivering,6436.56,0,1,0
SYN-20250515-001554,2025-05-15T06:05:02.000Z,2025-05-15,4,13,5,69b66f179390b3e4eaa47128,regular,66,34270303,519247,-305,2,2,324800,25984,30000,0,380784,162400,bank_transfer,paid,0,,2,0,0,0,completed,7302.69,0,0,0
SYN-20250330-001555,2025-03-30T04:27:28.000Z,2025-03-30,0,11,3,69b66f189390b3e4eaa47134,regular,69,34548879,500708,-351,1,2,519800,41584,0,51980,509404,519800,momo,unpaid,1,PROTEIN10,0,0,2,0,preparing,8408.32,0,1,1
SYN-20250815-001556,2025-08-15T13:57:01.000Z,2025-08-15,5,20,8,69b66f179390b3e4eaa4710d,regular,128,62788236,490533,-212,2,3,509700,40776,0,25000,525476,254850,card,paid,1,FREESHIP,3,0,0,0,completed,5086.83,0,0,0
SYN-20260307-001557,2026-03-07T10:10:28.000Z,2026-03-07,6,17,3,69b66f179390b3e4eaa4711f,regular,96,51556197,537044,-9,2,3,639700,51176,0,100000,590876,319850,bank_transfer,paid,1,HEALTHY20,0,2,1,0,delivering,194.6,0,1,0
SYN-20260219-001558,2026-02-19T14:47:46.000Z,2026-02-19,4,21,2,69b66f179390b3e4eaa4710a,vip,300,150762893,502543,-24,1,1,189900,15192,30000,0,235092,189900,cash,paid,0,,0,1,0,0,completed,573.98,0,0,0
SYN-20250819-001559,2025-08-19T07:22:06.000Z,2025-08-19,2,14,8,69b66f179390b3e4eaa4710a,vip,300,150762893,502543,-209,2,2,374800,29984,30000,50000,384784,187400,card,paid,1,EATOMO50K,1,0,1,0,completed,4997.41,0,0,0
SYN-20250619-001560,2025-06-19T05:25:09.000Z,2025-06-19,4,12,6,69b66f179390b3e4eaa4710d,regular,128,62788236,490533,-270,1,1,174900,13992,30000,0,218892,174900,momo,refunded,0,,0,1,0,0,cancelled,6463.36,1,0,0
SYN-20260308-001561,2026-03-08T05:47:04.000Z,2026-03-08,0,12,3,69b66f179390b3e4eaa4710a,vip,300,150762893,502543,-8,1,2,359800,28784,30000,0,418584,359800,cash,paid,0,,0,2,0,0,completed,174.99,0,0,0
SYN-20251205-001562,2025-12-05T01:29:54.000Z,2025-12-05,5,8,12,69b66f179390b3e4eaa4710a,vip,300,150762893,502543,-101,1,2,439800,35184,30000,87960,417024,439800,card,paid,1,HEALTHY20,0,0,2,0,delivering,2411.28,0,1,0
SYN-20250814-001563,2025-08-14T08:42:49.000Z,2025-08-14,4,15,8,69b66f179390b3e4eaa47113,regular,89,41138137,462226,-214,1,1,179900,14392,30000,44975,179317,179900,bank_transfer,unpaid,1,FLASH25,0,1,0,0,completed,5116.06,0,0,1
SYN-20260228-001564,2026-02-28T10:43:23.000Z,2026-02-28,6,17,2,69b66f179390b3e4eaa4710d,regular,128,62788236,490533,-15,2,2,329800,26384,30000,80000,306184,164900,cash,unpaid,1,FLASH25,0,1,0,1,confirmed,362.05,0,1,1
SYN-20260120-001565,2026-01-20T02:49:31.000Z,2026-01-20,2,9,1,69b66f179390b3e4eaa4711c,regular,50,24230795,484616,-55,2,4,819600,65568,0,75000,810168,409800,cash,paid,1,VEGGIE25,0,4,0,0,completed,1305.95,0,0,0
SYN-20250427-001566,2025-04-27T02:04:16.000Z,2025-04-27,0,9,4,69b66f189390b3e4eaa4712e,regular,66,32415979,491151,-323,1,1,199900,15992,30000,0,245892,199900,momo,paid,0,,0,1,0,0,completed,7738.71,0,0,0
SYN-20250316-001567,2025-03-16T13:38:49.000Z,2025-03-16,0,20,3,69b66f179390b3e4eaa47122,regular,84,40357330,480444,-364,1,2,519800,41584,0,0,561384,519800,card,unpaid,0,,0,0,2,0,preparing,8735.13,0,1,1
SYN-20250809-001568,2025-08-09T01:48:26.000Z,2025-08-09,6,8,8,69b66f179390b3e4eaa4712b,regular,83,34910035,420603,-219,1,2,379800,30384,30000,0,440184,379800,card,paid,0,,0,2,0,0,completed,5242.97,0,0,0
SYN-20250602-001569,2025-06-02T11:44:28.000Z,2025-06-02,1,18,6,69b66f179390b3e4eaa47119,regular,49,23556582,480747,-287,1,2,399800,31984,30000,75000,386784,399800,bank_transfer,paid,1,VEGGIE25,0,2,0,0,completed,6865.04,0,0,0
SYN-20251129-001570,2025-11-29T09:00:14.000Z,2025-11-29,6,16,11,69b66f179390b3e4eaa4710a,vip,300,150762893,502543,-107,2,4,649600,51968,0,60000,641568,324800,cash,unpaid,1,PROTEIN10,0,2,0,2,preparing,2547.77,0,1,1
SYN-20260220-001571,2026-02-20T10:03:16.000Z,2026-02-20,5,17,2,69b66f179390b3e4eaa4711f,regular,96,51556197,537044,-24,2,4,779600,62368,0,0,841968,389800,momo,unpaid,0,,0,4,0,0,pending,554.72,0,1,1
SYN-20251215-001572,2025-12-15T07:17:49.000Z,2025-12-15,1,14,12,69b66f179390b3e4eaa4710a,vip,300,150762893,502543,-91,2,2,359800,28784,30000,80000,338584,179900,cash,unpaid,1,FLASH25,1,1,0,0,confirmed,2165.48,0,1,1
SYN-20250811-001573,2025-08-11T04:14:55.000Z,2025-08-11,1,11,8,69b66f179390b3e4eaa4712b,regular,83,34910035,420603,-217,2,4,839600,67168,0,50000,856768,419800,card,paid,1,EATOMO50K,0,4,0,0,completed,5192.53,0,0,0
SYN-20260312-001574,2026-03-12T10:11:51.000Z,2026-03-12,4,17,3,69b66f179390b3e4eaa4710d,regular,128,62788236,490533,-3,1,2,519800,41584,0,0,561384,519800,cash,unpaid,0,,0,0,2,0,confirmed,74.58,0,1,1
SYN-20260117-001575,2026-01-17T06:29:08.000Z,2026-01-17,6,13,1,69b66f179390b3e4eaa4710a,vip,300,150762893,502543,-58,2,2,429800,34384,30000,50000,444184,214900,card,paid,1,EATOMO50K,0,2,0,0,delivering,1374.29,0,1,0
SYN-20250508-001576,2025-05-08T08:40:34.000Z,2025-05-08,4,15,5,69b66f179390b3e4eaa47122,regular,84,40357330,480444,-312,2,2,409800,32784,30000,75000,397584,204900,cash,unpaid,1,VEGGIE25,0,0,1,1,completed,7468.1,0,0,1
SYN-20251104-001577,2025-11-04T04:10:53.000Z,2025-11-04,2,11,11,69b66f179390b3e4eaa47125,regular,78,39418164,505361,-132,1,1,199900,15992,30000,25000,220892,199900,cash,refunded,1,FREESHIP,0,1,0,0,cancelled,3152.6,1,0,0
SYN-20260304-001578,2026-03-04T07:36:42.000Z,2026-03-04,3,14,3,69b66f179390b3e4eaa4712b,regular,83,34910035,420603,-12,2,2,364800,29184,30000,0,423984,182400,cash,unpaid,0,,1,1,0,0,confirmed,269.17,0,1,1
SYN-20251220-001579,2025-12-20T04:50:31.000Z,2025-12-20,6,11,12,69b66f179390b3e4eaa4710a,vip,300,150762893,502543,-86,1,1,139900,11192,30000,0,181092,139900,momo,unpaid,0,,0,0,0,1,completed,2047.94,0,0,1
SYN-20250811-001580,2025-08-11T04:58:43.000Z,2025-08-11,1,11,8,69b66f179390b3e4eaa47125,regular,78,39418164,505361,-217,1,1,164900,13192,30000,24735,183357,164900,card,paid,1,SUMMER15,0,1,0,0,completed,5191.8,0,0,0
SYN-20250327-001581,2025-03-27T06:49:26.000Z,2025-03-27,4,13,3,69b66f179390b3e4eaa47110,regular,80,39676181,495952,-354,2,2,519800,41584,0,0,561384,259900,bank_transfer,paid,0,,0,0,2,0,completed,8477.95,0,0,0
SYN-20260315-001582,2026-03-15T06:59:41.000Z,2026-03-15,0,13,3,69b66f179390b3e4eaa47125,regular,78,39418164,505361,-1,1,1,259900,20792,30000,0,310692,259900,momo,paid,0,,0,0,1,0,delivering,5.78,0,1,0
SYN-20260105-001583,2026-01-05T14:30:24.000Z,2026-01-05,1,21,1,69b66f189390b3e4eaa47134,regular,69,34548879,500708,-70,1,2,399800,31984,30000,25000,436784,399800,cash,paid,1,FREESHIP,0,2,0,0,delivering,1654.27,0,1,0
SYN-20260218-001584,2026-02-18T11:48:36.000Z,2026-02-18,3,18,2,69b66f179390b3e4eaa4710d,regular,128,62788236,490533,-25,2,3,739700,59176,0,0,798876,369850,momo,unpaid,0,,0,0,3,0,pending,600.97,0,1,1
SYN-20250815-001585,2025-08-15T07:02:39.000Z,2025-08-15,5,14,8,69b66f179390b3e4eaa4710a,vip,300,150762893,502543,-213,2,3,589700,47176,0,0,636876,294850,momo,paid,0,,0,2,1,0,completed,5093.73,0,0,0
SYN-20251113-001586,2025-11-13T06:49:49.000Z,2025-11-13,4,13,11,69b66f179390b3e4eaa4710a,vip,300,150762893,502543,-123,2,2,374800,29984,30000,0,434784,187400,momo,unpaid,0,,1,1,0,0,pending,2933.95,0,1,1
SYN-20260310-001587,2026-03-10T14:49:24.000Z,2026-03-10,2,21,3,69b66f179390b3e4eaa47119,regular,49,23556582,480747,-5,2,3,529700,42376,0,50000,522076,264850,card,unpaid,1,WELCOME10,2,1,0,0,completed,117.95,0,0,1
SYN-20260313-001588,2026-03-13T02:15:56.000Z,2026-03-13,5,9,3,69b66f179390b3e4eaa47122,regular,84,40357330,480444,-3,2,3,599700,47976,0,50000,597676,299850,momo,unpaid,1,EATOMO50K,0,2,1,0,preparing,58.51,0,1,1
SYN-20260222-001589,2026-02-22T08:21:16.000Z,2026-02-22,0,15,2,69b66f179390b3e4eaa47128,regular,66,34270303,519247,-22,2,3,729700,58376,0,100000,688076,364850,cash,unpaid,1,HEALTHY20,0,0,3,0,confirmed,508.42,0,1,1
SYN-20250719-001590,2025-07-19T09:23:52.000Z,2025-07-19,6,16,7,69b66f179390b3e4eaa4710a,vip,300,150762893,502543,-240,2,2,379800,30384,30000,37980,402204,189900,momo,paid,1,PROTEIN10,0,2,0,0,delivering,5739.38,0,1,0
SYN-20251220-001591,2025-12-20T14:24:10.000Z,2025-12-20,6,21,12,69b66f179390b3e4eaa4710d,regular,128,62788236,490533,-85,2,4,739600,59168,0,100000,698768,369800,momo,paid,1,HEALTHY20,0,4,0,0,completed,2038.37,0,0,0
SYN-20251224-001592,2025-12-24T11:51:00.000Z,2025-12-24,3,18,12,69b66f179390b3e4eaa47116,regular,82,38788483,473030,-81,1,2,289800,23184,30000,72450,270534,289800,cash,paid,1,FLASH25,2,0,0,0,completed,1944.93,0,0,0
SYN-20260217-001593,2026-02-17T12:13:46.000Z,2026-02-17,2,19,2,69b66f179390b3e4eaa4710a,vip,300,150762893,502543,-27,2,4,719600,57568,0,60000,717168,359800,momo,paid,1,PROTEIN10,2,2,0,0,completed,624.55,0,0,0
SYN-20251207-001594,2025-12-07T07:13:21.000Z,2025-12-07,0,14,12,69b66f189390b3e4eaa47131,regular,82,38006436,463493,-99,2,3,709700,56776,0,0,766476,354850,card,paid,0,,0,1,2,0,completed,2357.56,0,0,0
SYN-20260305-001595,2026-03-05T07:54:37.000Z,2026-03-05,4,14,3,69b66f179390b3e4eaa4711c,regular,50,24230795,484616,-11,2,3,529700,42376,0,0,572076,264850,cash,paid,0,,2,1,0,0,completed,244.87,0,0,0
SYN-20260307-001596,2026-03-07T13:30:33.000Z,2026-03-07,6,20,3,69b66f179390b3e4eaa47110,regular,80,39676181,495952,-8,2,3,469700,37576,30000,93940,443336,234850,cash,unpaid,1,HEALTHY20,0,1,0,2,pending,191.27,0,1,1
SYN-20251110-001597,2025-11-10T03:10:25.000Z,2025-11-10,1,10,11,69b66f179390b3e4eaa4710a,vip,300,150762893,502543,-126,1,2,499800,39984,30000,50000,519784,499800,momo,unpaid,1,EATOMO50K,0,0,2,0,preparing,3009.6,0,1,1
SYN-20250907-001598,2025-09-07T08:42:45.000Z,2025-09-07,0,15,9,69b66f179390b3e4eaa47119,regular,49,23556582,480747,-190,1,1,179900,14392,30000,0,224292,179900,momo,paid,0,,0,1,0,0,completed,4540.07,0,0,0
SYN-20250619-001599,2025-06-19T09:39:34.000Z,2025-06-19,4,16,6,69b66f179390b3e4eaa4710a,vip,300,150762893,502543,-270,2,2,369800,29584,30000,73960,355424,184900,cash,unpaid,1,HEALTHY20,1,0,1,0,cancelled,6459.12,1,0,1
SYN-20260106-001600,2026-01-06T08:24:11.000Z,2026-01-06,2,15,1,69b66f179390b3e4eaa4710d,regular,128,62788236,490533,-69,2,3,689700,55176,0,100000,644876,344850,momo,paid,1,VIP100K,0,0,3,0,completed,1636.37,0,0,0
SYN-20260312-001601,2026-03-12T01:45:43.000Z,2026-03-12,4,8,3,69b66f179390b3e4eaa4710a,vip,300,150762893,502543,-4,2,4,779600,62368,0,75000,766968,389800,bank_transfer,unpaid,1,VEGGIE25,0,4,0,0,confirmed,83.02,0,1,1
SYN-20260306-001602,2026-03-06T01:24:32.000Z,2026-03-06,5,8,3,69b66f189390b3e4eaa47134,regular,69,34548879,500708,-10,2,2,414800,33184,30000,0,477984,207400,cash,paid,0,,0,1,1,0,completed,227.37,0,0,0
SYN-20250801-001603,2025-08-01T09:38:03.000Z,2025-08-01,5,16,8,69b66f179390b3e4eaa4710a,vip,300,150762893,502543,-227,2,2,429800,34384,30000,80000,414184,214900,cash,paid,1,FLASH25,1,0,1,0,completed,5427.14,0,0,0
SYN-20251225-001604,2025-12-25T04:58:38.000Z,2025-12-25,4,11,12,69b66f179390b3e4eaa4710a,vip,300,150762893,502543,-81,2,4,739600,59168,0,50000,748768,369800,momo,paid,1,EATOMO50K,2,2,0,0,completed,1927.8,0,0,0
SYN-20251114-001605,2025-11-14T06:16:51.000Z,2025-11-14,5,13,11,69b66f179390b3e4eaa47122,regular,84,40357330,480444,-122,2,3,719700,57576,0,0,777276,359850,card,unpaid,0,,0,0,3,0,confirmed,2910.5,0,1,1
SYN-20251211-001606,2025-12-11T06:38:56.000Z,2025-12-11,4,13,12,69b66f189390b3e4eaa4712e,regular,66,32415979,491151,-95,1,3,464700,37176,30000,46470,485406,464700,momo,unpaid,1,WELCOME10,3,0,0,0,pending,2262.13,0,1,1
SYN-20250831-001607,2025-08-31T05:09:17.000Z,2025-08-31,0,12,8,69b66f179390b3e4eaa4712b,regular,83,34910035,420603,-197,2,2,469800,37584,30000,70470,466914,234900,cash,paid,1,SUMMER15,0,0,2,0,completed,4711.62,0,0,0
SYN-20260131-001608,2026-01-31T03:50:45.000Z,2026-01-31,6,10,1,69b66f179390b3e4eaa4710d,regular,128,62788236,490533,-44,1,1,259900,20792,30000,0,310692,259900,cash,paid,0,,0,0,1,0,completed,1040.93,0,0,0
SYN-20250725-001609,2025-07-25T01:39:37.000Z,2025-07-25,5,8,7,69b66f179390b3e4eaa4710a,vip,300,150762893,502543,-234,2,4,679600,54368,0,75000,658968,339800,card,paid,1,VEGGIE25,2,2,0,0,delivering,5603.12,0,1,0
SYN-20251007-001610,2025-10-07T05:23:56.000Z,2025-10-07,2,12,10,69b66f189390b3e4eaa47131,regular,82,38006436,463493,-160,1,2,329800,26384,30000,32980,353204,329800,cash,unpaid,1,PROTEIN10,0,2,0,0,delivering,3823.38,0,1,1
SYN-20250825-001611,2025-08-25T13:06:05.000Z,2025-08-25,1,20,8,69b66f179390b3e4eaa47122,regular,84,40357330,480444,-202,2,2,369800,29584,30000,0,429384,184900,bank_transfer,unpaid,0,,1,1,0,0,preparing,4847.68,0,1,1
SYN-20250413-001612,2025-04-13T05:25:26.000Z,2025-04-13,0,12,4,69b66f189390b3e4eaa4712e,regular,66,32415979,491151,-337,2,3,739700,59176,0,100000,698876,369850,card,paid,1,HEALTHY20,0,1,2,0,completed,8071.35,0,0,0
SYN-20260219-001613,2026-02-19T14:24:57.000Z,2026-02-19,4,21,2,69b66f179390b3e4eaa4710d,regular,128,62788236,490533,-24,2,5,989500,79160,0,0,1068660,494750,bank_transfer,unpaid,0,,0,0,2,3,confirmed,574.36,0,1,1
SYN-20250815-001614,2025-08-15T10:57:20.000Z,2025-08-15,5,17,8,69b66f179390b3e4eaa4712b,regular,83,34910035,420603,-213,2,2,409800,32784,30000,0,472584,204900,cash,paid,0,,0,2,0,0,completed,5089.82,0,0,0
SYN-20260212-001615,2026-02-12T07:40:38.000Z,2026-02-12,4,14,2,69b66f189390b3e4eaa47134,regular,69,34548879,500708,-32,2,4,619600,49568,0,0,669168,309800,cash,paid,0,,0,0,1,3,delivering,749.1,0,1,0
SYN-20260314-001616,2026-03-14T03:20:42.000Z,2026-03-14,6,10,3,69b66f179390b3e4eaa4710a,vip,300,150762893,502543,-2,1,3,599700,47976,0,100000,547676,599700,momo,paid,1,VIP100K,0,3,0,0,delivering,33.43,0,1,0
SYN-20260106-001617,2026-01-06T14:26:46.000Z,2026-01-06,2,21,1,69b66f179390b3e4eaa47128,regular,66,34270303,519247,-68,2,4,859600,68768,0,0,928368,429800,card,paid,0,,0,4,0,0,delivering,1630.33,0,1,0
SYN-20260313-001618,2026-03-13T14:57:52.000Z,2026-03-13,5,21,3,69b66f179390b3e4eaa4710d,regular,128,62788236,490533,-2,2,5,1009500,80760,0,120000,970260,504750,momo,unpaid,1,FIRSTORDER30,3,0,2,0,confirmed,45.81,0,1,1
SYN-20251028-001619,2025-10-28T05:02:48.000Z,2025-10-28,2,12,10,69b66f179390b3e4eaa4712b,regular,83,34910035,420603,-139,2,4,699600,55968,0,0,755568,349800,cash,paid,0,,2,2,0,0,delivering,3319.73,0,1,0
SYN-20260315-001620,2026-03-15T12:39:39.000Z,2026-03-15,0,19,3,69b66f179390b3e4eaa47119,regular,49,23556582,480747,-1,1,2,479800,38384,30000,25000,523184,479800,bank_transfer,unpaid,1,FREESHIP,0,0,2,0,preparing,0.12,0,0,1
SYN-20260220-001621,2026-02-20T11:26:14.000Z,2026-02-20,5,18,2,69b66f179390b3e4eaa4711f,regular,96,51556197,537044,-24,1,1,239900,19192,30000,0,289092,239900,card,unpaid,0,,0,0,1,0,confirmed,553.34,0,1,1
SYN-20250329-001622,2025-03-29T03:03:14.000Z,2025-03-29,6,10,3,69b66f179390b3e4eaa47119,regular,49,23556582,480747,-352,2,3,634700,50776,0,25000,660476,317350,card,paid,1,FREESHIP,1,0,2,0,completed,8433.72,0,0,0
SYN-20260212-001623,2026-02-12T03:03:11.000Z,2026-02-12,4,10,2,69b66f189390b3e4eaa47131,regular,82,38006436,463493,-32,1,1,189900,15192,30000,0,235092,189900,momo,paid,0,,0,1,0,0,completed,753.72,0,0,0
SYN-20250920-001624,2025-09-20T12:01:06.000Z,2025-09-20,6,19,9,69b66f179390b3e4eaa4710d,regular,128,62788236,490533,-176,1,2,499800,39984,30000,0,569784,499800,cash,paid,0,,0,0,2,0,completed,4224.76,0,0,0
SYN-20260120-001625,2026-01-20T03:35:49.000Z,2026-01-20,2,10,1,69b66f179390b3e4eaa4711f,regular,96,51556197,537044,-55,2,3,669700,53576,0,0,723276,334850,card,paid,0,,0,0,2,1,completed,1305.18,0,0,0
SYN-20251016-001626,2025-10-16T07:12:50.000Z,2025-10-16,4,14,10,69b66f189390b3e4eaa47131,regular,82,38006436,463493,-151,2,3,619700,49576,0,75000,594276,309850,bank_transfer,unpaid,1,VEGGIE25,0,3,0,0,pending,3605.56,0,1,1
SYN-20251014-001627,2025-10-14T06:59:15.000Z,2025-10-14,2,13,10,69b66f179390b3e4eaa4712b,regular,83,34910035,420603,-153,2,4,609600,48768,0,100000,558368,304800,cash,paid,1,HEALTHY20,2,0,0,2,delivering,3653.79,0,1,0
SYN-20260314-001628,2026-03-14T09:46:09.000Z,2026-03-14,6,16,3,69b66f179390b3e4eaa4711f,regular,96,51556197,537044,-2,2,3,639700,51176,0,50000,640876,319850,cash,paid,1,EATOMO50K,0,2,1,0,delivering,27.01,0,1,0
SYN-20260315-001629,2026-03-15T09:56:46.000Z,2026-03-15,0,16,3,69b66f179390b3e4eaa47113,regular,89,41138137,462226,-1,1,1,149900,11992,30000,0,191892,149900,card,unpaid,0,,0,0,0,1,preparing,2.83,0,1,1
SYN-20250925-001630,2025-09-25T04:56:42.000Z,2025-09-25,4,11,9,69b66f179390b3e4eaa47113,regular,89,41138137,462226,-172,2,2,339800,27184,30000,80000,316984,169900,cash,unpaid,1,FLASH25,1,1,0,0,confirmed,4111.83,0,1,1
SYN-20260314-001631,2026-03-14T12:49:11.000Z,2026-03-14,6,19,3,69b66f179390b3e4eaa4712b,regular,83,34910035,420603,-2,2,4,704600,56368,0,0,760968,352300,card,unpaid,0,,3,0,1,0,preparing,23.96,0,1,1
SYN-20250405-001632,2025-04-05T04:32:19.000Z,2025-04-05,6,11,4,69b66f179390b3e4eaa47128,regular,66,34270303,519247,-345,2,3,504700,40376,0,0,545076,252350,cash,paid,0,,3,0,0,0,completed,8264.24,0,0,0
SYN-20251228-001633,2025-12-28T14:01:09.000Z,2025-12-28,0,21,12,69b66f179390b3e4eaa4711f,regular,96,51556197,537044,-78,2,3,459700,36776,30000,0,526476,229850,momo,unpaid,0,,3,0,0,0,confirmed,1846.76,0,1,1
SYN-20250526-001634,2025-05-26T09:57:48.000Z,2025-05-26,1,16,5,69b66f179390b3e4eaa47125,regular,78,39418164,505361,-294,2,4,909600,72768,0,100000,882368,454800,cash,paid,1,HEALTHY20,0,0,3,1,completed,7034.81,0,0,0
SYN-20250429-001635,2025-04-29T07:53:16.000Z,2025-04-29,2,14,4,69b66f179390b3e4eaa4710a,vip,300,150762893,502543,-321,1,2,359800,28784,30000,50000,368584,359800,cash,paid,1,EATOMO50K,2,0,0,0,completed,7684.89,0,0,0
SYN-20260306-001636,2026-03-06T11:17:29.000Z,2026-03-06,5,18,3,69b66f179390b3e4eaa47110,regular,80,39676181,495952,-10,2,2,379800,30384,30000,0,440184,189900,bank_transfer,paid,0,,1,1,0,0,delivering,217.49,0,1,0
SYN-20250630-001637,2025-06-30T14:25:56.000Z,2025-06-30,1,21,6,69b66f179390b3e4eaa4710d,regular,128,62788236,490533,-258,1,2,459800,36784,30000,120000,406584,459800,momo,paid,1,FIRSTORDER30,0,0,2,0,completed,6190.35,0,0,0
SYN-20251109-001638,2025-11-09T05:31:31.000Z,2025-11-09,0,12,11,69b66f179390b3e4eaa47122,regular,84,40357330,480444,-127,2,2,399800,31984,30000,0,461784,199900,card,paid,0,,1,0,1,0,delivering,3031.25,0,1,0
SYN-20250528-001639,2025-05-28T06:39:53.000Z,2025-05-28,3,13,5,69b66f179390b3e4eaa4710a,vip,300,150762893,502543,-292,1,2,439800,35184,30000,0,504984,439800,momo,paid,0,,0,0,2,0,completed,6990.11,0,0,0
SYN-20251015-001640,2025-10-15T11:09:17.000Z,2025-10-15,3,18,10,69b66f189390b3e4eaa47131,regular,82,38006436,463493,-152,2,2,449800,35984,30000,0,515784,224900,momo,paid,0,,0,1,1,0,completed,3625.62,0,0,0
SYN-20250423-001641,2025-04-23T07:43:03.000Z,2025-04-23,3,14,4,69b66f179390b3e4eaa47125,regular,78,39418164,505361,-327,2,4,759600,60768,0,80000,740368,379800,momo,paid,1,FLASH25,2,0,2,0,completed,7829.06,0,0,0
SYN-20251210-001642,2025-12-10T03:39:06.000Z,2025-12-10,3,10,12,69b66f179390b3e4eaa47128,regular,66,34270303,519247,-96,2,2,329800,26384,30000,0,386184,164900,card,unpaid,0,,0,1,0,1,delivering,2289.13,0,1,1
SYN-20260301-001643,2026-03-01T12:04:37.000Z,2026-03-01,0,19,3,69b66f189390b3e4eaa47134,regular,69,34548879,500708,-15,1,1,269900,21592,30000,25000,296492,269900,momo,paid,1,FREESHIP,0,0,1,0,delivering,336.7,0,1,0
SYN-20260108-001644,2026-01-08T13:26:19.000Z,2026-01-08,4,20,1,69b66f179390b3e4eaa4710d,regular,128,62788236,490533,-66,2,3,649700,51976,0,50000,651676,324850,momo,unpaid,1,EATOMO50K,0,2,1,0,preparing,1583.34,0,1,1
SYN-20250323-001645,2025-03-23T02:51:28.000Z,2025-03-23,0,9,3,69b66f179390b3e4eaa4710a,vip,300,150762893,502543,-358,2,3,559700,44776,0,50000,554476,279850,bank_transfer,unpaid,1,EATOMO50K,1,2,0,0,preparing,8577.92,0,1,1
SYN-20251029-001646,2025-10-29T14:05:35.000Z,2025-10-29,3,21,10,69b66f179390b3e4eaa4710a,vip,300,150762893,502543,-138,2,2,359800,28784,30000,0,418584,179900,bank_transfer,paid,0,,1,1,0,0,delivering,3286.68,0,1,0
SYN-20250606-001647,2025-06-06T03:42:39.000Z,2025-06-06,5,10,6,69b66f179390b3e4eaa4712b,regular,83,34910035,420603,-283,2,2,429800,34384,30000,75000,419184,214900,cash,unpaid,1,VEGGIE25,1,0,1,0,pending,6777.07,0,1,1
SYN-20250712-001648,2025-07-12T10:46:49.000Z,2025-07-12,6,17,7,69b66f179390b3e4eaa4712b,regular,83,34910035,420603,-247,1,2,479800,38384,30000,75000,473184,479800,cash,paid,1,VEGGIE25,0,0,2,0,completed,5906,0,0,0
SYN-20251118-001649,2025-11-18T06:53:54.000Z,2025-11-18,2,13,11,69b66f179390b3e4eaa4710a,vip,300,150762893,502543,-118,2,3,709700,56776,0,100000,666476,354850,cash,paid,1,VIP100K,0,0,3,0,completed,2813.88,0,0,0
SYN-20260227-001650,2026-02-27T05:03:43.000Z,2026-02-27,5,12,2,69b66f179390b3e4eaa4710a,vip,300,150762893,502543,-17,2,3,529700,42376,0,25000,547076,264850,momo,paid,1,FREESHIP,0,2,0,1,completed,391.72,0,0,0
SYN-20260204-001651,2026-02-04T09:49:39.000Z,2026-02-04,3,16,2,69b66f179390b3e4eaa47125,regular,78,39418164,505361,-40,2,2,509800,40784,0,80000,470584,254900,momo,paid,1,FLASH25,0,0,2,0,completed,938.95,0,0,0
SYN-20260114-001652,2026-01-14T07:53:11.000Z,2026-01-14,3,14,1,69b66f179390b3e4eaa47113,regular,89,41138137,462226,-61,2,2,519800,41584,0,80000,481384,259900,momo,paid,1,FLASH25,0,0,2,0,delivering,1444.89,0,1,0
SYN-20251130-001653,2025-11-30T07:08:09.000Z,2025-11-30,0,14,11,69b66f179390b3e4eaa4710a,vip,300,150762893,502543,-106,2,3,659700,52776,0,75000,637476,329850,momo,paid,1,VEGGIE25,0,2,1,0,completed,2525.64,0,0,0
SYN-20260122-001654,2026-01-22T04:08:47.000Z,2026-01-22,4,11,1,69b66f179390b3e4eaa4710a,vip,300,150762893,502543,-53,2,2,399800,31984,30000,50000,411784,199900,momo,paid,1,EATOMO50K,1,0,1,0,completed,1256.63,0,0,0
SYN-20250805-001655,2025-08-05T09:28:41.000Z,2025-08-05,2,16,8,69b66f179390b3e4eaa47122,regular,84,40357330,480444,-223,1,1,159900,12792,30000,25000,177692,159900,momo,unpaid,1,FREESHIP,1,0,0,0,preparing,5331.3,0,1,1
SYN-20250729-001656,2025-07-29T11:07:27.000Z,2025-07-29,2,18,7,69b66f179390b3e4eaa4712b,regular,83,34910035,420603,-230,1,2,299800,23984,30000,0,353784,299800,cash,refunded,0,,0,0,0,2,cancelled,5497.65,1,0,0
SYN-20250508-001657,2025-05-08T07:35:10.000Z,2025-05-08,4,14,5,69b66f179390b3e4eaa4712b,regular,83,34910035,420603,-312,2,4,759600,60768,0,0,820368,379800,cash,paid,0,,0,4,0,0,completed,7469.19,0,0,0
SYN-20251013-001658,2025-10-13T11:53:53.000Z,2025-10-13,1,18,10,69b66f179390b3e4eaa47113,regular,89,41138137,462226,-154,2,5,884500,70760,0,100000,855260,442250,momo,unpaid,1,HEALTHY20,3,2,0,0,preparing,3672.88,0,1,1
SYN-20260201-001659,2026-02-01T08:01:51.000Z,2026-02-01,0,15,2,69b66f179390b3e4eaa47119,regular,49,23556582,480747,-43,1,1,239900,19192,30000,0,289092,239900,momo,unpaid,0,,0,0,1,0,preparing,1012.75,0,1,1
SYN-20260120-001660,2026-01-20T13:28:26.000Z,2026-01-20,2,20,1,69b66f179390b3e4eaa4712b,regular,83,34910035,420603,-55,1,2,499800,39984,30000,75000,494784,499800,momo,unpaid,1,VEGGIE25,0,0,2,0,preparing,1295.3,0,1,1
SYN-20251103-001661,2025-11-03T09:52:01.000Z,2025-11-03,1,16,11,69b66f179390b3e4eaa47110,regular,80,39676181,495952,-133,2,4,839600,67168,0,0,906768,419800,momo,unpaid,0,,0,4,0,0,confirmed,3170.91,0,1,1
SYN-20250723-001662,2025-07-23T11:52:50.000Z,2025-07-23,3,18,7,69b66f179390b3e4eaa47125,regular,78,39418164,505361,-236,1,3,779700,62376,0,80000,762076,779700,momo,paid,1,FLASH25,0,0,3,0,completed,5640.9,0,0,0
SYN-20250717-001663,2025-07-17T05:43:41.000Z,2025-07-17,4,12,7,69b66f179390b3e4eaa47122,regular,84,40357330,480444,-242,1,3,419700,33576,30000,0,483276,419700,card,unpaid,0,,0,0,0,3,confirmed,5791.05,0,1,1
SYN-20260306-001664,2026-03-06T13:24:18.000Z,2026-03-06,5,20,3,69b66f179390b3e4eaa4710a,vip,300,150762893,502543,-10,2,3,599700,47976,0,120000,527676,299850,card,paid,1,FIRSTORDER30,2,0,1,0,completed,215.37,0,0,0
SYN-20250611-001665,2025-06-11T10:42:51.000Z,2025-06-11,3,17,6,69b66f179390b3e4eaa4710a,vip,300,150762893,502543,-278,2,3,429700,34376,30000,50000,444076,214850,cash,paid,1,EATOMO50K,0,0,0,3,delivering,6650.06,0,1,0
SYN-20250419-001666,2025-04-19T11:34:50.000Z,2025-04-19,6,18,4,69b66f179390b3e4eaa4712b,regular,83,34910035,420603,-331,1,2,399800,31984,30000,39980,421804,399800,bank_transfer,paid,1,PROTEIN10,0,2,0,0,completed,7921.2,0,0,0
SYN-20250819-001667,2025-08-19T07:17:42.000Z,2025-08-19,2,14,8,69b66f179390b3e4eaa47113,regular,89,41138137,462226,-209,2,3,639700,51176,0,0,690876,319850,card,paid,0,,0,2,1,0,completed,4997.48,0,0,0
SYN-20251207-001668,2025-12-07T09:01:03.000Z,2025-12-07,0,16,12,69b66f179390b3e4eaa4712b,regular,83,34910035,420603,-99,2,2,359800,28784,30000,25000,393584,179900,cash,paid,1,FREESHIP,1,1,0,0,completed,2355.76,0,0,0
SYN-20260307-001669,2026-03-07T03:08:11.000Z,2026-03-07,6,10,3,69b66f179390b3e4eaa47116,regular,82,38788483,473030,-9,2,2,399800,31984,30000,0,461784,199900,card,unpaid,0,,0,0,1,1,confirmed,201.64,0,1,1
SYN-20260129-001670,2026-01-29T07:17:01.000Z,2026-01-29,4,14,1,69b66f179390b3e4eaa4711c,regular,50,24230795,484616,-46,2,4,779600,62368,0,25000,816968,389800,cash,unpaid,1,FREESHIP,0,4,0,0,confirmed,1085.49,0,1,1
SYN-20251222-001671,2025-12-22T10:10:53.000Z,2025-12-22,1,17,12,69b66f179390b3e4eaa4710d,regular,128,62788236,490533,-83,2,2,449800,35984,30000,0,515784,224900,cash,paid,0,,0,1,1,0,completed,1994.6,0,0,0
SYN-20260119-001672,2026-01-19T06:06:06.000Z,2026-01-19,1,13,1,69b66f179390b3e4eaa47122,regular,84,40357330,480444,-56,2,2,419800,33584,30000,0,483384,209900,bank_transfer,paid,0,,1,0,1,0,completed,1326.68,0,0,0
SYN-20250522-001673,2025-05-22T07:26:53.000Z,2025-05-22,4,14,5,69b66f189390b3e4eaa47131,regular,82,38006436,463493,-298,2,4,859600,68768,0,25000,903368,429800,cash,paid,1,FREESHIP,0,2,2,0,completed,7133.33,0,0,0
SYN-20250711-001674,2025-07-11T05:18:23.000Z,2025-07-11,5,12,7,69b66f179390b3e4eaa47113,regular,89,41138137,462226,-248,2,2,439800,35184,30000,80000,424984,219900,momo,unpaid,1,FLASH25,1,0,1,0,confirmed,5935.47,0,1,1
SYN-20260307-001675,2026-03-07T02:00:19.000Z,2026-03-07,6,9,3,69b66f189390b3e4eaa47134,regular,69,34548879,500708,-9,2,4,849600,67968,0,60000,857568,424800,momo,unpaid,1,PROTEIN10,0,2,2,0,cancelled,202.77,1,0,1
SYN-20250410-001676,2025-04-10T04:47:26.000Z,2025-04-10,4,11,4,69b66f179390b3e4eaa4712b,regular,83,34910035,420603,-340,1,1,159900,12792,30000,0,202692,159900,momo,paid,0,,1,0,0,0,completed,8143.99,0,0,0
SYN-20260314-001677,2026-03-14T05:28:30.000Z,2026-03-14,6,12,3,69b66f179390b3e4eaa4712b,regular,83,34910035,420603,-2,1,2,399800,31984,30000,0,461784,399800,bank_transfer,unpaid,0,,0,2,0,0,preparing,31.3,0,1,1
SYN-20251024-001678,2025-10-24T05:59:05.000Z,2025-10-24,5,12,10,69b66f179390b3e4eaa47122,regular,84,40357330,480444,-143,2,5,1069500,85560,0,50000,1105060,534750,momo,paid,1,EATOMO50K,2,0,3,0,delivering,3414.79,0,1,0
SYN-20260311-001679,2026-03-11T03:43:15.000Z,2026-03-11,3,10,3,69b66f179390b3e4eaa4711f,regular,96,51556197,537044,-5,2,2,389800,31184,30000,0,450984,194900,momo,paid,0,,0,0,1,1,completed,105.06,0,0,0
SYN-20250724-001680,2025-07-24T05:33:32.000Z,2025-07-24,4,12,7,69b66f179390b3e4eaa4711c,regular,50,24230795,484616,-235,1,1,219900,17592,30000,0,267492,219900,momo,refunded,0,,0,1,0,0,cancelled,5623.22,1,0,0
SYN-20251106-001681,2025-11-06T07:42:58.000Z,2025-11-06,4,14,11,69b66f179390b3e4eaa47110,regular,80,39676181,495952,-130,2,2,369800,29584,30000,0,429384,184900,momo,unpaid,0,,1,1,0,0,pending,3101.06,0,1,1
SYN-20251117-001682,2025-11-17T01:34:58.000Z,2025-11-17,1,8,11,69b66f189390b3e4eaa4712e,regular,66,32415979,491151,-119,2,3,539700,43176,0,0,582876,269850,momo,paid,0,,0,3,0,0,completed,2843.19,0,0,0
SYN-20250801-001683,2025-08-01T03:51:44.000Z,2025-08-01,5,10,8,69b66f189390b3e4eaa47134,regular,69,34548879,500708,-227,2,2,424800,33984,30000,0,488784,212400,bank_transfer,unpaid,0,,1,0,1,0,pending,5432.92,0,1,1
SYN-20251208-001684,2025-12-08T13:23:18.000Z,2025-12-08,1,20,12,69b66f189390b3e4eaa47131,regular,82,38006436,463493,-98,1,1,219900,17592,30000,0,267492,219900,bank_transfer,unpaid,0,,0,1,0,0,completed,2327.39,0,0,1
SYN-20260228-001685,2026-02-28T04:39:09.000Z,2026-02-28,6,11,2,69b66f179390b3e4eaa47116,regular,82,38788483,473030,-16,2,2,339800,27184,30000,0,396984,169900,cash,paid,0,,1,1,0,0,completed,368.13,0,0,0
SYN-20260311-001686,2026-03-11T01:08:52.000Z,2026-03-11,3,8,3,69b66f179390b3e4eaa4710a,vip,300,150762893,502543,-5,2,2,404800,32384,30000,80960,386224,202400,card,unpaid,1,HEALTHY20,0,1,1,0,pending,107.63,0,1,1
SYN-20250611-001687,2025-06-11T09:34:47.000Z,2025-06-11,3,16,6,69b66f179390b3e4eaa4712b,regular,83,34910035,420603,-278,2,6,914400,73152,0,75000,912552,457200,bank_transfer,paid,1,VEGGIE25,3,3,0,0,completed,6651.2,0,0,0
SYN-20260315-001688,2026-03-15T12:37:57.000Z,2026-03-15,0,19,3,69b66f179390b3e4eaa47110,regular,80,39676181,495952,0,2,2,389800,31184,30000,50000,400984,194900,card,unpaid,1,EATOMO50K,0,0,1,1,pending,0.15,0,0,1
SYN-20250915-001689,2025-09-15T02:46:45.000Z,2025-09-15,1,9,9,69b66f179390b3e4eaa4712b,regular,83,34910035,420603,-182,2,3,569700,45576,0,50000,565276,284850,cash,unpaid,1,WELCOME10,0,2,1,0,confirmed,4354,0,1,1
SYN-20250513-001690,2025-05-13T11:00:04.000Z,2025-05-13,2,18,5,69b66f179390b3e4eaa4710a,vip,300,150762893,502543,-307,2,2,419800,33584,30000,41980,441404,209900,momo,paid,1,PROTEIN10,0,1,1,0,completed,7345.78,0,0,0
SYN-20260215-001691,2026-02-15T07:29:48.000Z,2026-02-15,0,14,2,69b66f179390b3e4eaa4710a,vip,300,150762893,502543,-29,2,4,859600,68768,0,75000,853368,429800,momo,paid,1,VEGGIE25,0,2,2,0,completed,677.28,0,0,0
SYN-20250902-001692,2025-09-02T06:09:57.000Z,2025-09-02,2,13,9,69b66f189390b3e4eaa47134,regular,69,34548879,500708,-195,2,4,579600,46368,0,100000,525968,289800,cash,paid,1,VIP100K,2,0,0,2,delivering,4662.61,0,1,0
SYN-20250901-001693,2025-09-01T05:04:32.000Z,2025-09-01,1,12,9,69b66f189390b3e4eaa47131,regular,82,38006436,463493,-196,2,3,659700,52776,0,75000,637476,329850,cash,paid,1,VEGGIE25,0,2,1,0,completed,4687.7,0,0,0
SYN-20260309-001694,2026-03-09T06:31:45.000Z,2026-03-09,1,13,3,69b66f179390b3e4eaa47122,regular,84,40357330,480444,-7,2,4,889600,71168,0,50000,910768,444800,momo,paid,1,EATOMO50K,0,3,1,0,completed,150.25,0,0,0
SYN-20250810-001695,2025-08-10T06:23:00.000Z,2025-08-10,0,13,8,69b66f179390b3e4eaa4710a,vip,300,150762893,502543,-218,1,2,499800,39984,30000,0,569784,499800,card,paid,0,,0,0,2,0,completed,5214.39,0,0,0
SYN-20260303-001696,2026-03-03T05:03:16.000Z,2026-03-03,2,12,3,69b66f179390b3e4eaa47110,regular,80,39676181,495952,-13,2,3,709700,56776,0,50000,716476,354850,card,paid,1,EATOMO50K,1,0,2,0,completed,295.72,0,0,0
SYN-20260311-001697,2026-03-11T01:37:18.000Z,2026-03-11,3,8,3,69b66f189390b3e4eaa4712e,regular,66,32415979,491151,-5,2,2,349800,27984,30000,75000,332784,174900,momo,unpaid,1,VEGGIE25,0,1,0,1,preparing,107.16,0,1,1
SYN-20251011-001698,2025-10-11T10:12:26.000Z,2025-10-11,6,17,10,69b66f179390b3e4eaa47110,regular,80,39676181,495952,-156,2,3,429700,34376,30000,50000,444076,214850,bank_transfer,unpaid,1,EATOMO50K,0,0,0,3,preparing,3722.57,0,1,1
SYN-20260311-001699,2026-03-11T11:46:56.000Z,2026-03-11,3,18,3,69b66f179390b3e4eaa4710d,regular,128,62788236,490533,-4,1,3,719700,57576,0,0,777276,719700,momo,unpaid,0,,0,0,3,0,confirmed,97,0,1,1
SYN-20260215-001700,2026-02-15T06:50:36.000Z,2026-02-15,0,13,2,69b66f179390b3e4eaa4710a,vip,300,150762893,502543,-29,2,4,919600,73568,0,120000,873168,459800,card,paid,1,FIRSTORDER30,0,2,2,0,delivering,677.93,0,1,0
SYN-20251231-001701,2025-12-31T11:44:09.000Z,2025-12-31,3,18,12,69b66f179390b3e4eaa4710a,vip,300,150762893,502543,-75,2,4,699600,55968,0,100000,655568,349800,cash,paid,1,HEALTHY20,2,2,0,0,delivering,1777.04,0,1,0
SYN-20250728-001702,2025-07-28T02:56:46.000Z,2025-07-28,1,9,7,69b66f179390b3e4eaa47122,regular,84,40357330,480444,-231,2,2,449800,35984,30000,80000,435784,224900,momo,paid,1,FLASH25,0,1,1,0,completed,5529.83,0,0,0
SYN-20250810-001703,2025-08-10T13:24:20.000Z,2025-08-10,0,20,8,69b66f179390b3e4eaa4710d,regular,128,62788236,490533,-217,1,1,144900,11592,30000,25000,161492,144900,bank_transfer,unpaid,1,FREESHIP,1,0,0,0,completed,5207.37,0,0,1
SYN-20250629-001704,2025-06-29T04:48:04.000Z,2025-06-29,0,11,6,69b66f179390b3e4eaa47128,regular,66,34270303,519247,-260,1,1,189900,15192,30000,56970,178122,189900,cash,unpaid,1,FIRSTORDER30,0,1,0,0,completed,6223.98,0,0,1
SYN-20251005-001705,2025-10-05T05:12:54.000Z,2025-10-05,0,12,10,69b66f179390b3e4eaa4710d,regular,128,62788236,490533,-162,1,2,499800,39984,30000,0,569784,499800,cash,unpaid,0,,0,0,2,0,confirmed,3871.56,0,1,1
SYN-20250418-001706,2025-04-18T04:09:27.000Z,2025-04-18,5,11,4,69b66f179390b3e4eaa47116,regular,82,38788483,473030,-332,2,3,519700,41576,0,100000,461276,259850,card,paid,1,HEALTHY20,1,2,0,0,completed,7952.62,0,0,0
SYN-20260315-001707,2026-03-15T10:30:15.000Z,2026-03-15,0,17,3,69b66f179390b3e4eaa47122,regular,84,40357330,480444,-1,1,1,249900,19992,30000,0,299892,249900,card,unpaid,0,,0,0,1,0,pending,2.27,0,0,1
SYN-20260217-001708,2026-02-17T06:16:26.000Z,2026-02-17,2,13,2,69b66f179390b3e4eaa47125,regular,78,39418164,505361,-27,1,1,149900,11992,30000,25000,166892,149900,bank_transfer,paid,1,FREESHIP,0,0,0,1,completed,630.5,0,0,0
SYN-20260118-001709,2026-01-18T11:05:33.000Z,2026-01-18,0,18,1,69b66f179390b3e4eaa4711f,regular,96,51556197,537044,-57,2,4,799600,63968,0,75000,788568,399800,card,refunded,1,VEGGIE25,1,3,0,0,cancelled,1345.69,1,0,0
SYN-20260315-001710,2026-03-15T11:36:22.000Z,2026-03-15,0,18,3,69b66f179390b3e4eaa4710a,vip,300,150762893,502543,-1,2,2,294800,23584,30000,58960,289424,147400,bank_transfer,paid,1,HEALTHY20,1,0,0,1,delivering,1.17,0,0,0
SYN-20251004-001711,2025-10-04T02:22:51.000Z,2025-10-04,6,9,10,69b66f179390b3e4eaa4711f,regular,96,51556197,537044,-163,2,2,349800,27984,30000,50000,357784,174900,cash,paid,1,EATOMO50K,0,1,0,1,completed,3898.4,0,0,0
SYN-20251211-001712,2025-12-11T02:10:51.000Z,2025-12-11,4,9,12,69b66f179390b3e4eaa47110,regular,80,39676181,495952,-95,2,4,929600,74368,0,0,1003968,464800,bank_transfer,paid,0,,0,0,3,1,completed,2266.6,0,0,0
SYN-20260309-001713,2026-03-09T08:01:46.000Z,2026-03-09,1,15,3,69b66f179390b3e4eaa4710a,vip,300,150762893,502543,-7,2,2,509800,40784,0,100000,450584,254900,momo,unpaid,1,VIP100K,0,0,2,0,preparing,148.75,0,1,1
SYN-20250921-001714,2025-09-21T11:06:44.000Z,2025-09-21,0,18,9,69b66f179390b3e4eaa4710d,regular,128,62788236,490533,-175,2,3,619700,49576,0,0,669276,309850,momo,paid,0,,0,0,2,1,completed,4201.67,0,0,0
SYN-20260121-001715,2026-01-21T12:16:01.000Z,2026-01-21,3,19,1,69b66f179390b3e4eaa4710a,vip,300,150762893,502543,-54,2,2,434800,34784,30000,0,499584,217400,bank_transfer,unpaid,0,,1,0,1,0,confirmed,1272.51,0,1,1
SYN-20250918-001716,2025-09-18T14:05:18.000Z,2025-09-18,4,21,9,69b66f179390b3e4eaa47125,regular,78,39418164,505361,-178,1,1,174900,13992,30000,43725,175167,174900,bank_transfer,unpaid,1,VEGGIE25,0,1,0,0,pending,4270.69,0,1,1
SYN-20250812-001717,2025-08-12T01:35:55.000Z,2025-08-12,2,8,8,69b66f179390b3e4eaa4711c,regular,50,24230795,484616,-216,2,3,639700,51176,0,0,690876,319850,card,paid,0,,0,2,1,0,completed,5171.18,0,0,0
SYN-20250423-001718,2025-04-23T07:36:29.000Z,2025-04-23,3,14,4,69b66f179390b3e4eaa47125,regular,78,39418164,505361,-327,2,3,649700,51976,0,0,701676,324850,cash,paid,0,,0,1,2,0,delivering,7829.17,0,1,0
SYN-20251127-001719,2025-11-27T04:31:54.000Z,2025-11-27,4,11,11,69b66f179390b3e4eaa47119,regular,49,23556582,480747,-109,2,2,389800,31184,30000,38980,412004,194900,cash,paid,1,WELCOME10,0,0,1,1,delivering,2600.25,0,1,0
SYN-20260118-001720,2026-01-18T12:14:03.000Z,2026-01-18,0,19,1,69b66f179390b3e4eaa47122,regular,84,40357330,480444,-56,1,1,239900,19192,30000,0,289092,239900,cash,paid,0,,0,0,1,0,completed,1344.54,0,0,0
SYN-20250507-001721,2025-05-07T11:41:23.000Z,2025-05-07,3,18,5,69b66f189390b3e4eaa47131,regular,82,38006436,463493,-313,2,3,599700,47976,0,120000,527676,299850,momo,paid,1,FIRSTORDER30,0,2,1,0,completed,7489.09,0,0,0
SYN-20260121-001722,2026-01-21T12:08:06.000Z,2026-01-21,3,19,1,69b66f179390b3e4eaa4710a,vip,300,150762893,502543,-54,2,2,359800,28784,30000,35980,382604,179900,momo,paid,1,PROTEIN10,1,1,0,0,completed,1272.64,0,0,0
SYN-20251114-001723,2025-11-14T14:55:39.000Z,2025-11-14,5,21,11,69b66f189390b3e4eaa4712e,regular,66,32415979,491151,-121,2,2,294800,23584,30000,29480,318904,147400,card,unpaid,1,PROTEIN10,2,0,0,0,pending,2901.85,0,1,1
SYN-20260201-001724,2026-02-01T10:33:18.000Z,2026-02-01,0,17,2,69b66f179390b3e4eaa47110,regular,80,39676181,495952,-43,2,3,649700,51976,0,75000,626676,324850,card,paid,1,VEGGIE25,0,2,1,0,completed,1010.22,0,0,0
SYN-20250924-001725,2025-09-24T01:10:34.000Z,2025-09-24,3,8,9,69b66f179390b3e4eaa4710a,vip,300,150762893,502543,-173,2,3,464700,37176,30000,75000,456876,232350,cash,unpaid,1,VEGGIE25,1,0,0,2,confirmed,4139.6,0,1,1
SYN-20260311-001726,2026-03-11T10:23:51.000Z,2026-03-11,3,17,3,69b66f179390b3e4eaa47116,regular,82,38788483,473030,-4,1,1,219900,17592,30000,0,267492,219900,cash,unpaid,0,,0,1,0,0,preparing,98.38,0,1,1
SYN-20250628-001727,2025-06-28T07:38:57.000Z,2025-06-28,6,14,6,69b66f179390b3e4eaa47113,regular,89,41138137,462226,-261,1,2,499800,39984,30000,0,569784,499800,momo,paid,0,,0,0,2,0,completed,6245.13,0,0,0
SYN-20250425-001728,2025-04-25T09:12:42.000Z,2025-04-25,5,16,4,69b66f179390b3e4eaa47128,regular,66,34270303,519247,-324,2,5,699500,55960,0,75000,680460,349750,card,unpaid,1,VEGGIE25,0,0,0,5,pending,7779.57,0,1,1
SYN-20260225-001729,2026-02-25T03:39:25.000Z,2026-02-25,3,10,2,69b66f179390b3e4eaa4710d,regular,128,62788236,490533,-19,2,3,659700,52776,0,60000,652476,329850,momo,unpaid,1,PROTEIN10,1,0,2,0,cancelled,441.12,1,0,1
SYN-20260202-001730,2026-02-02T13:17:43.000Z,2026-02-02,1,20,2,69b66f189390b3e4eaa4712e,regular,66,32415979,491151,-41,2,2,439800,35184,30000,0,504984,219900,card,paid,0,,0,1,1,0,delivering,983.48,0,1,0
SYN-20250621-001731,2025-06-21T09:38:11.000Z,2025-06-21,6,16,6,69b66f189390b3e4eaa47131,regular,82,38006436,463493,-268,1,1,169900,13592,30000,0,213492,169900,cash,unpaid,0,,1,0,0,0,confirmed,6411.14,0,1,1
SYN-20250629-001732,2025-06-29T14:05:32.000Z,2025-06-29,0,21,6,69b66f179390b3e4eaa4710a,vip,300,150762893,502543,-260,2,2,389800,31184,30000,77960,373024,194900,card,unpaid,1,HEALTHY20,0,2,0,0,preparing,6214.69,0,1,1
SYN-20260314-001733,2026-03-14T03:49:39.000Z,2026-03-14,6,10,3,69b66f179390b3e4eaa4710d,regular,128,62788236,490533,-2,2,3,619700,49576,0,0,669276,309850,card,unpaid,0,,0,2,1,0,confirmed,32.95,0,1,1
SYN-20260315-001734,2026-03-15T05:14:38.000Z,2026-03-15,0,12,3,69b66f179390b3e4eaa4710a,vip,300,150762893,502543,-1,2,4,859600,68768,0,50000,878368,429800,bank_transfer,unpaid,1,EATOMO50K,0,1,3,0,confirmed,7.53,0,1,1
SYN-20251227-001735,2025-12-27T08:21:33.000Z,2025-12-27,6,15,12,69b66f189390b3e4eaa47134,regular,69,34548879,500708,-79,2,2,304800,24384,30000,30480,328704,152400,momo,unpaid,1,WELCOME10,2,0,0,0,preparing,1876.42,0,1,1
SYN-20250703-001736,2025-07-03T06:28:50.000Z,2025-07-03,4,13,7,69b66f179390b3e4eaa4711f,regular,96,51556197,537044,-256,2,3,539700,43176,0,100000,482876,269850,cash,paid,1,HEALTHY20,2,0,1,0,delivering,6126.3,0,1,0
SYN-20260203-001737,2026-02-03T03:59:06.000Z,2026-02-03,2,10,2,69b66f179390b3e4eaa4710a,vip,300,150762893,502543,-41,2,2,354800,28384,30000,70960,342224,177400,card,paid,1,HEALTHY20,1,1,0,0,completed,968.79,0,0,0
SYN-20251216-001738,2025-12-16T09:04:06.000Z,2025-12-16,2,16,12,69b66f179390b3e4eaa47113,regular,89,41138137,462226,-90,2,3,469700,37576,30000,0,537276,234850,momo,unpaid,0,,2,0,0,1,confirmed,2139.71,0,1,1
SYN-20260314-001739,2026-03-14T06:45:25.000Z,2026-03-14,6,13,3,69b66f179390b3e4eaa4710d,regular,128,62788236,490533,-2,2,3,669700,53576,0,0,723276,334850,card,unpaid,0,,0,1,2,0,preparing,30.02,0,1,1
SYN-20250805-001740,2025-08-05T03:15:15.000Z,2025-08-05,2,10,8,69b66f179390b3e4eaa4710a,vip,300,150762893,502543,-223,2,2,389800,31184,30000,75000,375984,194900,momo,paid,1,VEGGIE25,0,2,0,0,delivering,5337.52,0,1,0
SYN-20260205-001741,2026-02-05T14:59:22.000Z,2026-02-05,4,21,2,69b66f179390b3e4eaa4710d,regular,128,62788236,490533,-38,1,2,479800,38384,30000,50000,498184,479800,cash,paid,1,EATOMO50K,0,0,2,0,completed,909.79,0,0,0
SYN-20260117-001742,2026-01-17T03:30:53.000Z,2026-01-17,6,10,1,69b66f179390b3e4eaa47125,regular,78,39418164,505361,-58,2,3,669700,53576,0,50000,673276,334850,bank_transfer,paid,1,EATOMO50K,1,0,2,0,delivering,1377.26,0,1,0
SYN-20260131-001743,2026-01-31T11:51:28.000Z,2026-01-31,6,18,1,69b66f189390b3e4eaa4712e,regular,66,32415979,491151,-44,2,2,459800,36784,30000,50000,476584,229900,momo,unpaid,1,EATOMO50K,0,1,1,0,preparing,1032.92,0,1,1
SYN-20260109-001744,2026-01-09T05:53:41.000Z,2026-01-09,5,12,1,69b66f189390b3e4eaa4712e,regular,66,32415979,491151,-66,1,1,219900,17592,30000,0,267492,219900,card,unpaid,0,,0,1,0,0,pending,1566.88,0,1,1
SYN-20260218-001745,2026-02-18T10:59:59.000Z,2026-02-18,3,17,2,69b66f189390b3e4eaa47131,regular,82,38006436,463493,-26,1,2,329800,26384,30000,0,386184,329800,cash,paid,0,,2,0,0,0,completed,601.78,0,0,0
SYN-20250731-001746,2025-07-31T02:53:00.000Z,2025-07-31,4,9,7,69b66f189390b3e4eaa47131,regular,82,38006436,463493,-228,1,1,209900,16792,30000,0,256692,209900,card,paid,0,,0,1,0,0,completed,5457.89,0,0,0
SYN-20250524-001747,2025-05-24T13:21:16.000Z,2025-05-24,6,20,5,69b66f189390b3e4eaa47134,regular,69,34548879,500708,-296,1,1,249900,19992,30000,74970,224922,249900,cash,paid,1,FIRSTORDER30,0,0,1,0,completed,7079.42,0,0,0
SYN-20260109-001748,2026-01-09T03:11:09.000Z,2026-01-09,5,10,1,69b66f179390b3e4eaa4710a,vip,300,150762893,502543,-66,2,2,359800,28784,30000,50000,368584,179900,momo,refunded,1,EATOMO50K,1,1,0,0,cancelled,1569.59,1,0,0
SYN-20251124-001749,2025-11-24T05:30:19.000Z,2025-11-24,1,12,11,69b66f179390b3e4eaa47113,regular,89,41138137,462226,-112,2,3,529700,42376,0,100000,472076,264850,momo,paid,1,HEALTHY20,0,2,0,1,delivering,2671.27,0,1,0
SYN-20260306-001750,2026-03-06T07:01:28.000Z,2026-03-06,5,14,3,69b66f179390b3e4eaa4710d,regular,128,62788236,490533,-10,1,1,219900,17592,30000,0,267492,219900,momo,unpaid,0,,0,1,0,0,pending,221.75,0,1,1
SYN-20250425-001751,2025-04-25T02:32:45.000Z,2025-04-25,5,9,4,69b66f179390b3e4eaa47116,regular,82,38788483,473030,-325,1,2,479800,38384,30000,95960,452224,479800,bank_transfer,unpaid,1,HEALTHY20,0,0,2,0,completed,7786.23,0,0,1
SYN-20251125-001752,2025-11-25T02:13:35.000Z,2025-11-25,2,9,11,69b66f179390b3e4eaa47116,regular,82,38788483,473030,-111,2,3,519700,41576,0,100000,461276,259850,momo,unpaid,1,VIP100K,1,2,0,0,pending,2650.55,0,1,1
SYN-20250601-001753,2025-06-01T01:02:17.000Z,2025-06-01,0,8,6,69b66f189390b3e4eaa47131,regular,82,38006436,463493,-288,2,3,599700,47976,0,0,647676,299850,momo,unpaid,0,,0,0,2,1,cancelled,6899.74,1,0,1
SYN-20260109-001754,2026-01-09T02:26:54.000Z,2026-01-09,5,9,1,69b66f179390b3e4eaa47122,regular,84,40357330,480444,-66,2,2,359800,28784,30000,71960,346624,179900,card,unpaid,1,HEALTHY20,0,1,0,1,completed,1570.33,0,0,1
SYN-20260303-001755,2026-03-03T14:43:37.000Z,2026-03-03,2,21,3,69b66f179390b3e4eaa4712b,regular,83,34910035,420603,-12,2,4,759600,60768,0,0,820368,379800,cash,paid,0,,2,2,0,0,delivering,286.05,0,1,0
SYN-20251005-001756,2025-10-05T14:28:35.000Z,2025-10-05,0,21,10,69b66f189390b3e4eaa47134,regular,69,34548879,500708,-162,1,2,279800,22384,30000,55960,276224,279800,momo,unpaid,1,HEALTHY20,0,0,0,2,confirmed,3862.3,0,1,1
SYN-20250408-001757,2025-04-08T13:44:44.000Z,2025-04-08,2,20,4,69b66f179390b3e4eaa4710a,vip,300,150762893,502543,-342,2,3,559700,44776,0,55970,548506,279850,momo,paid,1,PROTEIN10,0,3,0,0,completed,8183.03,0,0,0
SYN-20250418-001758,2025-04-18T08:58:12.000Z,2025-04-18,5,15,4,69b66f179390b3e4eaa4710a,vip,300,150762893,502543,-332,2,3,709700,56776,0,0,766476,354850,momo,unpaid,0,,0,0,3,0,delivering,7947.81,0,1,1
SYN-20251218-001759,2025-12-18T07:50:00.000Z,2025-12-18,4,14,12,69b66f179390b3e4eaa4710a,vip,300,150762893,502543,-88,2,2,499800,39984,30000,0,569784,249900,momo,paid,0,,0,0,2,0,completed,2092.94,0,0,0
SYN-20251224-001760,2025-12-24T08:11:06.000Z,2025-12-24,3,15,12,69b66f179390b3e4eaa47116,regular,82,38788483,473030,-82,1,1,189900,15192,30000,0,235092,189900,card,paid,0,,0,1,0,0,completed,1948.59,0,0,0
SYN-20250721-001761,2025-07-21T05:23:27.000Z,2025-07-21,1,12,7,69b66f179390b3e4eaa4711f,regular,96,51556197,537044,-238,2,2,439800,35184,30000,75000,429984,219900,card,paid,1,VEGGIE25,1,0,1,0,delivering,5695.39,0,1,0
SYN-20260224-001762,2026-02-24T10:58:46.000Z,2026-02-24,2,17,2,69b66f179390b3e4eaa4710d,regular,128,62788236,490533,-19,1,1,169900,13592,30000,0,213492,169900,card,paid,0,,1,0,0,0,completed,457.8,0,0,0
SYN-20250921-001763,2025-09-21T05:29:41.000Z,2025-09-21,0,12,9,69b66f179390b3e4eaa47122,regular,84,40357330,480444,-176,1,1,189900,15192,30000,0,235092,189900,momo,paid,0,,0,1,0,0,completed,4207.28,0,0,0
SYN-20251114-001764,2025-11-14T11:08:45.000Z,2025-11-14,5,18,11,69b66f179390b3e4eaa47116,regular,82,38788483,473030,-121,2,3,669700,53576,0,120000,603276,334850,momo,paid,1,FIRSTORDER30,0,2,1,0,delivering,2905.63,0,1,0
SYN-20250906-001765,2025-09-06T02:11:35.000Z,2025-09-06,6,9,9,69b66f179390b3e4eaa47116,regular,82,38788483,473030,-191,2,3,684700,54776,0,100000,639476,342350,cash,unpaid,1,VIP100K,0,1,2,0,pending,4570.58,0,1,1
SYN-20260315-001766,2026-03-15T01:58:40.000Z,2026-03-15,0,8,3,69b66f179390b3e4eaa4711f,regular,96,51556197,537044,-1,2,4,779600,62368,0,0,841968,389800,cash,unpaid,0,,0,0,2,2,pending,10.8,0,1,1
SYN-20260208-001767,2026-02-08T03:38:09.000Z,2026-02-08,0,10,2,69b66f179390b3e4eaa4710d,regular,128,62788236,490533,-36,2,3,539700,43176,0,50000,532876,269850,momo,unpaid,1,WELCOME10,0,3,0,0,pending,849.14,0,1,1
SYN-20250927-001768,2025-09-27T09:17:07.000Z,2025-09-27,6,16,9,69b66f179390b3e4eaa47113,regular,89,41138137,462226,-170,2,3,684700,54776,0,0,739476,342350,bank_transfer,paid,0,,1,0,2,0,completed,4059.49,0,0,0
SYN-20260222-001769,2026-02-22T04:32:29.000Z,2026-02-22,0,11,2,69b66f179390b3e4eaa47110,regular,80,39676181,495952,-22,2,3,489700,39176,30000,75000,483876,244850,momo,paid,1,VEGGIE25,3,0,0,0,completed,512.24,0,0,0
SYN-20251229-001770,2025-12-29T07:24:59.000Z,2025-12-29,1,14,12,69b66f179390b3e4eaa4710a,vip,300,150762893,502543,-77,2,3,489700,39176,30000,48970,509906,244850,bank_transfer,unpaid,1,PROTEIN10,2,1,0,0,pending,1829.36,0,1,1
SYN-20260315-001771,2026-03-15T09:01:38.000Z,2026-03-15,0,16,3,69b66f189390b3e4eaa47131,regular,82,38006436,463493,-1,2,3,699700,55976,0,25000,730676,349850,momo,unpaid,1,FREESHIP,0,1,2,0,preparing,3.75,0,1,1
SYN-20250328-001772,2025-03-28T09:38:41.000Z,2025-03-28,5,16,3,69b66f179390b3e4eaa47122,regular,84,40357330,480444,-353,2,3,574700,45976,0,120000,500676,287350,cash,unpaid,1,FIRSTORDER30,0,3,0,0,preparing,8451.13,0,1,1
SYN-20250317-001773,2025-03-17T14:58:57.000Z,2025-03-17,1,21,3,69b66f179390b3e4eaa4710a,vip,300,150762893,502543,-363,2,2,434800,34784,30000,0,499584,217400,momo,unpaid,0,,1,0,1,0,preparing,8709.8,0,1,1
SYN-20251022-001774,2025-10-22T08:38:21.000Z,2025-10-22,3,15,10,69b66f179390b3e4eaa4711f,regular,96,51556197,537044,-145,2,3,479700,38376,30000,0,548076,239850,momo,paid,0,,2,1,0,0,completed,3460.14,0,0,0
SYN-20260117-001775,2026-01-17T05:16:15.000Z,2026-01-17,6,12,1,69b66f179390b3e4eaa47128,regular,66,34270303,519247,-58,1,1,149900,11992,30000,0,191892,149900,cash,unpaid,0,,1,0,0,0,cancelled,1375.51,1,0,1
SYN-20250624-001776,2025-06-24T06:49:14.000Z,2025-06-24,2,13,6,69b66f189390b3e4eaa47131,regular,82,38006436,463493,-265,1,2,299800,23984,30000,0,353784,299800,card,unpaid,0,,0,0,0,2,confirmed,6341.96,0,1,1
SYN-20260210-001777,2026-02-10T14:06:32.000Z,2026-02-10,2,21,2,69b66f179390b3e4eaa47128,regular,66,34270303,519247,-33,1,1,199900,15992,30000,0,245892,199900,cash,paid,0,,0,1,0,0,delivering,790.67,0,1,0
SYN-20260209-001778,2026-02-09T10:49:10.000Z,2026-02-09,1,17,2,69b66f179390b3e4eaa47119,regular,49,23556582,480747,-35,2,3,549700,43976,0,54970,538706,274850,momo,paid,1,PROTEIN10,1,2,0,0,completed,817.96,0,0,0
SYN-20250403-001779,2025-04-03T01:26:48.000Z,2025-04-03,4,8,4,69b66f179390b3e4eaa4710d,regular,128,62788236,490533,-347,1,1,189900,15192,30000,0,235092,189900,card,unpaid,0,,0,1,0,0,delivering,8315.33,0,1,1
SYN-20251121-001780,2025-11-21T07:20:17.000Z,2025-11-21,5,14,11,69b66f179390b3e4eaa4711f,regular,96,51556197,537044,-115,1,1,189900,15192,30000,0,235092,189900,cash,paid,0,,0,1,0,0,delivering,2741.44,0,1,0
SYN-20260310-001781,2026-03-10T01:50:03.000Z,2026-03-10,2,8,3,69b66f179390b3e4eaa4711f,regular,96,51556197,537044,-6,1,2,399800,31984,30000,0,461784,399800,momo,paid,0,,0,2,0,0,delivering,130.94,0,1,0
SYN-20250724-001782,2025-07-24T05:27:41.000Z,2025-07-24,4,12,7,69b66f189390b3e4eaa47131,regular,82,38006436,463493,-235,2,3,479700,38376,30000,0,548076,239850,card,unpaid,0,,0,1,0,2,pending,5623.32,0,1,1
SYN-20260128-001783,2026-01-28T04:43:44.000Z,2026-01-28,3,11,1,69b66f179390b3e4eaa4710a,vip,300,150762893,502543,-47,2,2,419800,33584,30000,75000,408384,209900,card,unpaid,1,VEGGIE25,1,0,1,0,preparing,1112.05,0,1,1
SYN-20260203-001784,2026-02-03T11:19:50.000Z,2026-02-03,2,18,2,69b66f179390b3e4eaa47122,regular,84,40357330,480444,-41,2,2,379800,30384,30000,0,440184,189900,momo,unpaid,0,,1,1,0,0,preparing,961.45,0,1,1
SYN-20251118-001785,2025-11-18T09:10:07.000Z,2025-11-18,2,16,11,69b66f179390b3e4eaa4711f,regular,96,51556197,537044,-118,1,3,449700,35976,30000,89940,425736,449700,card,unpaid,1,HEALTHY20,3,0,0,0,preparing,2811.61,0,1,1
SYN-20250730-001786,2025-07-30T09:46:56.000Z,2025-07-30,3,16,7,69b66f179390b3e4eaa4710a,vip,300,150762893,502543,-229,2,3,539700,43176,0,75000,507876,269850,bank_transfer,paid,1,VEGGIE25,2,1,0,0,completed,5475,0,0,0
SYN-20260307-001787,2026-03-07T13:40:39.000Z,2026-03-07,6,20,3,69b66f179390b3e4eaa47113,regular,89,41138137,462226,-8,2,2,384800,30784,30000,76960,368624,192400,card,unpaid,1,HEALTHY20,0,2,0,0,pending,191.1,0,1,1
SYN-20260226-001788,2026-02-26T06:55:01.000Z,2026-02-26,4,13,2,69b66f179390b3e4eaa4712b,regular,83,34910035,420603,-18,2,2,449800,35984,30000,0,515784,224900,momo,paid,0,,0,1,1,0,completed,413.86,0,0,0
SYN-20260311-001789,2026-03-11T04:25:52.000Z,2026-03-11,3,11,3,69b66f189390b3e4eaa47131,regular,82,38006436,463493,-5,2,3,609700,48776,0,75000,583476,304850,cash,unpaid,1,VEGGIE25,0,2,1,0,preparing,104.35,0,1,1
SYN-20260315-001790,2026-03-15T05:04:43.000Z,2026-03-15,0,12,3,69b66f179390b3e4eaa47110,regular,80,39676181,495952,-1,2,2,369800,29584,30000,50000,379384,184900,card,paid,1,EATOMO50K,1,1,0,0,delivering,7.7,0,1,0
SYN-20260127-001791,2026-01-27T07:35:15.000Z,2026-01-27,2,14,1,69b66f179390b3e4eaa4710a,vip,300,150762893,502543,-48,2,4,799600,63968,0,50000,813568,399800,momo,paid,1,EATOMO50K,2,0,2,0,completed,1133.19,0,0,0
SYN-20250827-001792,2025-08-27T02:23:04.000Z,2025-08-27,3,9,8,69b66f179390b3e4eaa4710d,regular,128,62788236,490533,-201,2,6,1319400,105552,0,0,1424952,659700,cash,paid,0,,0,3,3,0,completed,4810.39,0,0,0
SYN-20260315-001793,2026-03-15T06:30:13.000Z,2026-03-15,0,13,3,69b66f179390b3e4eaa4710a,vip,300,150762893,502543,-1,1,1,164900,13192,30000,0,208092,164900,cash,unpaid,0,,1,0,0,0,confirmed,6.27,0,1,1
SYN-20250525-001794,2025-05-25T04:41:18.000Z,2025-05-25,0,11,5,69b66f179390b3e4eaa4710a,vip,300,150762893,502543,-295,1,1,164900,13192,30000,0,208092,164900,momo,unpaid,0,,1,0,0,0,pending,7064.09,0,1,1
SYN-20260314-001795,2026-03-14T10:09:57.000Z,2026-03-14,6,17,3,69b66f179390b3e4eaa4710a,vip,300,150762893,502543,-2,2,3,549700,43976,0,25000,568676,274850,momo,paid,1,FREESHIP,0,0,1,2,delivering,26.61,0,1,0
SYN-20260211-001796,2026-02-11T09:30:34.000Z,2026-02-11,3,16,2,69b66f189390b3e4eaa47131,regular,82,38006436,463493,-33,2,4,669600,53568,0,0,723168,334800,momo,unpaid,0,,2,2,0,0,preparing,771.27,0,1,1
SYN-20260106-001797,2026-01-06T07:12:23.000Z,2026-01-06,2,14,1,69b66f189390b3e4eaa4712e,regular,66,32415979,491151,-69,2,2,379800,30384,30000,80000,360184,189900,cash,paid,1,FLASH25,0,0,1,1,completed,1637.57,0,0,0
SYN-20250409-001798,2025-04-09T13:00:16.000Z,2025-04-09,3,20,4,69b66f179390b3e4eaa4711f,regular,96,51556197,537044,-341,1,1,199900,15992,30000,29985,215907,199900,momo,unpaid,1,SUMMER15,0,1,0,0,pending,8159.77,0,1,1
SYN-20250604-001799,2025-06-04T07:39:40.000Z,2025-06-04,3,14,6,69b66f179390b3e4eaa4712b,regular,83,34910035,420603,-285,2,3,469700,37576,30000,25000,512276,234850,momo,unpaid,1,FREESHIP,2,1,0,0,preparing,6821.12,0,1,1
SYN-20251120-001800,2025-11-20T04:32:07.000Z,2025-11-20,4,11,11,69b66f179390b3e4eaa47113,regular,89,41138137,462226,-116,1,2,379800,30384,30000,0,440184,379800,cash,paid,0,,0,2,0,0,completed,2768.24,0,0,0
SYN-20250731-001801,2025-07-31T14:19:42.000Z,2025-07-31,4,21,7,69b66f179390b3e4eaa4710a,vip,300,150762893,502543,-228,2,3,719700,57576,0,0,777276,359850,bank_transfer,paid,0,,0,1,2,0,completed,5446.45,0,0,0
SYN-20250602-001802,2025-06-02T04:15:14.000Z,2025-06-02,1,11,6,69b66f179390b3e4eaa4711f,regular,96,51556197,537044,-287,1,1,164900,13192,30000,41225,166867,164900,card,paid,1,FLASH25,0,1,0,0,delivering,6872.52,0,1,0
SYN-20251202-001803,2025-12-02T13:20:17.000Z,2025-12-02,2,20,12,69b66f179390b3e4eaa4710d,regular,128,62788236,490533,-103,2,3,489700,39176,30000,0,558876,244850,momo,unpaid,0,,0,2,0,1,delivering,2471.44,0,1,1
SYN-20250901-001804,2025-09-01T02:28:19.000Z,2025-09-01,1,9,9,69b66f189390b3e4eaa47134,regular,69,34548879,500708,-196,1,1,219900,17592,30000,32985,234507,219900,cash,unpaid,1,SUMMER15,0,1,0,0,cancelled,4690.31,1,0,1
SYN-20251224-001805,2025-12-24T07:35:48.000Z,2025-12-24,3,14,12,69b66f179390b3e4eaa47128,regular,66,34270303,519247,-82,2,3,689700,55176,0,60000,684876,344850,momo,unpaid,1,PROTEIN10,0,0,2,1,cancelled,1949.18,1,0,1
SYN-20260211-001806,2026-02-11T11:21:52.000Z,2026-02-11,3,18,2,69b66f189390b3e4eaa47131,regular,82,38006436,463493,-33,1,3,809700,64776,0,0,874476,809700,bank_transfer,unpaid,0,,0,0,3,0,preparing,769.41,0,1,1
SYN-20250618-001807,2025-06-18T05:04:16.000Z,2025-06-18,3,12,6,69b66f179390b3e4eaa47128,regular,66,34270303,519247,-271,1,1,209900,16792,30000,0,256692,209900,card,paid,0,,0,1,0,0,delivering,6487.71,0,1,0
SYN-20250502-001808,2025-05-02T04:26:36.000Z,2025-05-02,5,11,5,69b66f179390b3e4eaa47119,regular,49,23556582,480747,-318,2,3,559700,44776,0,0,604476,279850,cash,paid,0,,2,0,1,0,completed,7616.33,0,0,0
SYN-20250622-001809,2025-06-22T13:00:38.000Z,2025-06-22,0,20,6,69b66f179390b3e4eaa4710d,regular,128,62788236,490533,-266,2,3,549700,43976,0,80000,513676,274850,card,unpaid,1,SUMMER15,1,2,0,0,pending,6383.77,0,1,1
SYN-20260315-001810,2026-03-15T07:46:56.000Z,2026-03-15,0,14,3,69b66f179390b3e4eaa4710a,vip,300,150762893,502543,-1,2,2,279800,22384,30000,55960,276224,139900,bank_transfer,unpaid,1,HEALTHY20,0,0,0,2,preparing,5,0,1,1
SYN-20250428-001811,2025-04-28T06:15:59.000Z,2025-04-28,1,13,4,69b66f179390b3e4eaa47128,regular,66,34270303,519247,-322,2,2,319800,25584,30000,0,375384,159900,momo,paid,0,,1,1,0,0,completed,7710.51,0,0,0
SYN-20260314-001812,2026-03-14T13:06:21.000Z,2026-03-14,6,20,3,69b66f179390b3e4eaa47113,regular,89,41138137,462226,-1,2,3,489700,39176,30000,0,558876,244850,bank_transfer,unpaid,0,,2,1,0,0,preparing,23.67,0,1,1
SYN-20260226-001813,2026-02-26T08:08:30.000Z,2026-02-26,4,15,2,69b66f189390b3e4eaa47131,regular,82,38006436,463493,-18,1,2,279800,22384,30000,0,332184,279800,cash,paid,0,,0,0,0,2,completed,412.64,0,0,0
SYN-20260303-001814,2026-03-03T07:26:33.000Z,2026-03-03,2,14,3,69b66f179390b3e4eaa47125,regular,78,39418164,505361,-13,2,2,359800,28784,30000,0,418584,179900,card,paid,0,,1,1,0,0,delivering,293.34,0,1,0
SYN-20250901-001815,2025-09-01T08:36:40.000Z,2025-09-01,1,15,9,69b66f179390b3e4eaa4710a,vip,300,150762893,502543,-196,2,4,689600,55168,0,100000,644768,344800,momo,paid,1,HEALTHY20,3,1,0,0,delivering,4684.17,0,1,0
SYN-20251209-001816,2025-12-09T13:33:11.000Z,2025-12-09,2,20,12,69b66f179390b3e4eaa4710a,vip,300,150762893,502543,-97,1,1,259900,20792,30000,64975,245717,259900,cash,paid,1,FLASH25,0,0,1,0,completed,2303.22,0,0,0
SYN-20250906-001817,2025-09-06T08:16:33.000Z,2025-09-06,6,15,9,69b66f179390b3e4eaa47128,regular,66,34270303,519247,-191,2,4,799600,63968,0,75000,788568,399800,cash,paid,1,VEGGIE25,0,4,0,0,delivering,4564.5,0,1,0
SYN-20250806-001818,2025-08-06T02:59:03.000Z,2025-08-06,3,9,8,69b66f179390b3e4eaa4711f,regular,96,51556197,537044,-222,1,1,149900,11992,30000,44970,146922,149900,momo,unpaid,1,FIRSTORDER30,0,0,0,1,completed,5313.79,0,0,1
SYN-20250319-001819,2025-03-19T07:57:06.000Z,2025-03-19,3,14,3,69b66f179390b3e4eaa47110,regular,80,39676181,495952,-362,2,2,409800,32784,30000,75000,397584,204900,cash,paid,1,VEGGIE25,1,0,1,0,completed,8668.83,0,0,0
SYN-20250417-001820,2025-04-17T04:13:08.000Z,2025-04-17,4,11,4,69b66f189390b3e4eaa47131,regular,82,38006436,463493,-333,2,5,819500,65560,0,0,885060,409750,cash,paid,0,,3,2,0,0,completed,7976.56,0,0,0
SYN-20251026-001821,2025-10-26T03:29:23.000Z,2025-10-26,0,10,10,69b66f179390b3e4eaa47110,regular,80,39676181,495952,-141,1,1,239900,19192,30000,0,289092,239900,momo,unpaid,0,,0,0,1,0,preparing,3369.29,0,1,1
SYN-20250421-001822,2025-04-21T03:03:09.000Z,2025-04-21,1,10,4,69b66f179390b3e4eaa4712b,regular,83,34910035,420603,-329,2,2,339800,27184,30000,0,396984,169900,momo,paid,0,,2,0,0,0,completed,7881.73,0,0,0
SYN-20250509-001823,2025-05-09T03:14:36.000Z,2025-05-09,5,10,5,69b66f179390b3e4eaa4710d,regular,128,62788236,490533,-311,1,2,479800,38384,30000,95960,452224,479800,momo,refunded,1,HEALTHY20,0,0,2,0,cancelled,7449.53,1,0,0
SYN-20250802-001824,2025-08-02T06:36:18.000Z,2025-08-02,6,13,8,69b66f179390b3e4eaa47122,regular,84,40357330,480444,-226,2,2,299800,23984,30000,89940,263844,149900,momo,paid,1,FIRSTORDER30,2,0,0,0,completed,5406.17,0,0,0
SYN-20250812-001825,2025-08-12T13:21:47.000Z,2025-08-12,2,20,8,69b66f179390b3e4eaa47110,regular,80,39676181,495952,-215,1,2,359800,28784,30000,0,418584,359800,cash,paid,0,,0,2,0,0,completed,5159.41,0,0,0
SYN-20260314-001826,2026-03-14T05:30:32.000Z,2026-03-14,6,12,3,69b66f179390b3e4eaa4711f,regular,96,51556197,537044,-2,1,1,139900,11192,30000,0,181092,139900,momo,unpaid,0,,0,0,0,1,confirmed,31.27,0,1,1
SYN-20260304-001827,2026-03-04T11:43:44.000Z,2026-03-04,3,18,3,69b66f179390b3e4eaa47128,regular,66,34270303,519247,-11,2,2,449800,35984,30000,89960,425824,224900,card,unpaid,1,HEALTHY20,0,1,1,0,confirmed,265.05,0,1,1
SYN-20251227-001828,2025-12-27T10:53:55.000Z,2025-12-27,6,17,12,69b66f189390b3e4eaa47131,regular,82,38006436,463493,-79,2,3,549700,43976,0,100000,493676,274850,card,unpaid,1,HEALTHY20,0,0,1,2,pending,1873.88,0,1,1
SYN-20260315-001829,2026-03-15T10:06:43.000Z,2026-03-15,0,17,3,69b66f179390b3e4eaa47113,regular,89,41138137,462226,-1,1,1,144900,11592,30000,0,186492,144900,bank_transfer,paid,0,,1,0,0,0,delivering,2.67,0,0,0
SYN-20260307-001830,2026-03-07T01:09:12.000Z,2026-03-07,6,8,3,69b66f179390b3e4eaa47125,regular,78,39418164,505361,-9,1,2,439800,35184,30000,0,504984,439800,cash,paid,0,,0,2,0,0,completed,203.62,0,0,0
SYN-20250908-001831,2025-09-08T10:47:35.000Z,2025-09-08,1,17,9,69b66f179390b3e4eaa47122,regular,84,40357330,480444,-189,2,3,699700,55976,0,120000,635676,349850,cash,paid,1,FIRSTORDER30,0,1,2,0,completed,4513.98,0,0,0
SYN-20251004-001832,2025-10-04T14:06:48.000Z,2025-10-04,6,21,10,69b66f179390b3e4eaa4711c,regular,50,24230795,484616,-162,1,3,569700,45576,0,0,615276,569700,cash,unpaid,0,,0,3,0,0,preparing,3886.66,0,1,1
SYN-20250729-001833,2025-07-29T01:42:42.000Z,2025-07-29,2,8,7,69b66f189390b3e4eaa47131,regular,82,38006436,463493,-230,2,3,474700,37976,30000,0,542676,237350,bank_transfer,paid,0,,0,1,0,2,completed,5507.07,0,0,0
SYN-20250704-001834,2025-07-04T05:47:14.000Z,2025-07-04,5,12,7,69b66f189390b3e4eaa47134,regular,69,34548879,500708,-255,2,3,479700,38376,30000,25000,523076,239850,cash,paid,1,FREESHIP,2,0,0,1,completed,6102.99,0,0,0
SYN-20251028-001835,2025-10-28T13:10:34.000Z,2025-10-28,2,20,10,69b66f189390b3e4eaa4712e,regular,66,32415979,491151,-138,2,5,869500,69560,0,0,939060,434750,card,unpaid,0,,0,2,0,3,completed,3311.6,0,0,1
SYN-20250413-001836,2025-04-13T05:08:24.000Z,2025-04-13,0,12,4,69b66f179390b3e4eaa4712b,regular,83,34910035,420603,-337,1,1,249900,19992,30000,49980,249912,249900,momo,paid,1,HEALTHY20,0,0,1,0,completed,8071.64,0,0,0
SYN-20260315-001837,2026-03-15T11:28:56.000Z,2026-03-15,0,18,3,69b66f179390b3e4eaa4712b,regular,83,34910035,420603,-1,2,2,324800,25984,30000,0,380784,162400,card,unpaid,0,,0,1,0,1,delivering,1.3,0,0,1
SYN-20251222-001838,2025-12-22T01:44:45.000Z,2025-12-22,1,8,12,69b66f189390b3e4eaa47134,regular,69,34548879,500708,-84,1,2,279800,22384,30000,0,332184,279800,momo,unpaid,0,,2,0,0,0,delivering,2003.03,0,1,1
SYN-20260129-001839,2026-01-29T07:45:20.000Z,2026-01-29,4,14,1,69b66f179390b3e4eaa47119,regular,49,23556582,480747,-46,2,3,559700,44776,0,0,604476,279850,cash,paid,0,,0,3,0,0,completed,1085.02,0,0,0
SYN-20250405-001840,2025-04-05T11:49:09.000Z,2025-04-05,6,18,4,69b66f179390b3e4eaa4710a,vip,300,150762893,502543,-345,1,3,569700,45576,0,0,615276,569700,momo,paid,0,,0,3,0,0,completed,8256.96,0,0,0
SYN-20260206-001841,2026-02-06T06:37:09.000Z,2026-02-06,5,13,2,69b66f189390b3e4eaa47131,regular,82,38006436,463493,-38,2,4,579600,46368,0,80000,545968,289800,momo,paid,1,FLASH25,0,0,0,4,completed,894.16,0,0,0
SYN-20250504-001842,2025-05-04T01:10:23.000Z,2025-05-04,0,8,5,69b66f179390b3e4eaa47110,regular,80,39676181,495952,-316,2,3,549700,43976,0,0,593676,274850,momo,paid,0,,0,3,0,0,completed,7571.6,0,0,0
SYN-20260228-001843,2026-02-28T10:31:39.000Z,2026-02-28,6,17,2,69b66f179390b3e4eaa47128,regular,66,34270303,519247,-15,1,2,299800,23984,30000,25000,328784,299800,momo,unpaid,1,FREESHIP,0,0,0,2,confirmed,362.25,0,1,1
SYN-20260305-001844,2026-03-05T04:20:59.000Z,2026-03-05,4,11,3,69b66f179390b3e4eaa4710d,regular,128,62788236,490533,-11,2,2,429800,34384,30000,0,494184,214900,cash,unpaid,0,,0,1,1,0,cancelled,248.43,1,0,1
SYN-20260104-001845,2026-01-04T04:44:47.000Z,2026-01-04,0,11,1,69b66f179390b3e4eaa4710a,vip,300,150762893,502543,-71,1,1,249900,19992,30000,37485,262407,249900,bank_transfer,paid,1,SUMMER15,0,0,1,0,delivering,1688.03,0,1,0
SYN-20260312-001846,2026-03-12T12:37:09.000Z,2026-03-12,4,19,3,69b66f179390b3e4eaa4710d,regular,128,62788236,490533,-3,2,3,579700,46376,0,0,626076,289850,cash,unpaid,0,,0,3,0,0,confirmed,72.16,0,1,1
SYN-20260202-001847,2026-02-02T07:55:12.000Z,2026-02-02,1,14,2,69b66f179390b3e4eaa4711c,regular,50,24230795,484616,-42,1,2,279800,22384,30000,0,332184,279800,card,unpaid,0,,0,0,0,2,preparing,988.86,0,1,1
SYN-20250407-001848,2025-04-07T11:13:26.000Z,2025-04-07,1,18,4,69b66f179390b3e4eaa4712b,regular,83,34910035,420603,-343,2,2,344800,27584,30000,103440,298944,172400,momo,paid,1,FIRSTORDER30,1,1,0,0,completed,8209.55,0,0,0
SYN-20260112-001849,2026-01-12T03:23:45.000Z,2026-01-12,1,10,1,69b66f179390b3e4eaa47113,regular,89,41138137,462226,-63,1,1,189900,15192,30000,0,235092,189900,cash,paid,0,,0,1,0,0,delivering,1497.38,0,1,0
SYN-20250912-001850,2025-09-12T02:29:38.000Z,2025-09-12,5,9,9,69b66f179390b3e4eaa4710a,vip,300,150762893,502543,-185,2,4,599600,47968,0,59960,587608,299800,momo,paid,1,PROTEIN10,2,0,0,2,completed,4426.28,0,0,0
SYN-20251201-001851,2025-12-01T07:29:47.000Z,2025-12-01,1,14,12,69b66f179390b3e4eaa4710a,vip,300,150762893,502543,-105,2,4,719600,57568,0,25000,752168,359800,bank_transfer,paid,1,FREESHIP,0,3,0,1,completed,2501.28,0,0,0
SYN-20251121-001852,2025-11-21T10:38:05.000Z,2025-11-21,5,17,11,69b66f189390b3e4eaa47134,regular,69,34548879,500708,-115,2,2,379800,30384,30000,0,440184,189900,cash,paid,0,,0,2,0,0,completed,2738.14,0,0,0
SYN-20251108-001853,2025-11-08T07:50:01.000Z,2025-11-08,6,14,11,69b66f179390b3e4eaa4711f,regular,96,51556197,537044,-128,1,2,399800,31984,30000,0,461784,399800,momo,paid,0,,0,2,0,0,delivering,3052.94,0,1,0
SYN-20250320-001854,2025-03-20T09:01:44.000Z,2025-03-20,4,16,3,69b66f179390b3e4eaa47128,regular,66,34270303,519247,-360,2,3,739700,59176,0,0,798876,369850,bank_transfer,paid,0,,0,0,3,0,completed,8643.75,0,0,0
SYN-20250624-001855,2025-06-24T01:53:28.000Z,2025-06-24,2,8,6,69b66f179390b3e4eaa47125,regular,78,39418164,505361,-265,2,3,659700,52776,0,0,712476,329850,bank_transfer,paid,0,,0,1,2,0,completed,6346.89,0,0,0
SYN-20251112-001856,2025-11-12T08:32:47.000Z,2025-11-12,3,15,11,69b66f189390b3e4eaa47131,regular,82,38006436,463493,-124,2,3,549700,43976,0,100000,493676,274850,cash,paid,1,HEALTHY20,0,3,0,0,delivering,2956.23,0,1,0
SYN-20260217-001857,2026-02-17T11:14:27.000Z,2026-02-17,2,18,2,69b66f179390b3e4eaa4711c,regular,50,24230795,484616,-27,2,4,859600,68768,0,75000,853368,429800,momo,unpaid,1,VEGGIE25,0,3,1,0,completed,625.54,0,0,1
SYN-20250728-001858,2025-07-28T07:46:42.000Z,2025-07-28,1,14,7,69b66f179390b3e4eaa4710a,vip,300,150762893,502543,-231,2,3,439700,35176,30000,0,504876,219850,momo,paid,0,,3,0,0,0,delivering,5525,0,1,0
SYN-20260206-001859,2026-02-06T14:04:00.000Z,2026-02-06,5,21,2,69b66f179390b3e4eaa47119,regular,49,23556582,480747,-38,2,3,639700,51176,0,0,690876,319850,bank_transfer,paid,0,,0,3,0,0,completed,886.71,0,0,0
SYN-20260311-001860,2026-03-11T10:21:54.000Z,2026-03-11,3,17,3,69b66f179390b3e4eaa4710a,vip,300,150762893,502543,-5,1,2,479800,38384,30000,47980,500204,479800,momo,paid,1,PROTEIN10,0,0,2,0,completed,98.41,0,0,0
SYN-20251006-001861,2025-10-06T13:30:49.000Z,2025-10-06,1,20,10,69b66f179390b3e4eaa4711c,regular,50,24230795,484616,-160,1,2,439800,35184,30000,75000,429984,439800,momo,unpaid,1,VEGGIE25,0,0,2,0,confirmed,3839.26,0,1,1
SYN-20260120-001862,2026-01-20T11:22:52.000Z,2026-01-20,2,18,1,69b66f179390b3e4eaa47113,regular,89,41138137,462226,-55,2,4,759600,60768,0,75000,745368,379800,cash,unpaid,1,VEGGIE25,0,4,0,0,confirmed,1297.4,0,1,1
SYN-20251201-001863,2025-12-01T08:14:46.000Z,2025-12-01,1,15,12,69b66f179390b3e4eaa47128,regular,66,34270303,519247,-105,1,1,154900,12392,30000,38725,158567,154900,cash,unpaid,1,VEGGIE25,1,0,0,0,preparing,2500.53,0,1,1
SYN-20251125-001864,2025-11-25T08:48:28.000Z,2025-11-25,2,15,11,69b66f179390b3e4eaa47125,regular,78,39418164,505361,-111,1,1,249900,19992,30000,0,299892,249900,momo,paid,0,,0,0,1,0,completed,2643.97,0,0,0
SYN-20260303-001865,2026-03-03T09:06:43.000Z,2026-03-03,2,16,3,69b66f179390b3e4eaa4710a,vip,300,150762893,502543,-13,1,2,439800,35184,30000,0,504984,439800,card,paid,0,,0,2,0,0,delivering,291.67,0,1,0
SYN-20260203-001866,2026-02-03T09:07:14.000Z,2026-02-03,2,16,2,69b66f179390b3e4eaa4710d,regular,128,62788236,490533,-41,1,2,379800,30384,30000,37980,402204,379800,card,refunded,1,WELCOME10,0,2,0,0,cancelled,963.66,1,0,0
SYN-20260220-001867,2026-02-20T09:29:40.000Z,2026-02-20,5,16,2,69b66f179390b3e4eaa4710a,vip,300,150762893,502543,-24,2,2,309800,24784,30000,61960,302624,154900,momo,paid,1,HEALTHY20,2,0,0,0,delivering,555.28,0,1,0
SYN-20260220-001868,2026-02-20T13:15:19.000Z,2026-02-20,5,20,2,69b66f189390b3e4eaa47131,regular,82,38006436,463493,-24,2,2,429800,34384,30000,42980,451204,214900,momo,unpaid,1,WELCOME10,0,1,1,0,confirmed,551.52,0,1,1
SYN-20250708-001869,2025-07-08T02:46:40.000Z,2025-07-08,2,9,7,69b66f179390b3e4eaa4710a,vip,300,150762893,502543,-251,2,2,489800,39184,30000,75000,483984,244900,momo,unpaid,1,VEGGIE25,0,0,2,0,cancelled,6010,1,0,1
SYN-20260210-001870,2026-02-10T02:55:58.000Z,2026-02-10,2,9,2,69b66f179390b3e4eaa47128,regular,66,34270303,519247,-34,1,2,499800,39984,30000,0,569784,499800,cash,unpaid,0,,0,0,2,0,pending,801.84,0,1,1
SYN-20260107-001871,2026-01-07T08:28:01.000Z,2026-01-07,3,15,1,69b66f179390b3e4eaa4710a,vip,300,150762893,502543,-68,2,4,779600,62368,0,100000,741968,389800,momo,paid,1,VIP100K,0,0,2,2,delivering,1612.31,0,1,0
SYN-20260203-001872,2026-02-03T11:25:22.000Z,2026-02-03,2,18,2,69b66f179390b3e4eaa47125,regular,78,39418164,505361,-41,2,2,339800,27184,30000,0,396984,169900,momo,paid,0,,0,1,0,1,completed,961.35,0,0,0
SYN-20251007-001873,2025-10-07T02:15:21.000Z,2025-10-07,2,9,10,69b66f179390b3e4eaa47122,regular,84,40357330,480444,-160,2,3,609700,48776,0,50000,608476,304850,momo,paid,1,EATOMO50K,0,3,0,0,delivering,3826.52,0,1,0
SYN-20250812-001874,2025-08-12T06:21:21.000Z,2025-08-12,2,13,8,69b66f179390b3e4eaa4711f,regular,96,51556197,537044,-216,2,3,444700,35576,30000,0,510276,222350,card,refunded,0,,0,1,0,2,cancelled,5166.42,1,0,0
SYN-20250721-001875,2025-07-21T06:36:35.000Z,2025-07-21,1,13,7,69b66f179390b3e4eaa47110,regular,80,39676181,495952,-238,1,2,379800,30384,30000,50000,390184,379800,momo,paid,1,EATOMO50K,0,2,0,0,completed,5694.17,0,0,0
SYN-20260128-001876,2026-01-28T07:51:32.000Z,2026-01-28,3,14,1,69b66f179390b3e4eaa4710a,vip,300,150762893,502543,-47,1,1,179900,14392,30000,0,224292,179900,card,paid,0,,1,0,0,0,delivering,1108.92,0,1,0
SYN-20260219-001877,2026-02-19T04:26:53.000Z,2026-02-19,4,11,2,69b66f179390b3e4eaa47122,regular,84,40357330,480444,-25,1,1,129900,10392,30000,0,170292,129900,cash,paid,0,,0,0,0,1,completed,584.33,0,0,0
SYN-20260308-001878,2026-03-08T04:07:56.000Z,2026-03-08,0,11,3,69b66f189390b3e4eaa47134,regular,69,34548879,500708,-8,1,2,419800,33584,30000,0,483384,419800,momo,paid,0,,0,2,0,0,delivering,176.65,0,1,0
SYN-20250919-001879,2025-09-19T08:32:29.000Z,2025-09-19,5,15,9,69b66f189390b3e4eaa4712e,regular,66,32415979,491151,-178,1,3,449700,35976,30000,0,515676,449700,cash,paid,0,,0,0,0,3,completed,4252.24,0,0,0
SYN-20250726-001880,2025-07-26T09:16:05.000Z,2025-07-26,6,16,7,69b66f179390b3e4eaa47110,regular,80,39676181,495952,-233,2,4,819600,65568,0,0,885168,409800,bank_transfer,unpaid,0,,0,2,2,0,cancelled,5571.51,1,0,1
SYN-20260307-001881,2026-03-07T12:43:37.000Z,2026-03-07,6,19,3,69b66f179390b3e4eaa4710a,vip,300,150762893,502543,-9,2,3,599700,47976,0,100000,547676,299850,momo,paid,1,HEALTHY20,0,3,0,0,completed,192.05,0,0,0
SYN-20260209-001882,2026-02-09T12:06:12.000Z,2026-02-09,1,19,2,69b66f179390b3e4eaa4710a,vip,300,150762893,502543,-35,1,1,249900,19992,30000,0,299892,249900,momo,paid,0,,0,0,1,0,completed,816.67,0,0,0
SYN-20260128-001883,2026-01-28T07:26:43.000Z,2026-01-28,3,14,1,69b66f179390b3e4eaa4712b,regular,83,34910035,420603,-47,2,2,479800,38384,30000,0,548184,239900,card,unpaid,0,,0,0,2,0,completed,1109.33,0,0,1
SYN-20260308-001884,2026-03-08T07:21:36.000Z,2026-03-08,0,14,3,69b66f179390b3e4eaa47125,regular,78,39418164,505361,-8,2,2,369800,29584,30000,36980,392404,184900,cash,paid,1,WELCOME10,1,1,0,0,completed,173.42,0,0,0
SYN-20260306-001885,2026-03-06T04:53:35.000Z,2026-03-06,5,11,3,69b66f179390b3e4eaa4711f,regular,96,51556197,537044,-10,2,4,859600,68768,0,50000,878368,429800,momo,paid,1,EATOMO50K,2,0,2,0,delivering,223.88,0,1,0
SYN-20250722-001886,2025-07-22T10:41:28.000Z,2025-07-22,2,17,7,69b66f189390b3e4eaa47134,regular,69,34548879,500708,-237,2,3,719700,57576,0,100000,677276,359850,momo,paid,1,HEALTHY20,0,1,2,0,completed,5666.09,0,0,0
SYN-20251230-001887,2025-12-30T08:44:31.000Z,2025-12-30,2,15,12,69b66f189390b3e4eaa4712e,regular,66,32415979,491151,-76,2,3,564700,45176,0,25000,584876,282350,momo,paid,1,FREESHIP,1,2,0,0,completed,1804.04,0,0,0
SYN-20250606-001888,2025-06-06T08:21:10.000Z,2025-06-06,5,15,6,69b66f179390b3e4eaa4710a,vip,300,150762893,502543,-283,1,1,164900,13192,30000,0,208092,164900,card,unpaid,0,,1,0,0,0,pending,6772.42,0,1,1
SYN-20260102-001889,2026-01-02T07:36:04.000Z,2026-01-02,5,14,1,69b66f179390b3e4eaa4710a,vip,300,150762893,502543,-73,2,3,659700,52776,0,0,712476,329850,bank_transfer,paid,0,,0,1,2,0,completed,1733.18,0,0,0
SYN-20251208-001890,2025-12-08T10:17:51.000Z,2025-12-08,1,17,12,69b66f189390b3e4eaa47134,regular,69,34548879,500708,-98,2,2,329800,26384,30000,0,386184,164900,momo,unpaid,0,,2,0,0,0,confirmed,2330.48,0,1,1
SYN-20260313-001891,2026-03-13T13:11:55.000Z,2026-03-13,5,20,3,69b66f189390b3e4eaa47131,regular,82,38006436,463493,-3,1,1,189900,15192,30000,0,235092,189900,cash,unpaid,0,,0,1,0,0,preparing,47.58,0,1,1
SYN-20260315-001892,2026-03-15T04:19:58.000Z,2026-03-15,0,11,3,69b66f179390b3e4eaa4710a,vip,300,150762893,502543,-1,1,1,149900,11992,30000,0,191892,149900,card,unpaid,0,,0,0,0,1,delivering,8.44,0,1,1
SYN-20260312-001893,2026-03-12T12:55:48.000Z,2026-03-12,4,19,3,69b66f179390b3e4eaa47110,regular,80,39676181,495952,-3,2,3,759700,60776,0,0,820476,379850,cash,unpaid,0,,0,1,2,0,confirmed,71.85,0,1,1
SYN-20250510-001894,2025-05-10T02:58:03.000Z,2025-05-10,6,9,5,69b66f179390b3e4eaa47122,regular,84,40357330,480444,-310,1,1,179900,14392,30000,0,224292,179900,card,unpaid,0,,1,0,0,0,pending,7425.81,0,1,1
SYN-20251108-001895,2025-11-08T11:09:15.000Z,2025-11-08,6,18,11,69b66f189390b3e4eaa47131,regular,82,38006436,463493,-128,1,1,259900,20792,30000,0,310692,259900,card,unpaid,0,,0,0,1,0,completed,3049.62,0,0,1
SYN-20260119-001896,2026-01-19T08:28:20.000Z,2026-01-19,1,15,1,69b66f179390b3e4eaa4711c,regular,50,24230795,484616,-56,2,2,379800,30384,30000,75960,364224,189900,bank_transfer,refunded,1,HEALTHY20,0,0,1,1,cancelled,1324.31,1,0,0
SYN-20260307-001897,2026-03-07T13:06:37.000Z,2026-03-07,6,20,3,69b66f179390b3e4eaa47122,regular,84,40357330,480444,-8,1,1,249900,19992,30000,49980,249912,249900,cash,paid,1,HEALTHY20,0,0,1,0,completed,191.67,0,0,0
SYN-20250812-001898,2025-08-12T08:43:40.000Z,2025-08-12,2,15,8,69b66f179390b3e4eaa4712b,regular,83,34910035,420603,-216,1,1,249900,19992,30000,49980,249912,249900,momo,unpaid,1,HEALTHY20,0,0,1,0,confirmed,5164.05,0,1,1
SYN-20250429-001899,2025-04-29T02:49:15.000Z,2025-04-29,2,9,4,69b66f179390b3e4eaa4710a,vip,300,150762893,502543,-321,2,3,599700,47976,0,50000,597676,299850,momo,paid,1,EATOMO50K,1,0,2,0,completed,7689.96,0,0,0
SYN-20251013-001900,2025-10-13T12:23:20.000Z,2025-10-13,1,19,10,69b66f179390b3e4eaa4711f,regular,96,51556197,537044,-154,2,4,764600,61168,0,50000,775768,382300,card,paid,1,EATOMO50K,0,4,0,0,completed,3672.39,0,0,0
SYN-20250918-001901,2025-09-18T06:49:01.000Z,2025-09-18,4,13,9,69b66f179390b3e4eaa47110,regular,80,39676181,495952,-179,2,4,999600,79968,0,25000,1054568,499800,momo,paid,1,FREESHIP,0,0,4,0,completed,4277.96,0,0,0
SYN-20260129-001902,2026-01-29T05:35:24.000Z,2026-01-29,4,12,1,69b66f179390b3e4eaa4710a,vip,300,150762893,502543,-46,2,2,319800,25584,30000,0,375384,159900,momo,paid,0,,0,1,0,1,delivering,1087.19,0,1,0
SYN-20260214-001903,2026-02-14T08:27:28.000Z,2026-02-14,6,15,2,69b66f179390b3e4eaa4710a,vip,300,150762893,502543,-30,2,3,559700,44776,0,25000,579476,279850,card,unpaid,1,FREESHIP,0,0,1,2,pending,700.32,0,1,1
SYN-20250506-001904,2025-05-06T02:31:47.000Z,2025-05-06,2,9,5,69b66f179390b3e4eaa47116,regular,82,38788483,473030,-314,2,3,719700,57576,0,75000,702276,359850,card,paid,1,VEGGIE25,0,0,3,0,delivering,7522.25,0,1,0
SYN-20250924-001905,2025-09-24T02:44:14.000Z,2025-09-24,3,9,9,69b66f179390b3e4eaa47110,regular,80,39676181,495952,-173,1,2,479800,38384,30000,50000,498184,479800,bank_transfer,paid,1,EATOMO50K,0,0,2,0,delivering,4138.04,0,1,0
SYN-20250712-001906,2025-07-12T01:15:19.000Z,2025-07-12,6,8,7,69b66f179390b3e4eaa4710d,regular,128,62788236,490533,-247,2,2,379800,30384,30000,0,440184,189900,momo,paid,0,,0,2,0,0,delivering,5915.52,0,1,0
SYN-20250404-001907,2025-04-04T09:16:49.000Z,2025-04-04,5,16,4,69b66f179390b3e4eaa47119,regular,49,23556582,480747,-346,1,1,189900,15192,30000,0,235092,189900,cash,unpaid,0,,0,1,0,0,pending,8283.5,0,1,1
SYN-20250827-001908,2025-08-27T11:28:32.000Z,2025-08-27,3,18,8,69b66f179390b3e4eaa4710a,vip,300,150762893,502543,-201,2,2,429800,34384,30000,85960,408224,214900,momo,unpaid,1,HEALTHY20,0,1,1,0,completed,4801.3,0,0,1
SYN-20250421-001909,2025-04-21T06:47:07.000Z,2025-04-21,1,13,4,69b66f179390b3e4eaa47128,regular,66,34270303,519247,-329,1,1,169900,13592,30000,0,213492,169900,momo,paid,0,,1,0,0,0,completed,7877.99,0,0,0
SYN-20260113-001910,2026-01-13T07:25:42.000Z,2026-01-13,2,14,1,69b66f189390b3e4eaa47131,regular,82,38006436,463493,-62,1,2,439800,35184,30000,43980,461004,439800,card,paid,1,PROTEIN10,0,0,2,0,completed,1469.35,0,0,0
SYN-20251219-001911,2025-12-19T04:06:16.000Z,2025-12-19,5,11,12,69b66f179390b3e4eaa4711c,regular,50,24230795,484616,-87,2,2,339800,27184,30000,0,396984,169900,momo,paid,0,,1,1,0,0,completed,2072.67,0,0,0
SYN-20260228-001912,2026-02-28T06:22:15.000Z,2026-02-28,6,13,2,69b66f179390b3e4eaa4710d,regular,128,62788236,490533,-16,1,2,399800,31984,30000,75000,386784,399800,cash,paid,1,VEGGIE25,0,2,0,0,delivering,366.41,0,1,0
SYN-20260110-001913,2026-01-10T09:31:45.000Z,2026-01-10,6,16,1,69b66f179390b3e4eaa47116,regular,82,38788483,473030,-64,2,2,449800,35984,30000,25000,490784,224900,card,paid,1,FREESHIP,0,1,1,0,completed,1539.25,0,0,0
SYN-20251128-001914,2025-11-28T11:31:29.000Z,2025-11-28,5,18,11,69b66f179390b3e4eaa47110,regular,80,39676181,495952,-108,1,1,239900,19192,30000,47980,241112,239900,cash,unpaid,1,HEALTHY20,0,0,1,0,cancelled,2569.25,1,0,1
SYN-20250905-001915,2025-09-05T08:48:18.000Z,2025-09-05,5,15,9,69b66f189390b3e4eaa4712e,regular,66,32415979,491151,-192,2,3,649700,51976,0,50000,651676,324850,card,unpaid,1,WELCOME10,0,0,2,1,preparing,4587.97,0,1,1
SYN-20250808-001916,2025-08-08T08:13:40.000Z,2025-08-08,5,15,8,69b66f179390b3e4eaa47125,regular,78,39418164,505361,-220,1,2,419800,33584,30000,0,483384,419800,momo,unpaid,0,,0,2,0,0,confirmed,5260.55,0,1,1
SYN-20250615-001917,2025-06-15T14:51:54.000Z,2025-06-15,0,21,6,69b66f179390b3e4eaa47116,regular,82,38788483,473030,-273,2,2,359800,28784,30000,0,418584,179900,momo,paid,0,,0,1,0,1,completed,6549.91,0,0,0
SYN-20250628-001918,2025-06-28T05:12:37.000Z,2025-06-28,6,12,6,69b66f179390b3e4eaa4712b,regular,83,34910035,420603,-261,2,3,429700,34376,30000,0,494076,214850,cash,unpaid,0,,0,0,0,3,delivering,6247.57,0,1,1
SYN-20250530-001919,2025-05-30T13:16:34.000Z,2025-05-30,5,20,5,69b66f189390b3e4eaa47134,regular,69,34548879,500708,-290,2,2,434800,34784,30000,0,499584,217400,momo,paid,0,,0,1,1,0,completed,6935.5,0,0,0
SYN-20260215-001920,2026-02-15T13:43:11.000Z,2026-02-15,0,20,2,69b66f179390b3e4eaa47122,regular,84,40357330,480444,-28,2,4,919600,73568,0,0,993168,459800,cash,paid,0,,0,2,2,0,completed,671.06,0,0,0
SYN-20251027-001921,2025-10-27T14:43:02.000Z,2025-10-27,1,21,10,69b66f179390b3e4eaa4710a,vip,300,150762893,502543,-140,2,3,629700,50376,0,0,680076,314850,momo,paid,0,,0,2,1,0,completed,3334.06,0,0,0
SYN-20250926-001922,2025-09-26T04:18:38.000Z,2025-09-26,5,11,9,69b66f179390b3e4eaa4710a,vip,300,150762893,502543,-171,2,4,799600,63968,0,0,863568,399800,momo,paid,0,,2,0,2,0,completed,4088.47,0,0,0
SYN-20251213-001923,2025-12-13T12:37:50.000Z,2025-12-13,6,19,12,69b66f179390b3e4eaa47125,regular,78,39418164,505361,-93,2,2,424800,33984,30000,0,488784,212400,card,paid,0,,0,1,1,0,completed,2208.15,0,0,0
SYN-20251127-001924,2025-11-27T09:19:02.000Z,2025-11-27,4,16,11,69b66f179390b3e4eaa4710a,vip,300,150762893,502543,-109,2,2,399800,31984,30000,39980,421804,199900,card,paid,1,PROTEIN10,1,0,1,0,completed,2595.46,0,0,0
SYN-20250412-001925,2025-04-12T01:56:14.000Z,2025-04-12,6,8,4,69b66f179390b3e4eaa47116,regular,82,38788483,473030,-338,2,3,439700,35176,30000,0,504876,219850,card,paid,0,,2,0,0,1,delivering,8098.84,0,1,0
SYN-20251008-001926,2025-10-08T01:33:15.000Z,2025-10-08,3,8,10,69b66f179390b3e4eaa4710a,vip,300,150762893,502543,-159,2,3,539700,43176,0,50000,532876,269850,momo,unpaid,1,EATOMO50K,0,3,0,0,completed,3803.22,0,0,1
SYN-20260305-001927,2026-03-05T04:08:06.000Z,2026-03-05,4,11,3,69b66f179390b3e4eaa47119,regular,49,23556582,480747,-11,2,5,719500,57560,0,0,777060,359750,cash,refunded,0,,5,0,0,0,cancelled,248.64,1,0,0
SYN-20251222-001928,2025-12-22T02:42:16.000Z,2025-12-22,1,9,12,69b66f179390b3e4eaa4712b,regular,83,34910035,420603,-84,1,2,299800,23984,30000,0,353784,299800,momo,paid,0,,0,0,0,2,delivering,2002.07,0,1,0
SYN-20260105-001929,2026-01-05T07:21:58.000Z,2026-01-05,1,14,1,69b66f179390b3e4eaa4710a,vip,300,150762893,502543,-70,1,1,179900,14392,30000,0,224292,179900,bank_transfer,paid,0,,0,1,0,0,completed,1661.41,0,0,0
SYN-20260210-001930,2026-02-10T12:41:57.000Z,2026-02-10,2,19,2,69b66f189390b3e4eaa47134,regular,69,34548879,500708,-34,2,4,719600,57568,0,75000,702168,359800,card,unpaid,1,VEGGIE25,0,2,0,2,confirmed,792.08,0,1,1
SYN-20260112-001931,2026-01-12T05:23:42.000Z,2026-01-12,1,12,1,69b66f179390b3e4eaa47128,regular,66,34270303,519247,-63,2,3,549700,43976,0,0,593676,274850,momo,paid,0,,0,2,0,1,completed,1495.38,0,0,0
SYN-20260228-001932,2026-02-28T10:05:34.000Z,2026-02-28,6,17,2,69b66f189390b3e4eaa47131,regular,82,38006436,463493,-16,1,1,199900,15992,30000,0,245892,199900,card,refunded,0,,0,1,0,0,cancelled,362.68,1,0,0
SYN-20251220-001933,2025-12-20T02:11:19.000Z,2025-12-20,6,9,12,69b66f189390b3e4eaa4712e,regular,66,32415979,491151,-86,2,2,479800,38384,30000,71970,476214,239900,momo,paid,1,SUMMER15,0,0,2,0,completed,2050.59,0,0,0
SYN-20260311-001934,2026-03-11T08:19:46.000Z,2026-03-11,3,15,3,69b66f179390b3e4eaa4710a,vip,300,150762893,502543,-5,1,2,329800,26384,30000,0,386184,329800,card,paid,0,,2,0,0,0,delivering,100.45,0,1,0
SYN-20251228-001935,2025-12-28T02:22:03.000Z,2025-12-28,0,9,12,69b66f179390b3e4eaa4710a,vip,300,150762893,502543,-78,1,2,419800,33584,30000,83960,399424,419800,card,paid,1,HEALTHY20,0,2,0,0,completed,1858.41,0,0,0
SYN-20260315-001936,2026-03-15T11:15:47.000Z,2026-03-15,0,18,3,69b66f179390b3e4eaa4710a,vip,300,150762893,502543,-1,2,3,579700,46376,0,100000,526076,289850,momo,unpaid,1,HEALTHY20,0,3,0,0,preparing,1.51,0,0,1
SYN-20260210-001937,2026-02-10T04:08:41.000Z,2026-02-10,2,11,2,69b66f189390b3e4eaa4712e,regular,66,32415979,491151,-34,2,4,1019600,81568,0,0,1101168,509800,cash,paid,0,,0,0,4,0,completed,800.63,0,0,0
SYN-20250824-001938,2025-08-24T11:03:45.000Z,2025-08-24,0,18,8,69b66f179390b3e4eaa4712b,regular,83,34910035,420603,-204,2,4,684600,54768,0,0,739368,342300,momo,paid,0,,0,4,0,0,completed,4873.72,0,0,0
SYN-20250524-001939,2025-05-24T14:40:06.000Z,2025-05-24,6,21,5,69b66f179390b3e4eaa47113,regular,89,41138137,462226,-295,2,4,754600,60368,0,75000,739968,377300,cash,unpaid,1,VEGGIE25,0,3,1,0,completed,7078.11,0,0,1
SYN-20250808-001940,2025-08-08T01:37:54.000Z,2025-08-08,5,8,8,69b66f179390b3e4eaa47113,regular,89,41138137,462226,-220,1,1,239900,19192,30000,0,289092,239900,momo,unpaid,0,,0,0,1,0,preparing,5267.15,0,1,1
SYN-20250926-001941,2025-09-26T05:42:21.000Z,2025-09-26,5,12,9,69b66f179390b3e4eaa4711c,regular,50,24230795,484616,-171,2,3,439700,35176,30000,0,504876,219850,momo,paid,0,,1,0,0,2,completed,4087.07,0,0,0
SYN-20260226-001942,2026-02-26T08:09:22.000Z,2026-02-26,4,15,2,69b66f179390b3e4eaa4711f,regular,96,51556197,537044,-18,2,2,369800,29584,30000,50000,379384,184900,momo,paid,1,EATOMO50K,0,2,0,0,completed,412.62,0,0,0
SYN-20251226-001943,2025-12-26T09:24:25.000Z,2025-12-26,5,16,12,69b66f179390b3e4eaa4711f,regular,96,51556197,537044,-80,1,1,189900,15192,30000,0,235092,189900,cash,refunded,0,,0,1,0,0,cancelled,1899.37,1,0,0
SYN-20260312-001944,2026-03-12T06:17:03.000Z,2026-03-12,4,13,3,69b66f179390b3e4eaa4710a,vip,300,150762893,502543,-4,2,3,499700,39976,30000,80000,489676,249850,momo,paid,1,FLASH25,3,0,0,0,delivering,78.49,0,1,0
SYN-20250418-001945,2025-04-18T03:35:46.000Z,2025-04-18,5,10,4,69b66f179390b3e4eaa47116,regular,82,38788483,473030,-332,1,2,279800,22384,30000,69950,262234,279800,cash,unpaid,1,VEGGIE25,0,0,0,2,preparing,7953.18,0,1,1
SYN-20250819-001946,2025-08-19T09:35:10.000Z,2025-08-19,2,16,8,69b66f179390b3e4eaa4712b,regular,83,34910035,420603,-209,1,1,149900,11992,30000,0,191892,149900,card,unpaid,0,,0,0,0,1,confirmed,4995.19,0,1,1
SYN-20260116-001947,2026-01-16T08:53:38.000Z,2026-01-16,5,15,1,69b66f179390b3e4eaa4711f,regular,96,51556197,537044,-59,1,1,259900,20792,30000,0,310692,259900,cash,paid,0,,0,0,1,0,completed,1395.88,0,0,0
SYN-20260313-001948,2026-03-13T05:07:17.000Z,2026-03-13,5,12,3,69b66f179390b3e4eaa4712b,regular,83,34910035,420603,-3,1,2,329800,26384,30000,0,386184,329800,card,unpaid,0,,2,0,0,0,preparing,55.66,0,1,1
SYN-20251028-001949,2025-10-28T10:30:50.000Z,2025-10-28,2,17,10,69b66f179390b3e4eaa47110,regular,80,39676181,495952,-139,2,4,759600,60768,0,0,820368,379800,cash,unpaid,0,,0,4,0,0,preparing,3314.26,0,1,1
SYN-20250606-001950,2025-06-06T12:20:29.000Z,2025-06-06,5,19,6,69b66f179390b3e4eaa4710a,vip,300,150762893,502543,-283,2,2,374800,29984,30000,74960,359824,187400,momo,unpaid,1,HEALTHY20,1,1,0,0,completed,6768.44,0,0,1
SYN-20250510-001951,2025-05-10T06:17:08.000Z,2025-05-10,6,13,5,69b66f179390b3e4eaa47116,regular,82,38788483,473030,-310,1,1,139900,11192,30000,0,181092,139900,momo,paid,0,,0,0,0,1,completed,7422.49,0,0,0
SYN-20260203-001952,2026-02-03T12:13:03.000Z,2026-02-03,2,19,2,69b66f179390b3e4eaa4710a,vip,300,150762893,502543,-41,2,3,404700,32376,30000,75000,392076,202350,momo,paid,1,VEGGIE25,1,0,0,2,completed,960.56,0,0,0
SYN-20250724-001953,2025-07-24T14:02:13.000Z,2025-07-24,4,21,7,69b66f179390b3e4eaa4710a,vip,300,150762893,502543,-235,2,3,689700,55176,0,60000,684876,344850,momo,paid,1,PROTEIN10,0,0,2,1,completed,5614.74,0,0,0
SYN-20251018-001954,2025-10-18T05:18:08.000Z,2025-10-18,6,12,10,69b66f179390b3e4eaa4710a,vip,300,150762893,502543,-149,1,3,599700,47976,0,100000,547676,599700,momo,paid,1,HEALTHY20,0,3,0,0,delivering,3559.48,0,1,0
SYN-20250413-001955,2025-04-13T03:41:09.000Z,2025-04-13,0,10,4,69b66f189390b3e4eaa47134,regular,69,34548879,500708,-337,1,1,189900,15192,30000,0,235092,189900,cash,unpaid,0,,0,1,0,0,preparing,8073.09,0,1,1
SYN-20260228-001956,2026-02-28T02:49:13.000Z,2026-02-28,6,9,2,69b66f179390b3e4eaa4711f,regular,96,51556197,537044,-16,2,3,509700,40776,0,100000,450476,254850,momo,unpaid,1,HEALTHY20,0,2,0,1,completed,369.96,0,0,1
SYN-20260131-001957,2026-01-31T01:59:45.000Z,2026-01-31,6,8,1,69b66f179390b3e4eaa4710a,vip,300,150762893,502543,-44,2,3,474700,37976,30000,47470,495206,237350,momo,unpaid,1,WELCOME10,1,2,0,0,pending,1042.78,0,1,1
SYN-20250818-001958,2025-08-18T10:25:54.000Z,2025-08-18,1,17,8,69b66f189390b3e4eaa4712e,regular,66,32415979,491151,-210,2,2,394800,31584,30000,0,456384,197400,momo,unpaid,0,,0,1,1,0,confirmed,5018.35,0,1,1
SYN-20250721-001959,2025-07-21T07:29:23.000Z,2025-07-21,1,14,7,69b66f179390b3e4eaa47119,regular,49,23556582,480747,-238,2,4,939600,75168,0,120000,894768,469800,card,unpaid,1,FIRSTORDER30,0,2,2,0,delivering,5693.29,0,1,1
SYN-20250418-001960,2025-04-18T07:33:18.000Z,2025-04-18,5,14,4,69b66f179390b3e4eaa47125,regular,78,39418164,505361,-332,1,2,399800,31984,30000,0,461784,399800,cash,unpaid,0,,0,2,0,0,preparing,7949.22,0,1,1
SYN-20250726-001961,2025-07-26T08:39:39.000Z,2025-07-26,6,15,7,69b66f179390b3e4eaa4711c,regular,50,24230795,484616,-233,2,2,344800,27584,30000,0,402384,172400,card,paid,0,,1,1,0,0,completed,5572.12,0,0,0
SYN-20250618-001962,2025-06-18T10:45:48.000Z,2025-06-18,3,17,6,69b66f189390b3e4eaa4712e,regular,66,32415979,491151,-271,2,3,689700,55176,0,0,744876,344850,card,paid,0,,0,1,2,0,completed,6482.01,0,0,0
SYN-20260113-001963,2026-01-13T07:45:22.000Z,2026-01-13,2,14,1,69b66f179390b3e4eaa4711f,regular,96,51556197,537044,-62,2,5,839500,67160,0,80000,826660,419750,momo,unpaid,1,FLASH25,5,0,0,0,completed,1469.02,0,0,1
SYN-20250830-001964,2025-08-30T06:45:34.000Z,2025-08-30,6,13,8,69b66f179390b3e4eaa4710a,vip,300,150762893,502543,-198,1,1,249900,19992,30000,0,299892,249900,cash,paid,0,,0,0,1,0,completed,4734.02,0,0,0
SYN-20260207-001965,2026-02-07T02:38:31.000Z,2026-02-07,6,9,2,69b66f179390b3e4eaa47125,regular,78,39418164,505361,-37,1,2,319800,25584,30000,25000,350384,319800,momo,paid,1,FREESHIP,2,0,0,0,completed,874.14,0,0,0
SYN-20251214-001966,2025-12-14T01:54:02.000Z,2025-12-14,0,8,12,69b66f179390b3e4eaa4710a,vip,300,150762893,502543,-92,2,2,469800,37584,30000,25000,512384,234900,momo,unpaid,1,FREESHIP,0,1,1,0,preparing,2194.88,0,1,1
SYN-20260314-001967,2026-03-14T01:37:08.000Z,2026-03-14,6,8,3,69b66f179390b3e4eaa4710a,vip,300,150762893,502543,-2,1,2,359800,28784,30000,75000,343584,359800,momo,unpaid,1,VEGGIE25,0,2,0,0,confirmed,35.16,0,1,1
SYN-20260228-001968,2026-02-28T13:15:32.000Z,2026-02-28,6,20,2,69b66f179390b3e4eaa47128,regular,66,34270303,519247,-15,1,1,189900,15192,30000,0,235092,189900,cash,paid,0,,0,1,0,0,delivering,359.52,0,1,0
SYN-20250615-001969,2025-06-15T14:24:18.000Z,2025-06-15,0,21,6,69b66f179390b3e4eaa4710d,regular,128,62788236,490533,-273,2,2,409800,32784,30000,50000,422584,204900,momo,paid,1,EATOMO50K,0,2,0,0,completed,6550.37,0,0,0
SYN-20250725-001970,2025-07-25T04:36:22.000Z,2025-07-25,5,11,7,69b66f179390b3e4eaa4710a,vip,300,150762893,502543,-234,2,2,389800,31184,30000,25000,425984,194900,bank_transfer,paid,1,FREESHIP,0,0,1,1,completed,5600.17,0,0,0
SYN-20250615-001971,2025-06-15T02:02:35.000Z,2025-06-15,0,9,6,69b66f179390b3e4eaa4710a,vip,300,150762893,502543,-274,1,1,209900,16792,30000,25000,231692,209900,momo,paid,1,FREESHIP,0,1,0,0,completed,6562.73,0,0,0
SYN-20260226-001972,2026-02-26T05:22:54.000Z,2026-02-26,4,12,2,69b66f179390b3e4eaa47128,regular,66,34270303,519247,-18,2,3,679700,54376,0,100000,634076,339850,bank_transfer,paid,1,HEALTHY20,1,0,2,0,completed,415.4,0,0,0
SYN-20250613-001973,2025-06-13T08:32:46.000Z,2025-06-13,5,15,6,69b66f189390b3e4eaa47131,regular,82,38006436,463493,-276,2,4,669600,53568,0,0,723168,334800,momo,unpaid,0,,2,2,0,0,preparing,6604.23,0,1,1
SYN-20251202-001974,2025-12-02T06:16:13.000Z,2025-12-02,2,13,12,69b66f179390b3e4eaa47110,regular,80,39676181,495952,-104,2,3,419700,33576,30000,0,483276,209850,cash,paid,0,,2,0,0,1,completed,2478.51,0,0,0
SYN-20251110-001975,2025-11-10T02:47:15.000Z,2025-11-10,1,9,11,69b66f179390b3e4eaa4712b,regular,83,34910035,420603,-126,2,4,679600,54368,0,50000,683968,339800,bank_transfer,paid,1,EATOMO50K,0,4,0,0,delivering,3009.99,0,1,0
SYN-20250614-001976,2025-06-14T01:37:35.000Z,2025-06-14,6,8,6,69b66f179390b3e4eaa47116,regular,82,38788483,473030,-275,2,3,559700,44776,0,55970,548506,279850,card,paid,1,PROTEIN10,0,3,0,0,completed,6587.15,0,0,0
SYN-20260303-001977,2026-03-03T05:31:33.000Z,2026-03-03,2,12,3,69b66f179390b3e4eaa4710a,vip,300,150762893,502543,-13,2,2,449800,35984,30000,50000,465784,224900,momo,paid,1,EATOMO50K,0,1,1,0,completed,295.25,0,0,0
SYN-20250822-001978,2025-08-22T11:53:33.000Z,2025-08-22,5,18,8,69b66f189390b3e4eaa47131,regular,82,38006436,463493,-206,1,2,329800,26384,30000,25000,361184,329800,cash,unpaid,1,FREESHIP,0,2,0,0,pending,4920.89,0,1,1
SYN-20260223-001979,2026-02-23T08:28:57.000Z,2026-02-23,1,15,2,69b66f179390b3e4eaa47119,regular,49,23556582,480747,-21,2,3,639700,51176,0,80000,610876,319850,cash,unpaid,1,FLASH25,0,0,2,1,pending,484.3,0,1,1
SYN-20260312-001980,2026-03-12T06:48:35.000Z,2026-03-12,4,13,3,69b66f179390b3e4eaa47125,regular,78,39418164,505361,-4,2,2,459800,36784,30000,0,526584,229900,card,unpaid,0,,0,1,1,0,preparing,77.97,0,1,1
SYN-20260226-001981,2026-02-26T03:25:23.000Z,2026-02-26,4,10,2,69b66f179390b3e4eaa47125,regular,78,39418164,505361,-18,1,2,539800,43184,0,0,582984,539800,cash,unpaid,0,,0,0,2,0,confirmed,417.35,0,1,1
SYN-20260224-001982,2026-02-24T06:59:55.000Z,2026-02-24,2,13,2,69b66f179390b3e4eaa4710a,vip,300,150762893,502543,-20,2,4,974600,77968,0,0,1052568,487300,card,paid,0,,0,1,3,0,completed,461.78,0,0,0
SYN-20251101-001983,2025-11-01T01:33:49.000Z,2025-11-01,6,8,11,69b66f179390b3e4eaa47113,regular,89,41138137,462226,-135,2,5,989500,79160,0,0,1068660,494750,bank_transfer,paid,0,,0,5,0,0,completed,3227.21,0,0,0
SYN-20260117-001984,2026-01-17T06:48:56.000Z,2026-01-17,6,13,1,69b66f179390b3e4eaa4710d,regular,128,62788236,490533,-58,1,1,219900,17592,30000,0,267492,219900,cash,unpaid,0,,0,1,0,0,pending,1373.96,0,1,1
SYN-20260112-001985,2026-01-12T05:44:22.000Z,2026-01-12,1,12,1,69b66f179390b3e4eaa47116,regular,82,38788483,473030,-63,2,4,579600,46368,0,50000,575968,289800,card,paid,1,EATOMO50K,0,0,0,4,completed,1495.04,0,0,0
SYN-20260313-001986,2026-03-13T02:06:44.000Z,2026-03-13,5,9,3,69b66f179390b3e4eaa47125,regular,78,39418164,505361,-3,2,3,469700,37576,30000,0,537276,234850,momo,unpaid,0,,2,0,0,1,preparing,58.67,0,1,1
SYN-20250805-001987,2025-08-05T02:18:25.000Z,2025-08-05,2,9,8,69b66f179390b3e4eaa4710a,vip,300,150762893,502543,-223,1,1,129900,10392,30000,25000,145292,129900,card,unpaid,1,FREESHIP,0,0,0,1,preparing,5338.47,0,1,1
SYN-20251010-001988,2025-10-10T13:14:20.000Z,2025-10-10,5,20,10,69b66f179390b3e4eaa4710a,vip,300,150762893,502543,-157,1,3,509700,40776,0,25000,525476,509700,momo,unpaid,1,FREESHIP,3,0,0,0,delivering,3743.54,0,1,1
SYN-20260313-001989,2026-03-13T02:51:05.000Z,2026-03-13,5,9,3,69b66f179390b3e4eaa4710a,vip,300,150762893,502543,-3,2,4,809600,64768,0,120000,754368,404800,momo,paid,1,FIRSTORDER30,0,3,1,0,delivering,57.93,0,1,0
SYN-20260224-001990,2026-02-24T11:37:34.000Z,2026-02-24,2,18,2,69b66f179390b3e4eaa47110,regular,80,39676181,495952,-20,1,1,259900,20792,30000,0,310692,259900,card,paid,0,,0,0,1,0,completed,457.15,0,0,0
SYN-20260315-001991,2026-03-15T11:47:42.000Z,2026-03-15,0,18,3,69b66f179390b3e4eaa4711c,regular,50,24230795,484616,-1,2,3,549700,43976,0,50000,543676,274850,bank_transfer,unpaid,1,EATOMO50K,1,2,0,0,confirmed,0.98,0,0,1
SYN-20260307-001992,2026-03-07T03:04:10.000Z,2026-03-07,6,10,3,69b66f179390b3e4eaa47119,regular,49,23556582,480747,-9,2,2,509800,40784,0,75000,475584,254900,cash,unpaid,1,VEGGIE25,0,0,2,0,completed,201.71,0,0,1
SYN-20260129-001993,2026-01-29T05:05:40.000Z,2026-01-29,4,12,1,69b66f179390b3e4eaa47125,regular,78,39418164,505361,-46,2,3,559700,44776,0,100000,504476,279850,momo,unpaid,1,HEALTHY20,2,1,0,0,preparing,1087.68,0,1,1
SYN-20260106-001994,2026-01-06T01:06:57.000Z,2026-01-06,2,8,1,69b66f179390b3e4eaa47125,regular,78,39418164,505361,-69,2,3,519700,41576,0,50000,511276,259850,cash,paid,1,EATOMO50K,2,0,1,0,delivering,1643.66,0,1,0
SYN-20250820-001995,2025-08-20T09:50:47.000Z,2025-08-20,3,16,8,69b66f179390b3e4eaa47119,regular,49,23556582,480747,-208,2,3,509700,40776,0,0,550476,254850,momo,paid,0,,0,3,0,0,delivering,4970.93,0,1,0
SYN-20251001-001996,2025-10-01T11:02:00.000Z,2025-10-01,3,18,10,69b66f179390b3e4eaa47125,regular,78,39418164,505361,-166,2,3,479700,38376,30000,0,548076,239850,card,unpaid,0,,2,0,0,1,preparing,3961.74,0,1,1
SYN-20260304-001997,2026-03-04T04:58:42.000Z,2026-03-04,3,11,3,69b66f179390b3e4eaa4710a,vip,300,150762893,502543,-12,2,2,419800,33584,30000,80000,403384,209900,momo,paid,1,FLASH25,0,1,1,0,completed,271.8,0,0,0
SYN-20251227-001998,2025-12-27T04:43:32.000Z,2025-12-27,6,11,12,69b66f179390b3e4eaa47128,regular,66,34270303,519247,-79,2,3,739700,59176,0,0,798876,369850,momo,unpaid,0,,0,0,3,0,confirmed,1880.05,0,1,1
SYN-20251018-001999,2025-10-18T13:56:37.000Z,2025-10-18,6,20,10,69b66f189390b3e4eaa47131,regular,82,38006436,463493,-148,1,1,169900,13592,30000,0,213492,169900,bank_transfer,unpaid,0,,1,0,0,0,cancelled,3550.83,1,0,1
SYN-20250915-002000,2025-09-15T05:00:05.000Z,2025-09-15,1,12,9,69b66f179390b3e4eaa4712b,regular,83,34910035,420603,-182,1,2,439800,35184,30000,0,504984,439800,momo,unpaid,0,,0,0,2,0,confirmed,4351.78,0,1,1
SYN-20250804-002001,2025-08-04T11:28:16.000Z,2025-08-04,1,18,8,69b66f179390b3e4eaa4711f,regular,96,51556197,537044,-224,2,3,619700,49576,0,0,669276,309850,momo,paid,0,,0,2,1,0,completed,5353.31,0,0,0
SYN-20260314-002002,2026-03-14T04:54:48.000Z,2026-03-14,6,11,3,69b66f179390b3e4eaa47113,regular,89,41138137,462226,-2,1,2,329800,26384,30000,80000,306184,329800,momo,unpaid,1,FLASH25,2,0,0,0,preparing,31.86,0,1,1
SYN-20260226-002003,2026-02-26T09:42:47.000Z,2026-02-26,4,16,2,69b66f179390b3e4eaa4710a,vip,300,150762893,502543,-18,1,3,524700,41976,0,50000,516676,524700,card,paid,1,EATOMO50K,0,3,0,0,delivering,411.06,0,1,0
SYN-20251126-002004,2025-11-26T03:40:54.000Z,2025-11-26,3,10,11,69b66f179390b3e4eaa4710a,vip,300,150762893,502543,-110,2,3,649700,51976,0,0,701676,324850,bank_transfer,paid,0,,0,0,2,1,delivering,2625.1,0,1,0
SYN-20250628-002005,2025-06-28T14:29:01.000Z,2025-06-28,6,21,6,69b66f179390b3e4eaa4710a,vip,300,150762893,502543,-261,2,5,1169500,93560,0,60000,1203060,584750,card,unpaid,1,PROTEIN10,0,0,5,0,pending,6238.29,0,1,1
SYN-20251108-002006,2025-11-08T12:09:47.000Z,2025-11-08,6,19,11,69b66f189390b3e4eaa4712e,regular,66,32415979,491151,-128,2,3,469700,37576,30000,0,537276,234850,cash,paid,0,,0,2,0,1,completed,3048.61,0,0,0
SYN-20251226-002007,2025-12-26T13:38:06.000Z,2025-12-26,5,20,12,69b66f179390b3e4eaa47116,regular,82,38788483,473030,-79,2,3,474700,37976,30000,50000,492676,237350,momo,paid,1,EATOMO50K,2,1,0,0,completed,1895.14,0,0,0
SYN-20250429-002008,2025-04-29T08:11:03.000Z,2025-04-29,2,15,4,69b66f179390b3e4eaa47122,regular,84,40357330,480444,-321,1,3,569700,45576,0,0,615276,569700,cash,paid,0,,0,3,0,0,completed,7684.59,0,0,0
SYN-20260119-002009,2026-01-19T13:28:33.000Z,2026-01-19,1,20,1,69b66f179390b3e4eaa4710a,vip,300,150762893,502543,-56,2,4,799600,63968,0,100000,763568,399800,bank_transfer,unpaid,1,HEALTHY20,2,0,2,0,confirmed,1319.3,0,1,1
SYN-20250502-002010,2025-05-02T08:21:21.000Z,2025-05-02,5,15,5,69b66f179390b3e4eaa47125,regular,78,39418164,505361,-318,2,4,699600,55968,0,80000,675568,349800,momo,paid,1,SUMMER15,0,2,0,2,completed,7612.42,0,0,0
SYN-20251216-002011,2025-12-16T09:46:32.000Z,2025-12-16,2,16,12,69b66f179390b3e4eaa4710a,vip,300,150762893,502543,-90,2,3,589700,47176,0,0,636876,294850,bank_transfer,paid,0,,0,3,0,0,completed,2139,0,0,0
SYN-20260213-002012,2026-02-13T14:18:08.000Z,2026-02-13,5,21,2,69b66f179390b3e4eaa47113,regular,89,41138137,462226,-30,1,2,319800,25584,30000,0,375384,319800,momo,unpaid,0,,2,0,0,0,confirmed,718.48,0,1,1
SYN-20251102-002013,2025-11-02T09:36:41.000Z,2025-11-02,0,16,11,69b66f179390b3e4eaa47116,regular,82,38788483,473030,-133,2,3,544700,43576,0,100000,488276,272350,momo,paid,1,HEALTHY20,0,3,0,0,completed,3195.17,0,0,0
SYN-20250906-002014,2025-09-06T11:46:51.000Z,2025-09-06,6,18,9,69b66f179390b3e4eaa4710a,vip,300,150762893,502543,-191,1,1,149900,11992,30000,0,191892,149900,bank_transfer,unpaid,0,,1,0,0,0,confirmed,4561,0,1,1
SYN-20260305-002015,2026-03-05T05:36:36.000Z,2026-03-05,4,12,3,69b66f179390b3e4eaa47125,regular,78,39418164,505361,-11,1,1,269900,21592,30000,0,321492,269900,cash,unpaid,0,,0,0,1,0,preparing,247.17,0,1,1
SYN-20260313-002016,2026-03-13T05:53:10.000Z,2026-03-13,5,12,3,69b66f179390b3e4eaa4711f,regular,96,51556197,537044,-3,2,3,739700,59176,0,100000,698876,369850,card,paid,1,VIP100K,0,0,3,0,delivering,54.89,0,1,0
SYN-20251123-002017,2025-11-23T03:03:57.000Z,2025-11-23,0,10,11,69b66f179390b3e4eaa4710a,vip,300,150762893,502543,-113,2,3,609700,48776,0,100000,558476,304850,cash,paid,1,HEALTHY20,0,3,0,0,completed,2697.71,0,0,0
SYN-20251126-002018,2025-11-26T13:50:19.000Z,2025-11-26,3,20,11,69b66f179390b3e4eaa47119,regular,49,23556582,480747,-110,1,1,154900,12392,30000,0,197292,154900,momo,paid,0,,1,0,0,0,delivering,2614.94,0,1,0
SYN-20251123-002019,2025-11-23T13:50:28.000Z,2025-11-23,0,20,11,69b66f179390b3e4eaa4710a,vip,300,150762893,502543,-113,2,3,669700,53576,0,0,723276,334850,bank_transfer,unpaid,0,,0,2,1,0,confirmed,2686.94,0,1,1
SYN-20260314-002020,2026-03-14T06:55:05.000Z,2026-03-14,6,13,3,69b66f179390b3e4eaa47125,regular,78,39418164,505361,-2,2,2,429800,34384,30000,50000,444184,214900,card,paid,1,EATOMO50K,0,1,1,0,completed,29.86,0,0,0
SYN-20260216-002021,2026-02-16T14:41:39.000Z,2026-02-16,1,21,2,69b66f179390b3e4eaa4710a,vip,300,150762893,502543,-28,2,3,519700,41576,0,75000,486276,259850,card,unpaid,1,VEGGIE25,0,2,0,1,completed,646.08,0,0,1
SYN-20250917-002022,2025-09-17T13:19:12.000Z,2025-09-17,3,20,9,69b66f179390b3e4eaa4711f,regular,96,51556197,537044,-180,1,1,199900,15992,30000,0,245892,199900,cash,unpaid,0,,0,1,0,0,confirmed,4295.46,0,1,1
SYN-20260308-002023,2026-03-08T07:43:54.000Z,2026-03-08,0,14,3,69b66f189390b3e4eaa47134,regular,69,34548879,500708,-8,1,2,399800,31984,30000,25000,436784,399800,bank_transfer,paid,1,FREESHIP,0,2,0,0,delivering,173.05,0,1,0
SYN-20251229-002024,2025-12-29T11:00:25.000Z,2025-12-29,1,18,12,69b66f179390b3e4eaa47116,regular,82,38788483,473030,-76,2,2,449800,35984,30000,0,515784,224900,cash,unpaid,0,,0,1,1,0,pending,1825.77,0,1,1
SYN-20260203-002025,2026-02-03T10:29:32.000Z,2026-02-03,2,17,2,69b66f179390b3e4eaa4710a,vip,300,150762893,502543,-41,1,1,149900,11992,30000,44970,146922,149900,card,unpaid,1,FIRSTORDER30,1,0,0,0,delivering,962.29,0,1,1
SYN-20260305-002026,2026-03-05T11:10:50.000Z,2026-03-05,4,18,3,69b66f179390b3e4eaa47116,regular,82,38788483,473030,-10,2,3,549700,43976,0,0,593676,274850,cash,paid,0,,0,3,0,0,completed,241.6,0,0,0
SYN-20260202-002027,2026-02-02T11:21:06.000Z,2026-02-02,1,18,2,69b66f189390b3e4eaa47134,regular,69,34548879,500708,-42,1,1,239900,19192,30000,0,289092,239900,card,paid,0,,0,0,1,0,completed,985.43,0,0,0
SYN-20260114-002028,2026-01-14T05:27:59.000Z,2026-01-14,3,12,1,69b66f179390b3e4eaa47116,regular,82,38788483,473030,-61,2,2,364800,29184,30000,0,423984,182400,momo,paid,0,,1,1,0,0,completed,1447.31,0,0,0
SYN-20250523-002029,2025-05-23T06:31:30.000Z,2025-05-23,5,13,5,69b66f179390b3e4eaa47116,regular,82,38788483,473030,-297,2,2,519800,41584,0,0,561384,259900,cash,paid,0,,0,0,2,0,completed,7110.25,0,0,0
SYN-20251116-002030,2025-11-16T08:34:25.000Z,2025-11-16,0,15,11,69b66f179390b3e4eaa4710a,vip,300,150762893,502543,-120,2,3,689700,55176,0,60000,684876,344850,momo,paid,1,PROTEIN10,0,0,2,1,completed,2860.2,0,0,0
SYN-20260103-002031,2026-01-03T13:04:54.000Z,2026-01-03,6,20,1,69b66f179390b3e4eaa4710a,vip,300,150762893,502543,-72,2,2,409800,32784,30000,50000,422584,204900,cash,unpaid,1,EATOMO50K,0,2,0,0,confirmed,1703.7,0,1,1
SYN-20251024-002032,2025-10-24T08:06:56.000Z,2025-10-24,5,15,10,69b66f179390b3e4eaa4711f,regular,96,51556197,537044,-143,2,3,649700,51976,0,0,701676,324850,cash,unpaid,0,,0,2,1,0,preparing,3412.66,0,1,1
SYN-20250824-002033,2025-08-24T06:51:46.000Z,2025-08-24,0,13,8,69b66f179390b3e4eaa47116,regular,82,38788483,473030,-204,1,2,379800,30384,30000,113940,326244,379800,bank_transfer,unpaid,1,FIRSTORDER30,0,2,0,0,pending,4877.91,0,1,1
SYN-20251107-002034,2025-11-07T08:29:57.000Z,2025-11-07,5,15,11,69b66f179390b3e4eaa47122,regular,84,40357330,480444,-129,2,3,689700,55176,0,100000,644876,344850,card,unpaid,1,HEALTHY20,1,0,2,0,confirmed,3076.28,0,1,1
SYN-20251207-002035,2025-12-07T07:47:27.000Z,2025-12-07,0,14,12,69b66f179390b3e4eaa47128,regular,66,34270303,519247,-99,2,2,479800,38384,30000,25000,523184,239900,card,unpaid,1,FREESHIP,0,1,1,0,confirmed,2356.99,0,1,1
SYN-20250613-002036,2025-06-13T08:44:35.000Z,2025-06-13,5,15,6,69b66f179390b3e4eaa4711c,regular,50,24230795,484616,-276,2,2,389800,31184,30000,80000,370984,194900,cash,unpaid,1,FLASH25,1,0,1,0,confirmed,6604.03,0,1,1
SYN-20260303-002037,2026-03-03T08:57:48.000Z,2026-03-03,2,15,3,69b66f179390b3e4eaa4712b,regular,83,34910035,420603,-13,2,3,434700,34776,30000,0,499476,217350,momo,paid,0,,0,1,0,2,delivering,291.81,0,1,0
SYN-20260116-002038,2026-01-16T04:51:53.000Z,2026-01-16,5,11,1,69b66f179390b3e4eaa47128,regular,66,34270303,519247,-59,2,4,759600,60768,0,100000,720368,379800,cash,paid,1,HEALTHY20,2,0,2,0,completed,1399.91,0,0,0
SYN-20250328-002039,2025-03-28T03:24:09.000Z,2025-03-28,5,10,3,69b66f179390b3e4eaa4711c,regular,50,24230795,484616,-353,2,2,319800,25584,30000,0,375384,159900,cash,paid,0,,1,0,0,1,completed,8457.38,0,0,0
SYN-20250524-002040,2025-05-24T12:28:24.000Z,2025-05-24,6,19,5,69b66f189390b3e4eaa47134,regular,69,34548879,500708,-296,1,2,279800,22384,30000,0,332184,279800,cash,unpaid,0,,0,0,0,2,preparing,7080.3,0,1,1
SYN-20260304-002041,2026-03-04T03:48:52.000Z,2026-03-04,3,10,3,69b66f179390b3e4eaa4710a,vip,300,150762893,502543,-12,2,4,659600,52768,0,120000,592368,329800,momo,paid,1,FIRSTORDER30,2,2,0,0,completed,272.96,0,0,0
SYN-20260315-002042,2026-03-15T03:30:36.000Z,2026-03-15,0,10,3,69b66f179390b3e4eaa47113,regular,89,41138137,462226,-1,2,3,729700,58376,0,100000,688076,364850,card,paid,1,HEALTHY20,0,0,3,0,delivering,9.27,0,1,0
SYN-20251209-002043,2025-12-09T11:22:04.000Z,2025-12-09,2,18,12,69b66f179390b3e4eaa4710a,vip,300,150762893,502543,-97,1,1,149900,11992,30000,0,191892,149900,cash,paid,0,,0,0,0,1,delivering,2305.41,0,1,0
SYN-20251010-002044,2025-10-10T04:02:32.000Z,2025-10-10,5,11,10,69b66f179390b3e4eaa4711f,regular,96,51556197,537044,-157,1,2,479800,38384,30000,0,548184,479800,card,unpaid,0,,0,0,2,0,confirmed,3752.74,0,1,1
SYN-20251209-002045,2025-12-09T14:09:41.000Z,2025-12-09,2,21,12,69b66f179390b3e4eaa4711f,regular,96,51556197,537044,-97,2,2,334800,26784,30000,66960,324624,167400,momo,unpaid,1,HEALTHY20,1,1,0,0,confirmed,2302.62,0,1,1
SYN-20250821-002046,2025-08-21T05:17:35.000Z,2025-08-21,4,12,8,69b66f189390b3e4eaa47134,regular,69,34548879,500708,-207,2,2,369800,29584,30000,73960,355424,184900,bank_transfer,unpaid,1,HEALTHY20,0,2,0,0,confirmed,4951.48,0,1,1
SYN-20250724-002047,2025-07-24T13:31:38.000Z,2025-07-24,4,20,7,69b66f179390b3e4eaa4711c,regular,50,24230795,484616,-234,2,3,469700,37576,30000,80000,457276,234850,card,unpaid,1,FLASH25,1,0,0,2,preparing,5615.25,0,1,1
SYN-20250805-002048,2025-08-05T14:26:01.000Z,2025-08-05,2,21,8,69b66f179390b3e4eaa4710d,regular,128,62788236,490533,-222,1,2,379800,30384,30000,75000,365184,379800,cash,paid,1,VEGGIE25,0,2,0,0,completed,5326.34,0,0,0
SYN-20260313-002049,2026-03-13T06:19:37.000Z,2026-03-13,5,13,3,69b66f179390b3e4eaa4710d,regular,128,62788236,490533,-3,1,2,329800,26384,30000,50000,336184,329800,bank_transfer,unpaid,1,EATOMO50K,0,2,0,0,preparing,54.45,0,1,1
SYN-20251128-002050,2025-11-28T09:15:13.000Z,2025-11-28,5,16,11,69b66f179390b3e4eaa47116,regular,82,38788483,473030,-107,2,3,639700,51176,0,60000,630876,319850,cash,unpaid,1,PROTEIN10,0,2,1,0,preparing,2571.52,0,1,1
SYN-20251129-002051,2025-11-29T05:59:13.000Z,2025-11-29,6,12,11,69b66f179390b3e4eaa4710a,vip,300,150762893,502543,-107,1,1,129900,10392,30000,0,170292,129900,cash,unpaid,0,,0,0,0,1,confirmed,2550.79,0,1,1
SYN-20260126-002052,2026-01-26T01:06:46.000Z,2026-01-26,1,8,1,69b66f179390b3e4eaa47116,regular,82,38788483,473030,-49,1,2,499800,39984,30000,99960,469824,499800,momo,unpaid,1,HEALTHY20,0,0,2,0,pending,1163.66,0,1,1
SYN-20251022-002053,2025-10-22T06:11:03.000Z,2025-10-22,3,13,10,69b66f179390b3e4eaa4710a,vip,300,150762893,502543,-145,2,3,429700,34376,30000,0,494076,214850,cash,paid,0,,0,0,0,3,completed,3462.59,0,0,0
SYN-20250807-002054,2025-08-07T14:37:42.000Z,2025-08-07,4,21,8,69b66f179390b3e4eaa47128,regular,66,34270303,519247,-220,1,1,139900,11192,30000,0,181092,139900,momo,unpaid,0,,0,0,0,1,preparing,5278.15,0,1,1
SYN-20260126-002055,2026-01-26T13:47:51.000Z,2026-01-26,1,20,1,69b66f189390b3e4eaa47131,regular,82,38006436,463493,-48,1,2,349800,27984,30000,80000,327784,349800,card,paid,1,FLASH25,0,2,0,0,delivering,1150.98,0,1,0
SYN-20250811-002056,2025-08-11T11:51:19.000Z,2025-08-11,1,18,8,69b66f179390b3e4eaa47110,regular,80,39676181,495952,-217,2,3,544700,43576,0,50000,538276,272350,cash,paid,1,EATOMO50K,1,2,0,0,completed,5184.92,0,0,0
SYN-20251114-002057,2025-11-14T08:33:16.000Z,2025-11-14,5,15,11,69b66f179390b3e4eaa47128,regular,66,34270303,519247,-122,1,1,139900,11192,30000,25000,156092,139900,cash,unpaid,1,FREESHIP,1,0,0,0,preparing,2908.22,0,1,1
SYN-20260303-002058,2026-03-03T03:27:48.000Z,2026-03-03,2,10,3,69b66f179390b3e4eaa47122,regular,84,40357330,480444,-13,2,2,314800,25184,30000,25000,344984,157400,bank_transfer,unpaid,1,FREESHIP,1,0,0,1,preparing,297.31,0,1,1
SYN-20250706-002059,2025-07-06T02:02:30.000Z,2025-07-06,0,9,7,69b66f179390b3e4eaa47125,regular,78,39418164,505361,-253,2,3,759700,60776,0,75000,745476,379850,cash,paid,1,VEGGIE25,0,0,3,0,completed,6058.74,0,0,0
SYN-20260214-002060,2026-02-14T02:40:48.000Z,2026-02-14,6,9,2,69b66f189390b3e4eaa47131,regular,82,38006436,463493,-30,2,3,579700,46376,0,50000,576076,289850,card,paid,1,EATOMO50K,0,3,0,0,delivering,706.1,0,1,0
SYN-20250810-002061,2025-08-10T03:50:46.000Z,2025-08-10,0,10,8,69b66f179390b3e4eaa4710d,regular,128,62788236,490533,-218,1,1,164900,13192,30000,0,208092,164900,momo,paid,0,,0,1,0,0,completed,5216.93,0,0,0
SYN-20260312-002062,2026-03-12T05:18:23.000Z,2026-03-12,4,12,3,69b66f189390b3e4eaa4712e,regular,66,32415979,491151,-4,2,4,1019600,81568,0,75000,1026168,509800,momo,unpaid,1,VEGGIE25,0,0,4,0,confirmed,79.47,0,1,1
SYN-20250702-002063,2025-07-02T13:24:03.000Z,2025-07-02,3,20,7,69b66f179390b3e4eaa47128,regular,66,34270303,519247,-256,2,4,699600,55968,0,0,755568,349800,card,unpaid,0,,0,2,0,2,preparing,6143.38,0,1,1
SYN-20250905-002064,2025-09-05T05:58:04.000Z,2025-09-05,5,12,9,69b66f179390b3e4eaa47125,regular,78,39418164,505361,-192,1,1,189900,15192,30000,47475,187617,189900,momo,paid,1,FLASH25,0,1,0,0,completed,4590.81,0,0,0
SYN-20260228-002065,2026-02-28T12:02:06.000Z,2026-02-28,6,19,2,69b66f179390b3e4eaa47122,regular,84,40357330,480444,-15,1,1,139900,11192,30000,0,181092,139900,card,paid,0,,0,0,0,1,completed,360.74,0,0,0
SYN-20260222-002066,2026-02-22T12:23:56.000Z,2026-02-22,0,19,2,69b66f179390b3e4eaa4710d,regular,128,62788236,490533,-21,1,2,439800,35184,30000,43980,461004,439800,momo,unpaid,1,PROTEIN10,0,2,0,0,preparing,504.38,0,1,1
SYN-20251119-002067,2025-11-19T11:03:43.000Z,2025-11-19,3,18,11,69b66f189390b3e4eaa47131,regular,82,38006436,463493,-117,1,2,499800,39984,30000,49980,519804,499800,momo,paid,1,PROTEIN10,0,0,2,0,completed,2785.72,0,0,0
SYN-20260311-002068,2026-03-11T08:26:55.000Z,2026-03-11,3,15,3,69b66f179390b3e4eaa47110,regular,80,39676181,495952,-5,1,1,189900,15192,30000,0,235092,189900,bank_transfer,unpaid,0,,0,1,0,0,cancelled,100.33,1,0,1
SYN-20260308-002069,2026-03-08T13:45:43.000Z,2026-03-08,0,20,3,69b66f189390b3e4eaa47131,regular,82,38006436,463493,-7,2,2,429800,34384,30000,85960,408224,214900,card,unpaid,1,HEALTHY20,0,1,1,0,preparing,167.02,0,1,1
SYN-20260201-002070,2026-02-01T08:53:25.000Z,2026-02-01,0,15,2,69b66f179390b3e4eaa4710a,vip,300,150762893,502543,-43,2,3,629700,50376,0,100000,580076,314850,momo,paid,1,HEALTHY20,0,0,2,1,completed,1011.89,0,0,0
SYN-20260213-002071,2026-02-13T04:17:49.000Z,2026-02-13,5,11,2,69b66f179390b3e4eaa47128,regular,66,34270303,519247,-31,1,1,219900,17592,30000,54975,212517,219900,momo,unpaid,1,VEGGIE25,0,1,0,0,delivering,728.48,0,1,1
SYN-20250501-002072,2025-05-01T14:22:57.000Z,2025-05-01,4,21,5,69b66f179390b3e4eaa47110,regular,80,39676181,495952,-318,1,2,399800,31984,30000,50000,411784,399800,momo,paid,1,EATOMO50K,0,2,0,0,completed,7630.4,0,0,0
SYN-20260212-002073,2026-02-12T10:31:38.000Z,2026-02-12,4,17,2,69b66f179390b3e4eaa4711f,regular,96,51556197,537044,-32,2,3,614700,49176,0,60000,603876,307350,bank_transfer,unpaid,1,PROTEIN10,0,3,0,0,preparing,746.25,0,1,1
SYN-20250502-002074,2025-05-02T06:05:19.000Z,2025-05-02,5,13,5,69b66f179390b3e4eaa4710a,vip,300,150762893,502543,-318,2,3,629700,50376,0,60000,620076,314850,momo,unpaid,1,PROTEIN10,0,1,2,0,pending,7614.69,0,1,1
SYN-20251121-002075,2025-11-21T14:15:14.000Z,2025-11-21,5,21,11,69b66f189390b3e4eaa4712e,regular,66,32415979,491151,-114,1,2,379800,30384,30000,0,440184,379800,momo,paid,0,,0,2,0,0,completed,2734.52,0,0,0
SYN-20260302-002076,2026-03-02T11:19:55.000Z,2026-03-02,1,18,3,69b66f179390b3e4eaa4710d,regular,128,62788236,490533,-13,2,2,404800,32384,30000,80960,386224,202400,cash,unpaid,1,HEALTHY20,0,1,1,0,confirmed,313.45,0,1,1
SYN-20251005-002077,2025-10-05T02:10:16.000Z,2025-10-05,0,9,10,69b66f179390b3e4eaa47128,regular,66,34270303,519247,-162,2,2,339800,27184,30000,50000,346984,169900,cash,unpaid,1,EATOMO50K,0,1,0,1,confirmed,3874.61,0,1,1
SYN-20260122-002078,2026-01-22T02:00:27.000Z,2026-01-22,4,9,1,69b66f179390b3e4eaa4710d,regular,128,62788236,490533,-53,2,2,279800,22384,30000,69950,262234,139900,momo,paid,1,VEGGIE25,1,0,0,1,completed,1258.77,0,0,0
SYN-20250407-002079,2025-04-07T14:09:04.000Z,2025-04-07,1,21,4,69b66f189390b3e4eaa4712e,regular,66,32415979,491151,-342,1,1,219900,17592,30000,0,267492,219900,momo,paid,0,,0,0,1,0,delivering,8206.63,0,1,0
SYN-20260208-002080,2026-02-08T14:26:24.000Z,2026-02-08,0,21,2,69b66f179390b3e4eaa4710d,regular,128,62788236,490533,-35,2,3,499700,39976,30000,50000,519676,249850,card,paid,1,EATOMO50K,2,1,0,0,completed,838.34,0,0,0
SYN-20260221-002081,2026-02-21T08:59:45.000Z,2026-02-21,6,15,2,69b66f179390b3e4eaa4710d,regular,128,62788236,490533,-23,1,1,209900,16792,30000,52475,204217,209900,cash,paid,1,VEGGIE25,0,1,0,0,completed,531.78,0,0,0
SYN-20260308-002082,2026-03-08T02:25:44.000Z,2026-03-08,0,9,3,69b66f179390b3e4eaa4710a,vip,300,150762893,502543,-8,1,2,439800,35184,30000,0,504984,439800,card,unpaid,0,,0,2,0,0,preparing,178.35,0,1,1
SYN-20251202-002083,2025-12-02T03:20:51.000Z,2025-12-02,2,10,12,69b66f189390b3e4eaa4712e,regular,66,32415979,491151,-104,2,3,589700,47176,0,80000,556876,294850,momo,paid,1,FLASH25,0,3,0,0,completed,2481.43,0,0,0
SYN-20250504-002084,2025-05-04T04:37:06.000Z,2025-05-04,0,11,5,69b66f179390b3e4eaa4712b,regular,83,34910035,420603,-316,2,3,669700,53576,0,0,723276,334850,momo,paid,0,,0,2,1,0,delivering,7568.16,0,1,0
SYN-20250703-002085,2025-07-03T11:04:24.000Z,2025-07-03,4,18,7,69b66f179390b3e4eaa4710a,vip,300,150762893,502543,-256,1,2,379800,30384,30000,0,440184,379800,card,paid,0,,0,2,0,0,delivering,6121.7,0,1,0
SYN-20260218-002086,2026-02-18T04:46:41.000Z,2026-02-18,3,11,2,69b66f179390b3e4eaa4711f,regular,96,51556197,537044,-26,2,2,349800,27984,30000,0,407784,174900,card,unpaid,0,,1,1,0,0,pending,608,0,1,1
SYN-20260212-002087,2026-02-12T05:39:12.000Z,2026-02-12,4,12,2,69b66f189390b3e4eaa47131,regular,82,38006436,463493,-32,1,1,169900,13592,30000,50970,162522,169900,momo,paid,1,FIRSTORDER30,1,0,0,0,delivering,751.12,0,1,0
SYN-20260204-002088,2026-02-04T05:41:23.000Z,2026-02-04,3,12,2,69b66f179390b3e4eaa4710a,vip,300,150762893,502543,-40,1,2,359800,28784,30000,0,418584,359800,momo,unpaid,0,,0,2,0,0,confirmed,943.09,0,1,1
SYN-20250614-002089,2025-06-14T07:19:45.000Z,2025-06-14,6,14,6,69b66f179390b3e4eaa4710a,vip,300,150762893,502543,-275,2,4,1039600,83168,0,0,1122768,519800,card,unpaid,0,,0,0,4,0,preparing,6581.45,0,1,1
SYN-20260207-002090,2026-02-07T13:36:39.000Z,2026-02-07,6,20,2,69b66f179390b3e4eaa4710a,vip,300,150762893,502543,-37,2,3,519700,41576,0,0,561276,259850,momo,paid,0,,2,1,0,0,completed,863.17,0,0,0
SYN-20250902-002091,2025-09-02T03:19:44.000Z,2025-09-02,2,10,9,69b66f179390b3e4eaa4710a,vip,300,150762893,502543,-195,2,5,1029500,82360,0,100000,1011860,514750,cash,paid,1,HEALTHY20,0,5,0,0,completed,4665.45,0,0,0
SYN-20250613-002092,2025-06-13T08:36:39.000Z,2025-06-13,5,15,6,69b66f179390b3e4eaa47113,regular,89,41138137,462226,-276,1,1,219900,17592,30000,0,267492,219900,momo,paid,0,,0,1,0,0,completed,6604.17,0,0,0
SYN-20250603-002093,2025-06-03T07:38:50.000Z,2025-06-03,2,14,6,69b66f179390b3e4eaa47113,regular,89,41138137,462226,-286,1,2,329800,26384,30000,0,386184,329800,momo,unpaid,0,,0,2,0,0,completed,6845.13,0,0,1
SYN-20260223-002094,2026-02-23T11:19:12.000Z,2026-02-23,1,18,2,69b66f179390b3e4eaa4712b,regular,83,34910035,420603,-21,1,2,399800,31984,30000,79960,381824,399800,cash,paid,1,HEALTHY20,0,2,0,0,completed,481.46,0,0,0
SYN-20250707-002095,2025-07-07T03:17:48.000Z,2025-07-07,1,10,7,69b66f179390b3e4eaa4712b,regular,83,34910035,420603,-252,2,3,549700,43976,0,75000,518676,274850,momo,paid,1,VEGGIE25,0,3,0,0,completed,6033.48,0,0,0
SYN-20260112-002096,2026-01-12T05:25:16.000Z,2026-01-12,1,12,1,69b66f179390b3e4eaa4710d,regular,128,62788236,490533,-63,1,2,259800,20784,30000,77940,232644,259800,cash,unpaid,1,FIRSTORDER30,0,0,0,2,preparing,1495.36,0,1,1
SYN-20260211-002097,2026-02-11T06:17:12.000Z,2026-02-11,3,13,2,69b66f179390b3e4eaa47116,regular,82,38788483,473030,-33,2,3,539700,43176,0,50000,532876,269850,cash,unpaid,1,EATOMO50K,0,0,1,2,delivering,774.49,0,1,1
SYN-20250719-002098,2025-07-19T03:32:19.000Z,2025-07-19,6,10,7,69b66f179390b3e4eaa4710a,vip,300,150762893,502543,-240,2,2,349800,27984,30000,0,407784,174900,momo,unpaid,0,,1,1,0,0,confirmed,5745.24,0,1,1
SYN-20250724-002099,2025-07-24T03:27:51.000Z,2025-07-24,4,10,7,69b66f179390b3e4eaa4712b,regular,83,34910035,420603,-235,2,2,334800,26784,30000,33480,358104,167400,cash,paid,1,WELCOME10,1,1,0,0,completed,5625.31,0,0,0
SYN-20251121-002100,2025-11-21T04:50:28.000Z,2025-11-21,5,11,11,69b66f179390b3e4eaa47113,regular,89,41138137,462226,-115,2,3,549700,43976,0,0,593676,274850,card,paid,0,,0,2,0,1,delivering,2743.94,0,1,0
SYN-20250503-002101,2025-05-03T13:46:20.000Z,2025-05-03,6,20,5,69b66f179390b3e4eaa4710a,vip,300,150762893,502543,-317,2,4,639600,51168,0,100000,590768,319800,cash,unpaid,1,HEALTHY20,0,2,0,2,delivering,7583.01,0,1,1
SYN-20260315-002102,2026-03-15T02:13:34.000Z,2026-03-15,0,9,3,69b66f179390b3e4eaa4710a,vip,300,150762893,502543,-1,2,2,404800,32384,30000,25000,442184,202400,momo,paid,1,FREESHIP,1,0,1,0,completed,10.55,0,0,0
SYN-20250821-002103,2025-08-21T05:46:51.000Z,2025-08-21,4,12,8,69b66f179390b3e4eaa47125,regular,78,39418164,505361,-207,2,5,729500,58360,0,50000,737860,364750,cash,unpaid,1,EATOMO50K,0,0,0,5,preparing,4951,0,1,1
SYN-20260305-002104,2026-03-05T10:47:50.000Z,2026-03-05,4,17,3,69b66f179390b3e4eaa4712b,regular,83,34910035,420603,-11,1,1,189900,15192,30000,0,235092,189900,momo,unpaid,0,,0,1,0,0,cancelled,241.98,1,0,1
SYN-20260313-002105,2026-03-13T12:10:09.000Z,2026-03-13,5,19,3,69b66f189390b3e4eaa47134,regular,69,34548879,500708,-3,1,2,439800,35184,30000,87960,417024,439800,momo,unpaid,1,HEALTHY20,0,0,2,0,confirmed,48.61,0,1,1
SYN-20250502-002106,2025-05-02T05:41:16.000Z,2025-05-02,5,12,5,69b66f179390b3e4eaa47128,regular,66,34270303,519247,-318,2,4,729600,58368,0,75000,712968,364800,cash,paid,1,VEGGIE25,0,4,0,0,completed,7615.09,0,0,0
SYN-20250622-002107,2025-06-22T10:54:17.000Z,2025-06-22,0,17,6,69b66f179390b3e4eaa47110,regular,80,39676181,495952,-267,2,4,764600,61168,0,0,825768,382300,cash,paid,0,,0,3,1,0,completed,6385.87,0,0,0
SYN-20251005-002108,2025-10-05T08:19:11.000Z,2025-10-05,0,15,10,69b66f189390b3e4eaa47131,regular,82,38006436,463493,-162,2,5,1109500,88760,0,0,1198260,554750,momo,paid,0,,0,2,3,0,completed,3868.46,0,0,0
SYN-20251114-002109,2025-11-14T13:38:41.000Z,2025-11-14,5,20,11,69b66f179390b3e4eaa47125,regular,78,39418164,505361,-121,2,2,314800,25184,30000,0,369984,157400,momo,paid,0,,1,1,0,0,completed,2903.13,0,0,0
SYN-20250903-002110,2025-09-03T14:19:37.000Z,2025-09-03,3,21,9,69b66f179390b3e4eaa4711f,regular,96,51556197,537044,-193,2,2,359800,28784,30000,0,418584,179900,bank_transfer,unpaid,0,,1,1,0,0,confirmed,4630.45,0,1,1
SYN-20250919-002111,2025-09-19T07:22:53.000Z,2025-09-19,5,14,9,69b66f189390b3e4eaa47131,regular,82,38006436,463493,-178,1,1,269900,21592,30000,0,321492,269900,card,unpaid,0,,0,0,1,0,completed,4253.4,0,0,1
SYN-20250722-002112,2025-07-22T02:13:23.000Z,2025-07-22,2,9,7,69b66f179390b3e4eaa47110,regular,80,39676181,495952,-237,2,3,599700,47976,0,0,647676,299850,cash,unpaid,0,,0,3,0,0,preparing,5674.55,0,1,1
SYN-20250421-002113,2025-04-21T04:33:10.000Z,2025-04-21,1,11,4,69b66f189390b3e4eaa47131,regular,82,38006436,463493,-329,2,4,839600,67168,0,0,906768,419800,card,paid,0,,0,2,2,0,completed,7880.22,0,0,0
SYN-20250713-002114,2025-07-13T08:38:16.000Z,2025-07-13,0,15,7,69b66f179390b3e4eaa4710a,vip,300,150762893,502543,-246,1,2,499800,39984,30000,80000,489784,499800,momo,paid,1,FLASH25,0,0,2,0,delivering,5884.14,0,1,0
SYN-20260314-002115,2026-03-14T05:09:20.000Z,2026-03-14,6,12,3,69b66f179390b3e4eaa47110,regular,80,39676181,495952,-2,2,3,454700,36376,30000,0,521076,227350,cash,unpaid,0,,3,0,0,0,preparing,31.62,0,1,1
SYN-20250921-002116,2025-09-21T07:21:11.000Z,2025-09-21,0,14,9,69b66f179390b3e4eaa4710a,vip,300,150762893,502543,-176,2,2,449800,35984,30000,0,515784,224900,momo,paid,0,,0,1,1,0,completed,4205.42,0,0,0
SYN-20250524-002117,2025-05-24T09:26:39.000Z,2025-05-24,6,16,5,69b66f179390b3e4eaa4710a,vip,300,150762893,502543,-296,2,5,939500,75160,0,25000,989660,469750,momo,paid,1,FREESHIP,3,0,2,0,completed,7083.33,0,0,0
SYN-20250626-002118,2025-06-26T06:19:07.000Z,2025-06-26,4,13,6,69b66f179390b3e4eaa4710a,vip,300,150762893,502543,-263,2,2,419800,33584,30000,0,483384,209900,momo,paid,0,,0,1,1,0,delivering,6294.46,0,1,0
SYN-20260315-002119,2026-03-15T04:42:19.000Z,2026-03-15,0,11,3,69b66f179390b3e4eaa4710d,regular,128,62788236,490533,-1,2,3,619700,49576,0,0,669276,309850,momo,unpaid,0,,0,2,1,0,pending,8.07,0,1,1
SYN-20260301-002120,2026-03-01T06:49:22.000Z,2026-03-01,0,13,3,69b66f189390b3e4eaa47131,regular,82,38006436,463493,-15,1,2,259800,20784,30000,0,310584,259800,momo,paid,0,,0,0,0,2,completed,341.95,0,0,0
SYN-20250921-002121,2025-09-21T03:19:50.000Z,2025-09-21,0,10,9,69b66f179390b3e4eaa4710d,regular,128,62788236,490533,-176,2,3,449700,35976,30000,44970,470706,224850,card,unpaid,1,WELCOME10,0,1,0,2,preparing,4209.45,0,1,1
SYN-20260116-002122,2026-01-16T08:42:26.000Z,2026-01-16,5,15,1,69b66f179390b3e4eaa4710a,vip,300,150762893,502543,-59,2,2,429800,34384,30000,85960,408224,214900,momo,paid,1,HEALTHY20,0,1,1,0,completed,1396.07,0,0,0
SYN-20260312-002123,2026-03-12T12:55:17.000Z,2026-03-12,4,19,3,69b66f179390b3e4eaa4710a,vip,300,150762893,502543,-4,2,3,689700,55176,0,0,744876,344850,momo,paid,0,,0,1,2,0,completed,71.86,0,0,0
SYN-20250803-002124,2025-08-03T11:42:48.000Z,2025-08-03,0,18,8,69b66f179390b3e4eaa4710d,regular,128,62788236,490533,-224,1,1,149900,11992,30000,0,191892,149900,momo,paid,0,,1,0,0,0,completed,5377.06,0,0,0
SYN-20250701-002125,2025-07-01T03:12:59.000Z,2025-07-01,2,10,7,69b66f179390b3e4eaa4710a,vip,300,150762893,502543,-258,2,2,389800,31184,30000,116940,334044,194900,cash,paid,1,FIRSTORDER30,1,1,0,0,completed,6177.56,0,0,0
SYN-20250918-002126,2025-09-18T07:47:21.000Z,2025-09-18,4,14,9,69b66f179390b3e4eaa47113,regular,89,41138137,462226,-179,1,1,259900,20792,30000,51980,258712,259900,momo,unpaid,1,HEALTHY20,0,0,1,0,delivering,4276.99,0,1,1
SYN-20250611-002127,2025-06-11T07:24:34.000Z,2025-06-11,3,14,6,69b66f179390b3e4eaa47128,regular,66,34270303,519247,-278,1,1,189900,15192,30000,0,235092,189900,card,paid,0,,0,1,0,0,delivering,6653.37,0,1,0
SYN-20260205-002128,2026-02-05T06:28:10.000Z,2026-02-05,4,13,2,69b66f179390b3e4eaa4710a,vip,300,150762893,502543,-39,2,3,454700,36376,30000,0,521076,227350,card,paid,0,,3,0,0,0,delivering,918.31,0,1,0
SYN-20260117-002129,2026-01-17T11:25:06.000Z,2026-01-17,6,18,1,69b66f189390b3e4eaa4712e,regular,66,32415979,491151,-58,2,3,649700,51976,0,75000,626676,324850,cash,unpaid,1,VEGGIE25,0,0,2,1,pending,1369.36,0,1,1
SYN-20250903-002130,2025-09-03T08:04:29.000Z,2025-09-03,3,15,9,69b66f179390b3e4eaa4710a,vip,300,150762893,502543,-194,1,2,359800,28784,30000,0,418584,359800,card,paid,0,,2,0,0,0,completed,4636.7,0,0,0
SYN-20260118-002131,2026-01-18T08:33:11.000Z,2026-01-18,0,15,1,69b66f179390b3e4eaa4712b,regular,83,34910035,420603,-57,1,1,139900,11192,30000,0,181092,139900,bank_transfer,unpaid,0,,0,0,0,1,preparing,1348.22,0,1,1
SYN-20260222-002132,2026-02-22T07:25:33.000Z,2026-02-22,0,14,2,69b66f189390b3e4eaa47131,regular,82,38006436,463493,-22,2,2,359800,28784,30000,0,418584,179900,momo,paid,0,,0,1,0,1,completed,509.35,0,0,0
SYN-20250630-002133,2025-06-30T07:38:44.000Z,2025-06-30,1,14,6,69b66f179390b3e4eaa4710a,vip,300,150762893,502543,-259,2,3,624700,49976,0,0,674676,312350,cash,unpaid,0,,1,0,2,0,completed,6197.13,0,0,1
SYN-20250703-002134,2025-07-03T05:06:58.000Z,2025-07-03,4,12,7,69b66f179390b3e4eaa47128,regular,66,34270303,519247,-256,2,2,359800,28784,30000,0,418584,179900,cash,unpaid,0,,0,1,0,1,pending,6127.66,0,1,1
SYN-20260109-002135,2026-01-09T03:09:38.000Z,2026-01-09,5,10,1,69b66f179390b3e4eaa4710a,vip,300,150762893,502543,-66,1,1,179900,14392,30000,0,224292,179900,card,paid,0,,0,1,0,0,delivering,1569.62,0,1,0
SYN-20250813-002136,2025-08-13T12:49:27.000Z,2025-08-13,3,19,8,69b66f179390b3e4eaa4710a,vip,300,150762893,502543,-215,2,3,559700,44776,0,80000,524476,279850,momo,paid,1,SUMMER15,0,0,1,2,completed,5135.95,0,0,0
SYN-20251203-002137,2025-12-03T11:22:56.000Z,2025-12-03,3,18,12,69b66f179390b3e4eaa4711c,regular,50,24230795,484616,-103,2,3,519700,41576,0,100000,461276,259850,bank_transfer,unpaid,1,HEALTHY20,0,0,1,2,preparing,2449.4,0,1,1
SYN-20250425-002138,2025-04-25T03:01:08.000Z,2025-04-25,5,10,4,69b66f179390b3e4eaa47116,regular,82,38788483,473030,-325,1,1,179900,14392,30000,0,224292,179900,cash,refunded,0,,0,1,0,0,cancelled,7785.76,1,0,0
SYN-20260211-002139,2026-02-11T10:00:07.000Z,2026-02-11,3,17,2,69b66f189390b3e4eaa47131,regular,82,38006436,463493,-33,2,2,319800,25584,30000,79950,295434,159900,momo,paid,1,FLASH25,0,1,0,1,completed,770.78,0,0,0
SYN-20260116-002140,2026-01-16T11:42:53.000Z,2026-01-16,5,18,1,69b66f179390b3e4eaa4710a,vip,300,150762893,502543,-59,1,2,479800,38384,30000,95960,452224,479800,bank_transfer,unpaid,1,HEALTHY20,0,0,2,0,confirmed,1393.06,0,1,1
SYN-20260313-002141,2026-03-13T04:12:17.000Z,2026-03-13,5,11,3,69b66f179390b3e4eaa47110,regular,80,39676181,495952,-3,1,2,459800,36784,30000,0,526584,459800,card,unpaid,0,,0,0,2,0,pending,56.57,0,1,1
SYN-20251204-002142,2025-12-04T04:37:40.000Z,2025-12-04,4,11,12,69b66f189390b3e4eaa47131,regular,82,38006436,463493,-102,1,1,209900,16792,30000,52475,204217,209900,momo,paid,1,FLASH25,0,1,0,0,completed,2432.15,0,0,0
SYN-20251218-002143,2025-12-18T12:17:11.000Z,2025-12-18,4,19,12,69b66f179390b3e4eaa4712b,regular,83,34910035,420603,-88,2,3,559700,44776,0,100000,504476,279850,bank_transfer,paid,1,HEALTHY20,0,3,0,0,completed,2088.49,0,0,0
SYN-20260212-002144,2026-02-12T01:27:44.000Z,2026-02-12,4,8,2,69b66f179390b3e4eaa47125,regular,78,39418164,505361,-32,1,1,189900,15192,30000,0,235092,189900,card,paid,0,,0,1,0,0,completed,755.32,0,0,0
SYN-20250520-002145,2025-05-20T13:08:42.000Z,2025-05-20,2,20,5,69b66f179390b3e4eaa47119,regular,49,23556582,480747,-300,2,2,354800,28384,30000,0,413184,177400,bank_transfer,unpaid,0,,1,1,0,0,confirmed,7175.63,0,1,1
SYN-20260201-002146,2026-02-01T10:58:58.000Z,2026-02-01,0,17,2,69b66f179390b3e4eaa4710d,regular,128,62788236,490533,-42,2,4,809600,64768,0,0,874368,404800,card,unpaid,0,,0,3,1,0,pending,1009.79,0,1,1
SYN-20260311-002147,2026-03-11T01:20:46.000Z,2026-03-11,3,8,3,69b66f179390b3e4eaa4711f,regular,96,51556197,537044,-5,2,3,449700,35976,30000,0,515676,224850,card,paid,0,,0,1,0,2,delivering,107.43,0,1,0
SYN-20251224-002148,2025-12-24T01:57:55.000Z,2025-12-24,3,8,12,69b66f179390b3e4eaa47116,regular,82,38788483,473030,-82,1,1,239900,19192,30000,0,289092,239900,momo,unpaid,0,,0,0,1,0,pending,1954.81,0,1,1
SYN-20250423-002149,2025-04-23T13:51:23.000Z,2025-04-23,3,20,4,69b66f179390b3e4eaa4712b,regular,83,34910035,420603,-326,1,1,219900,17592,30000,0,267492,219900,cash,paid,0,,0,0,1,0,completed,7822.92,0,0,0
SYN-20260314-002150,2026-03-14T14:02:01.000Z,2026-03-14,6,21,3,69b66f189390b3e4eaa47131,regular,82,38006436,463493,-1,2,2,309800,24784,30000,0,364584,154900,cash,unpaid,0,,0,1,0,1,pending,22.74,0,1,1
SYN-20250428-002151,2025-04-28T04:29:05.000Z,2025-04-28,1,11,4,69b66f179390b3e4eaa4711c,regular,50,24230795,484616,-322,1,2,539800,43184,0,0,582984,539800,bank_transfer,unpaid,0,,0,0,2,0,confirmed,7712.29,0,1,1
SYN-20250415-002152,2025-04-15T11:29:39.000Z,2025-04-15,2,18,4,69b66f179390b3e4eaa4711f,regular,96,51556197,537044,-335,1,1,169900,13592,30000,0,213492,169900,momo,unpaid,0,,1,0,0,0,confirmed,8017.28,0,1,1
SYN-20260308-002153,2026-03-08T09:05:58.000Z,2026-03-08,0,16,3,69b66f179390b3e4eaa4711c,regular,50,24230795,484616,-8,2,3,644700,51576,0,0,696276,322350,momo,unpaid,0,,0,1,2,0,confirmed,171.68,0,1,1
SYN-20260228-002154,2026-02-28T14:13:53.000Z,2026-02-28,6,21,2,69b66f179390b3e4eaa47116,regular,82,38788483,473030,-15,2,3,579700,46376,0,100000,526076,289850,card,unpaid,1,HEALTHY20,1,2,0,0,preparing,358.55,0,1,1
SYN-20260301-002155,2026-03-01T04:06:49.000Z,2026-03-01,0,11,3,69b66f179390b3e4eaa47116,regular,82,38788483,473030,-15,1,1,269900,21592,30000,67475,254017,269900,card,paid,1,VEGGIE25,0,0,1,0,delivering,344.66,0,1,0
SYN-20260306-002156,2026-03-06T07:18:46.000Z,2026-03-06,5,14,3,69b66f179390b3e4eaa47125,regular,78,39418164,505361,-10,2,2,279800,22384,30000,0,332184,139900,momo,paid,0,,0,0,0,2,completed,221.46,0,0,0
SYN-20260315-002157,2026-03-15T10:12:44.000Z,2026-03-15,0,17,3,69b66f189390b3e4eaa4712e,regular,66,32415979,491151,-1,1,1,174900,13992,30000,0,218892,174900,bank_transfer,unpaid,0,,0,1,0,0,preparing,2.57,0,1,1
SYN-20260312-002158,2026-03-12T09:16:41.000Z,2026-03-12,4,16,3,69b66f179390b3e4eaa4710d,regular,128,62788236,490533,-4,2,3,464700,37176,30000,0,531876,232350,cash,paid,0,,1,0,0,2,completed,75.5,0,0,0
SYN-20260117-002159,2026-01-17T08:01:22.000Z,2026-01-17,6,15,1,69b66f189390b3e4eaa47131,regular,82,38006436,463493,-58,2,3,669700,53576,0,0,723276,334850,card,paid,0,,0,0,2,1,completed,1372.75,0,0,0
SYN-20260117-002160,2026-01-17T11:13:10.000Z,2026-01-17,6,18,1,69b66f179390b3e4eaa4710a,vip,300,150762893,502543,-58,2,4,1059600,84768,0,60000,1084368,529800,momo,paid,1,PROTEIN10,0,0,4,0,completed,1369.56,0,0,0
SYN-20260221-002161,2026-02-21T03:11:11.000Z,2026-02-21,6,10,2,69b66f179390b3e4eaa4710a,vip,300,150762893,502543,-23,1,1,219900,17592,30000,0,267492,219900,cash,paid,0,,0,1,0,0,completed,537.59,0,0,0
SYN-20251120-002162,2025-11-20T06:05:55.000Z,2025-11-20,4,13,11,69b66f179390b3e4eaa4710a,vip,300,150762893,502543,-116,2,3,519700,41576,0,50000,511276,259850,cash,unpaid,1,WELCOME10,2,1,0,0,preparing,2766.68,0,1,1
SYN-20250518-002163,2025-05-18T01:21:21.000Z,2025-05-18,0,8,5,69b66f179390b3e4eaa4710a,vip,300,150762893,502543,-302,1,2,539800,43184,0,80000,502984,539800,card,paid,1,FLASH25,0,0,2,0,completed,7235.42,0,0,0
SYN-20260106-002164,2026-01-06T05:25:59.000Z,2026-01-06,2,12,1,69b66f179390b3e4eaa47125,regular,78,39418164,505361,-69,2,4,639600,51168,0,80000,610768,319800,momo,paid,1,SUMMER15,0,2,0,2,delivering,1639.34,0,1,0
SYN-20250829-002165,2025-08-29T10:56:33.000Z,2025-08-29,5,17,8,69b66f179390b3e4eaa47119,regular,49,23556582,480747,-199,2,4,759600,60768,0,75000,745368,379800,cash,unpaid,1,VEGGIE25,0,4,0,0,preparing,4753.84,0,1,1
SYN-20251231-002166,2025-12-31T01:42:03.000Z,2025-12-31,3,8,12,69b66f179390b3e4eaa4710d,regular,128,62788236,490533,-75,2,3,559700,44776,0,0,604476,279850,cash,paid,0,,2,0,1,0,completed,1787.08,0,0,0
SYN-20260221-002167,2026-02-21T09:52:23.000Z,2026-02-21,6,16,2,69b66f179390b3e4eaa47119,regular,49,23556582,480747,-23,1,1,199900,15992,30000,49975,195917,199900,momo,paid,1,FLASH25,0,1,0,0,completed,530.9,0,0,0
SYN-20260108-002168,2026-01-08T12:37:02.000Z,2026-01-08,4,19,1,69b66f179390b3e4eaa47116,regular,82,38788483,473030,-66,1,2,329800,26384,30000,32980,353204,329800,momo,paid,1,PROTEIN10,0,2,0,0,completed,1584.16,0,0,0
SYN-20251219-002169,2025-12-19T04:25:31.000Z,2025-12-19,5,11,12,69b66f179390b3e4eaa47110,regular,80,39676181,495952,-87,1,1,249900,19992,30000,0,299892,249900,cash,paid,0,,0,0,1,0,completed,2072.35,0,0,0
SYN-20260309-002170,2026-03-09T03:39:24.000Z,2026-03-09,1,10,3,69b66f179390b3e4eaa47122,regular,84,40357330,480444,-7,2,4,579600,46368,0,120000,505968,289800,momo,unpaid,1,FIRSTORDER30,0,0,0,4,pending,153.12,0,1,1
SYN-20251031-002171,2025-10-31T08:25:38.000Z,2025-10-31,5,15,10,69b66f179390b3e4eaa47116,regular,82,38788483,473030,-136,2,2,369800,29584,30000,80000,349384,184900,cash,paid,1,FLASH25,0,2,0,0,completed,3244.35,0,0,0
SYN-20260313-002172,2026-03-13T01:14:48.000Z,2026-03-13,5,8,3,69b66f179390b3e4eaa47110,regular,80,39676181,495952,-3,1,2,299800,23984,30000,0,353784,299800,cash,unpaid,0,,0,0,0,2,preparing,59.53,0,1,1
SYN-20250404-002173,2025-04-04T12:03:47.000Z,2025-04-04,5,19,4,69b66f179390b3e4eaa47116,regular,82,38788483,473030,-345,2,3,429700,34376,30000,0,494076,214850,card,paid,0,,1,0,0,2,completed,8280.71,0,0,0
SYN-20260204-002174,2026-02-04T11:34:50.000Z,2026-02-04,3,18,2,69b66f179390b3e4eaa4710d,regular,128,62788236,490533,-39,1,2,439800,35184,30000,0,504984,439800,card,unpaid,0,,0,0,2,0,pending,937.2,0,1,1
SYN-20251030-002175,2025-10-30T13:58:06.000Z,2025-10-30,4,20,10,69b66f179390b3e4eaa4710d,regular,128,62788236,490533,-136,1,1,239900,19192,30000,0,289092,239900,bank_transfer,paid,0,,0,0,1,0,completed,3262.81,0,0,0
SYN-20250603-002176,2025-06-03T09:22:52.000Z,2025-06-03,2,16,6,69b66f179390b3e4eaa4712b,regular,83,34910035,420603,-286,2,2,409800,32784,30000,0,472584,204900,momo,unpaid,0,,0,2,0,0,preparing,6843.4,0,1,1
SYN-20251221-002177,2025-12-21T08:40:05.000Z,2025-12-21,0,15,12,69b66f179390b3e4eaa4710a,vip,300,150762893,502543,-85,2,2,329800,26384,30000,65960,320224,164900,momo,paid,1,HEALTHY20,2,0,0,0,completed,2020.11,0,0,0
SYN-20250706-002178,2025-07-06T05:09:38.000Z,2025-07-06,0,12,7,69b66f179390b3e4eaa47113,regular,89,41138137,462226,-253,2,3,629700,50376,0,0,680076,314850,bank_transfer,unpaid,0,,0,2,1,0,pending,6055.62,0,1,1
SYN-20250507-002179,2025-05-07T02:13:54.000Z,2025-05-07,3,9,5,69b66f179390b3e4eaa47116,regular,82,38788483,473030,-313,2,2,349800,27984,30000,25000,382784,174900,momo,paid,1,FREESHIP,1,1,0,0,delivering,7498.55,0,1,0
SYN-20250604-002180,2025-06-04T01:46:05.000Z,2025-06-04,3,8,6,69b66f179390b3e4eaa4710d,regular,128,62788236,490533,-285,1,2,439800,35184,30000,0,504984,439800,card,paid,0,,0,0,2,0,completed,6827.01,0,0,0
SYN-20260226-002181,2026-02-26T09:46:12.000Z,2026-02-26,4,16,2,69b66f179390b3e4eaa4711f,regular,96,51556197,537044,-18,1,2,379800,30384,30000,50000,390184,379800,card,paid,1,EATOMO50K,0,2,0,0,completed,411.01,0,0,0
SYN-20250413-002182,2025-04-13T01:22:05.000Z,2025-04-13,0,8,4,69b66f179390b3e4eaa4711f,regular,96,51556197,537044,-337,1,2,259800,20784,30000,0,310584,259800,momo,paid,0,,0,0,0,2,completed,8075.41,0,0,0
SYN-20250803-002183,2025-08-03T14:19:46.000Z,2025-08-03,0,21,8,69b66f179390b3e4eaa4712b,regular,83,34910035,420603,-224,2,2,279800,22384,30000,69950,262234,139900,card,paid,1,VEGGIE25,0,0,0,2,delivering,5374.45,0,1,0
SYN-20250926-002184,2025-09-26T10:13:53.000Z,2025-09-26,5,17,9,69b66f179390b3e4eaa4712b,regular,83,34910035,420603,-171,1,1,249900,19992,30000,49980,249912,249900,cash,paid,1,HEALTHY20,0,0,1,0,completed,4082.55,0,0,0
SYN-20260315-002185,2026-03-15T05:26:50.000Z,2026-03-15,0,12,3,69b66f179390b3e4eaa47116,regular,82,38788483,473030,-1,2,3,444700,35576,30000,0,510276,222350,momo,paid,0,,3,0,0,0,completed,7.33,0,0,0
SYN-20250503-002186,2025-05-03T04:31:27.000Z,2025-05-03,6,11,5,69b66f179390b3e4eaa4712b,regular,83,34910035,420603,-317,2,3,619700,49576,0,75000,594276,309850,momo,unpaid,1,VEGGIE25,0,3,0,0,cancelled,7592.25,1,0,1
SYN-20260102-002187,2026-01-02T07:06:20.000Z,2026-01-02,5,14,1,69b66f179390b3e4eaa4710d,regular,128,62788236,490533,-73,2,4,759600,60768,0,75000,745368,379800,momo,unpaid,1,VEGGIE25,0,4,0,0,completed,1733.67,0,0,1
SYN-20260216-002188,2026-02-16T03:51:38.000Z,2026-02-16,1,10,2,69b66f179390b3e4eaa4710a,vip,300,150762893,502543,-28,2,3,659700,52776,0,50000,662476,329850,momo,paid,1,EATOMO50K,0,0,2,1,completed,656.92,0,0,0
SYN-20260126-002189,2026-01-26T05:09:31.000Z,2026-01-26,1,12,1,69b66f179390b3e4eaa47110,regular,80,39676181,495952,-49,2,3,499700,39976,30000,99940,469736,249850,momo,unpaid,1,HEALTHY20,0,2,0,1,confirmed,1159.62,0,1,1
SYN-20251203-002190,2025-12-03T06:03:31.000Z,2025-12-03,3,13,12,69b66f179390b3e4eaa4712b,regular,83,34910035,420603,-103,1,1,139900,11192,30000,0,181092,139900,card,paid,0,,0,0,0,1,completed,2454.72,0,0,0
SYN-20251006-002191,2025-10-06T09:57:00.000Z,2025-10-06,1,16,10,69b66f179390b3e4eaa4711f,regular,96,51556197,537044,-161,2,3,654700,52376,0,75000,632076,327350,momo,unpaid,1,VEGGIE25,0,1,2,0,preparing,3842.83,0,1,1
SYN-20260304-002192,2026-03-04T05:41:53.000Z,2026-03-04,3,12,3,69b66f179390b3e4eaa4710d,regular,128,62788236,490533,-12,2,3,609700,48776,0,75000,583476,304850,bank_transfer,paid,1,VEGGIE25,2,0,1,0,completed,271.08,0,0,0
SYN-20250907-002193,2025-09-07T01:37:22.000Z,2025-09-07,0,8,9,69b66f179390b3e4eaa4710a,vip,300,150762893,502543,-190,1,2,499800,39984,30000,0,569784,499800,card,paid,0,,0,0,2,0,delivering,4547.15,0,1,0
SYN-20260207-002194,2026-02-07T02:00:54.000Z,2026-02-07,6,9,2,69b66f179390b3e4eaa47128,regular,66,34270303,519247,-37,1,1,249900,19992,30000,0,299892,249900,momo,unpaid,0,,0,0,1,0,preparing,874.76,0,1,1
SYN-20260314-002195,2026-03-14T07:50:16.000Z,2026-03-14,6,14,3,69b66f179390b3e4eaa47119,regular,49,23556582,480747,-2,2,2,409800,32784,30000,120000,352584,204900,cash,paid,1,FIRSTORDER30,0,1,1,0,delivering,28.94,0,1,0
SYN-20250614-002196,2025-06-14T13:06:33.000Z,2025-06-14,6,20,6,69b66f179390b3e4eaa47128,regular,66,34270303,519247,-274,2,4,759600,60768,0,80000,740368,379800,card,paid,1,FLASH25,0,0,2,2,completed,6575.67,0,0,0
SYN-20260121-002197,2026-01-21T04:20:30.000Z,2026-01-21,3,11,1,69b66f179390b3e4eaa4711f,regular,96,51556197,537044,-54,2,3,524700,41976,0,0,566676,262350,momo,unpaid,0,,1,2,0,0,confirmed,1280.44,0,1,1
SYN-20260306-002198,2026-03-06T13:10:37.000Z,2026-03-06,5,20,3,69b66f189390b3e4eaa47131,regular,82,38006436,463493,-10,2,2,479800,38384,30000,0,548184,239900,cash,paid,0,,0,0,2,0,completed,215.6,0,0,0
SYN-20260220-002199,2026-02-20T14:29:52.000Z,2026-02-20,5,21,2,69b66f179390b3e4eaa4710d,regular,128,62788236,490533,-23,2,4,739600,59168,0,0,798768,369800,card,paid,0,,0,3,0,1,completed,550.28,0,0,0
SYN-20260213-002200,2026-02-13T08:27:07.000Z,2026-02-13,5,15,2,69b66f189390b3e4eaa47131,regular,82,38006436,463493,-31,2,2,279800,22384,30000,0,332184,139900,momo,paid,0,,1,0,0,1,completed,724.33,0,0,0
SYN-20251130-002201,2025-11-30T07:37:10.000Z,2025-11-30,0,14,11,69b66f179390b3e4eaa4710a,vip,300,150762893,502543,-106,2,3,634700,50776,0,75000,610476,317350,cash,paid,1,VEGGIE25,1,0,2,0,completed,2525.16,0,0,0
SYN-20260206-002202,2026-02-06T07:49:22.000Z,2026-02-06,5,14,2,69b66f179390b3e4eaa4710a,vip,300,150762893,502543,-38,2,3,519700,41576,0,80000,481276,259850,card,paid,1,FLASH25,1,2,0,0,delivering,892.95,0,1,0
SYN-20260203-002203,2026-02-03T08:45:43.000Z,2026-02-03,2,15,2,69b66f189390b3e4eaa47134,regular,69,34548879,500708,-41,2,4,694600,55568,0,0,750168,347300,card,paid,0,,0,4,0,0,completed,964.02,0,0,0
SYN-20250509-002204,2025-05-09T11:52:33.000Z,2025-05-09,5,18,5,69b66f179390b3e4eaa47113,regular,89,41138137,462226,-311,1,1,249900,19992,30000,25000,274892,249900,bank_transfer,unpaid,1,FREESHIP,0,0,1,0,preparing,7440.9,0,1,1
SYN-20251116-002205,2025-11-16T08:50:11.000Z,2025-11-16,0,15,11,69b66f179390b3e4eaa47122,regular,84,40357330,480444,-120,2,2,414800,33184,30000,75000,402984,207400,momo,paid,1,VEGGIE25,0,1,1,0,delivering,2859.94,0,1,0
SYN-20260108-002206,2026-01-08T13:16:08.000Z,2026-01-08,4,20,1,69b66f179390b3e4eaa47113,regular,89,41138137,462226,-66,2,2,329800,26384,30000,0,386184,164900,card,paid,0,,1,0,0,1,delivering,1583.51,0,1,0
SYN-20251128-002207,2025-11-28T05:15:40.000Z,2025-11-28,5,12,11,69b66f189390b3e4eaa4712e,regular,66,32415979,491151,-108,1,2,279800,22384,30000,0,332184,279800,cash,paid,0,,0,0,0,2,completed,2575.52,0,0,0
SYN-20260114-002208,2026-01-14T03:42:37.000Z,2026-01-14,3,10,1,69b66f189390b3e4eaa47131,regular,82,38006436,463493,-61,2,4,559600,44768,0,50000,554368,279800,momo,unpaid,1,EATOMO50K,0,0,0,4,confirmed,1449.07,0,1,1
SYN-20260225-002209,2026-02-25T14:17:19.000Z,2026-02-25,3,21,2,69b66f179390b3e4eaa47110,regular,80,39676181,495952,-18,2,3,539700,43176,0,53970,528906,269850,card,unpaid,1,PROTEIN10,2,0,1,0,preparing,430.49,0,1,1
SYN-20260315-002210,2026-03-15T01:56:34.000Z,2026-03-15,0,8,3,69b66f189390b3e4eaa4712e,regular,66,32415979,491151,-1,1,2,379800,30384,30000,0,440184,379800,cash,unpaid,0,,0,2,0,0,preparing,10.83,0,1,1
SYN-20260313-002211,2026-03-13T06:09:33.000Z,2026-03-13,5,13,3,69b66f179390b3e4eaa47116,regular,82,38788483,473030,-3,2,2,339800,27184,30000,0,396984,169900,card,unpaid,0,,0,1,0,1,pending,54.62,0,1,1
SYN-20260211-002212,2026-02-11T04:08:41.000Z,2026-02-11,3,11,2,69b66f179390b3e4eaa47125,regular,78,39418164,505361,-33,1,2,379800,30384,30000,0,440184,379800,bank_transfer,paid,0,,0,2,0,0,completed,776.63,0,0,0
SYN-20260225-002213,2026-02-25T01:16:39.000Z,2026-02-25,3,8,2,69b66f179390b3e4eaa47113,regular,89,41138137,462226,-19,2,3,729700,58376,0,0,788076,364850,card,unpaid,0,,0,0,3,0,preparing,443.5,0,1,1
SYN-20260102-002214,2026-01-02T06:08:16.000Z,2026-01-02,5,13,1,69b66f179390b3e4eaa4710a,vip,300,150762893,502543,-73,2,2,489800,39184,30000,75000,483984,244900,momo,paid,1,VEGGIE25,0,0,2,0,completed,1734.64,0,0,0
SYN-20251223-002215,2025-12-23T11:16:05.000Z,2025-12-23,2,18,12,69b66f189390b3e4eaa47131,regular,82,38006436,463493,-83,1,1,189900,15192,30000,0,235092,189900,card,unpaid,0,,0,1,0,0,preparing,1969.51,0,1,1
SYN-20251117-002216,2025-11-17T07:07:18.000Z,2025-11-17,1,14,11,69b66f179390b3e4eaa47116,regular,82,38788483,473030,-119,2,4,739600,59168,0,0,798768,369800,momo,paid,0,,0,3,0,1,completed,2837.66,0,0,0
SYN-20250909-002217,2025-09-09T08:09:38.000Z,2025-09-09,2,15,9,69b66f179390b3e4eaa47116,regular,82,38788483,473030,-188,2,4,679600,54368,0,0,733968,339800,card,unpaid,0,,0,2,0,2,preparing,4492.62,0,1,1
SYN-20260315-002218,2026-03-15T09:13:58.000Z,2026-03-15,0,16,3,69b66f179390b3e4eaa4711f,regular,96,51556197,537044,-1,1,1,174900,13992,30000,0,218892,174900,momo,unpaid,0,,0,1,0,0,pending,3.54,0,1,1
SYN-20251102-002219,2025-11-02T01:50:39.000Z,2025-11-02,0,8,11,69b66f189390b3e4eaa47134,regular,69,34548879,500708,-134,2,2,429800,34384,30000,75000,419184,214900,card,unpaid,1,VEGGIE25,1,0,1,0,completed,3202.93,0,0,1
SYN-20250912-002220,2025-09-12T13:14:00.000Z,2025-09-12,5,20,9,69b66f179390b3e4eaa4710d,regular,128,62788236,490533,-184,2,4,689600,55168,0,0,744768,344800,momo,paid,0,,2,2,0,0,delivering,4415.54,0,1,0
SYN-20260113-002221,2026-01-13T12:32:45.000Z,2026-01-13,2,19,1,69b66f179390b3e4eaa4710a,vip,300,150762893,502543,-62,2,2,294800,23584,30000,58960,289424,147400,card,paid,1,HEALTHY20,1,0,0,1,delivering,1464.23,0,1,0
SYN-20250319-002222,2025-03-19T12:48:20.000Z,2025-03-19,3,19,3,69b66f179390b3e4eaa47128,regular,66,34270303,519247,-361,2,3,469700,37576,30000,50000,487276,234850,bank_transfer,unpaid,1,EATOMO50K,1,0,0,2,preparing,8663.97,0,1,1
SYN-20251129-002223,2025-11-29T04:57:41.000Z,2025-11-29,6,11,11,69b66f189390b3e4eaa4712e,regular,66,32415979,491151,-107,2,2,369800,29584,30000,36980,392404,184900,cash,unpaid,1,PROTEIN10,1,1,0,0,completed,2551.82,0,0,1
SYN-20250617-002224,2025-06-17T14:10:42.000Z,2025-06-17,2,21,6,69b66f179390b3e4eaa4710a,vip,300,150762893,502543,-272,2,4,629600,50368,0,50000,629968,314800,momo,unpaid,1,EATOMO50K,0,2,0,2,confirmed,6502.6,0,1,1
SYN-20260225-002225,2026-02-25T13:44:00.000Z,2026-02-25,3,20,2,69b66f179390b3e4eaa47116,regular,82,38788483,473030,-18,2,2,334800,26784,30000,0,391584,167400,momo,paid,0,,1,1,0,0,completed,431.04,0,0,0
SYN-20260217-002226,2026-02-17T14:11:32.000Z,2026-02-17,2,21,2,69b66f179390b3e4eaa47110,regular,80,39676181,495952,-26,2,4,709600,56768,0,0,766368,354800,bank_transfer,paid,0,,0,4,0,0,delivering,622.59,0,1,0
SYN-20250828-002227,2025-08-28T11:31:43.000Z,2025-08-28,4,18,8,69b66f179390b3e4eaa4710a,vip,300,150762893,502543,-200,2,4,699600,55968,0,0,755568,349800,cash,unpaid,0,,2,2,0,0,completed,4777.25,0,0,1
SYN-20250903-002228,2025-09-03T13:49:04.000Z,2025-09-03,3,20,9,69b66f179390b3e4eaa4711f,regular,96,51556197,537044,-194,2,3,429700,34376,30000,0,494076,214850,card,unpaid,0,,3,0,0,0,completed,4630.96,0,0,1
SYN-20251127-002229,2025-11-27T09:13:19.000Z,2025-11-27,4,16,11,69b66f179390b3e4eaa47125,regular,78,39418164,505361,-109,1,2,309800,24784,30000,30980,333604,309800,card,unpaid,1,PROTEIN10,2,0,0,0,pending,2595.56,0,1,1
SYN-20260208-002230,2026-02-08T09:40:04.000Z,2026-02-08,0,16,2,69b66f179390b3e4eaa4711f,regular,96,51556197,537044,-36,1,1,139900,11192,30000,0,181092,139900,cash,paid,0,,0,0,0,1,completed,843.11,0,0,0
SYN-20260314-002231,2026-03-14T13:54:43.000Z,2026-03-14,6,20,3,69b66f179390b3e4eaa4710a,vip,300,150762893,502543,-2,2,2,369800,29584,30000,75000,354384,184900,card,unpaid,1,VEGGIE25,1,1,0,0,preparing,22.87,0,1,1
SYN-20260219-002232,2026-02-19T01:03:02.000Z,2026-02-19,4,8,2,69b66f179390b3e4eaa4711c,regular,50,24230795,484616,-25,2,3,694700,55576,0,0,750276,347350,momo,paid,0,,0,1,2,0,completed,587.73,0,0,0
SYN-20260308-002233,2026-03-08T02:42:04.000Z,2026-03-08,0,9,3,69b66f179390b3e4eaa4710a,vip,300,150762893,502543,-8,1,2,309800,24784,30000,75000,289584,309800,card,unpaid,1,VEGGIE25,2,0,0,0,preparing,178.08,0,1,1
SYN-20260109-002234,2026-01-09T08:18:05.000Z,2026-01-09,5,15,1,69b66f179390b3e4eaa47113,regular,89,41138137,462226,-66,1,2,299800,23984,30000,74950,278834,299800,cash,paid,1,VEGGIE25,0,0,0,2,completed,1564.48,0,0,0
SYN-20260218-002235,2026-02-18T06:07:42.000Z,2026-02-18,3,13,2,69b66f189390b3e4eaa47134,regular,69,34548879,500708,-26,2,3,539700,43176,0,100000,482876,269850,momo,paid,1,VIP100K,2,1,0,0,completed,606.65,0,0,0
SYN-20260204-002236,2026-02-04T10:16:24.000Z,2026-02-04,3,17,2,69b66f179390b3e4eaa47128,regular,66,34270303,519247,-39,1,1,199900,15992,30000,0,245892,199900,cash,paid,0,,0,1,0,0,delivering,938.5,0,1,0
SYN-20250427-002237,2025-04-27T09:35:27.000Z,2025-04-27,0,16,4,69b66f179390b3e4eaa4711f,regular,96,51556197,537044,-323,2,2,409800,32784,30000,0,472584,204900,momo,paid,0,,0,2,0,0,completed,7731.19,0,0,0
SYN-20250806-002238,2025-08-06T06:04:11.000Z,2025-08-06,3,13,8,69b66f179390b3e4eaa47125,regular,78,39418164,505361,-222,2,2,414800,33184,30000,75000,402984,207400,card,unpaid,1,VEGGIE25,1,0,1,0,pending,5310.71,0,1,1
SYN-20260302-002239,2026-03-02T07:07:27.000Z,2026-03-02,1,14,3,69b66f179390b3e4eaa4710d,regular,128,62788236,490533,-14,2,4,759600,60768,0,100000,720368,379800,cash,unpaid,1,VIP100K,0,4,0,0,preparing,317.65,0,1,1
SYN-20250807-002240,2025-08-07T01:21:44.000Z,2025-08-07,4,8,8,69b66f179390b3e4eaa4710a,vip,300,150762893,502543,-221,1,2,379800,30384,30000,75960,364224,379800,card,paid,1,HEALTHY20,0,2,0,0,completed,5291.42,0,0,0
SYN-20260114-002241,2026-01-14T14:41:40.000Z,2026-01-14,3,21,1,69b66f179390b3e4eaa4711c,regular,50,24230795,484616,-60,1,2,279800,22384,30000,0,332184,279800,momo,paid,0,,0,0,0,2,completed,1438.08,0,0,0
SYN-20260129-002242,2026-01-29T10:26:06.000Z,2026-01-29,4,17,1,69b66f179390b3e4eaa47128,regular,66,34270303,519247,-45,2,4,714600,57168,0,25000,746768,357300,momo,paid,1,FREESHIP,1,3,0,0,completed,1082.34,0,0,0
SYN-20260314-002243,2026-03-14T01:09:07.000Z,2026-03-14,6,8,3,69b66f179390b3e4eaa47119,regular,49,23556582,480747,-2,2,3,429700,34376,30000,25000,469076,214850,cash,unpaid,1,FREESHIP,0,0,0,3,confirmed,35.63,0,1,1
SYN-20260130-002244,2026-01-30T08:04:20.000Z,2026-01-30,5,15,1,69b66f179390b3e4eaa47122,regular,84,40357330,480444,-45,2,3,679700,54376,0,0,734076,339850,momo,unpaid,0,,0,1,2,0,pending,1060.71,0,1,1
SYN-20260108-002245,2026-01-08T11:12:49.000Z,2026-01-08,4,18,1,69b66f179390b3e4eaa4712b,regular,83,34910035,420603,-67,1,3,419700,33576,30000,0,483276,419700,bank_transfer,unpaid,0,,0,0,0,3,confirmed,1585.56,0,1,1
SYN-20251226-002246,2025-12-26T11:56:56.000Z,2025-12-26,5,18,12,69b66f189390b3e4eaa47131,regular,82,38006436,463493,-80,2,2,339800,27184,30000,0,396984,169900,cash,unpaid,0,,0,1,0,1,confirmed,1896.83,0,1,1
SYN-20250610-002247,2025-06-10T12:06:26.000Z,2025-06-10,2,19,6,69b66f179390b3e4eaa4711f,regular,96,51556197,537044,-279,2,4,719600,57568,0,0,777168,359800,cash,unpaid,0,,0,2,0,2,cancelled,6672.67,1,0,1
SYN-20250331-002248,2025-03-31T12:16:33.000Z,2025-03-31,1,19,3,69b66f179390b3e4eaa47122,regular,84,40357330,480444,-349,1,1,189900,15192,30000,47475,187617,189900,momo,paid,1,VEGGIE25,0,1,0,0,delivering,8376.5,0,1,0
SYN-20251102-002249,2025-11-02T07:02:01.000Z,2025-11-02,0,14,11,69b66f179390b3e4eaa47113,regular,89,41138137,462226,-134,2,2,389800,31184,30000,50000,400984,194900,momo,unpaid,1,EATOMO50K,1,0,1,0,confirmed,3197.74,0,1,1
SYN-20250601-002250,2025-06-01T10:05:31.000Z,2025-06-01,0,17,6,69b66f179390b3e4eaa4710a,vip,300,150762893,502543,-288,2,4,859600,68768,0,0,928368,429800,card,unpaid,0,,0,2,2,0,pending,6890.69,0,1,1
SYN-20251125-002251,2025-11-25T12:35:17.000Z,2025-11-25,2,19,11,69b66f179390b3e4eaa47125,regular,78,39418164,505361,-111,1,1,159900,12792,30000,0,202692,159900,card,paid,0,,1,0,0,0,completed,2640.19,0,0,0
SYN-20260217-002252,2026-02-17T11:18:59.000Z,2026-02-17,2,18,2,69b66f179390b3e4eaa4712b,regular,83,34910035,420603,-27,2,3,489700,39176,30000,0,558876,244850,momo,unpaid,0,,2,1,0,0,preparing,625.46,0,1,1
SYN-20250324-002253,2025-03-24T08:59:22.000Z,2025-03-24,1,15,3,69b66f189390b3e4eaa4712e,regular,66,32415979,491151,-357,2,2,379800,30384,30000,113940,326244,189900,bank_transfer,paid,1,FIRSTORDER30,0,0,1,1,completed,8547.79,0,0,0
SYN-20251114-002254,2025-11-14T05:02:03.000Z,2025-11-14,5,12,11,69b66f179390b3e4eaa4710d,regular,128,62788236,490533,-122,2,3,534700,42776,0,50000,527476,267350,momo,paid,1,EATOMO50K,1,2,0,0,delivering,2911.74,0,1,0
SYN-20260312-002255,2026-03-12T08:14:39.000Z,2026-03-12,4,15,3,69b66f179390b3e4eaa47122,regular,84,40357330,480444,-4,2,2,379800,30384,30000,37980,402204,189900,card,unpaid,1,WELCOME10,1,1,0,0,confirmed,76.53,0,1,1
SYN-20260314-002256,2026-03-14T09:02:48.000Z,2026-03-14,6,16,3,69b66f179390b3e4eaa4710a,vip,300,150762893,502543,-2,2,2,399800,31984,30000,75000,386784,199900,cash,paid,1,VEGGIE25,1,0,1,0,completed,27.73,0,0,0
SYN-20250728-002257,2025-07-28T02:57:24.000Z,2025-07-28,1,9,7,69b66f179390b3e4eaa4712b,regular,83,34910035,420603,-231,1,2,329800,26384,30000,0,386184,329800,card,paid,0,,0,2,0,0,delivering,5529.82,0,1,0
SYN-20260220-002258,2026-02-20T11:33:57.000Z,2026-02-20,5,18,2,69b66f179390b3e4eaa4710a,vip,300,150762893,502543,-24,2,2,369800,29584,30000,55470,373914,184900,momo,paid,1,SUMMER15,0,2,0,0,completed,553.21,0,0,0
SYN-20260226-002259,2026-02-26T03:31:05.000Z,2026-02-26,4,10,2,69b66f179390b3e4eaa4711f,regular,96,51556197,537044,-18,2,3,409700,32776,30000,25000,447476,204850,momo,unpaid,1,FREESHIP,0,0,0,3,preparing,417.26,0,1,1
SYN-20260104-002260,2026-01-04T10:33:37.000Z,2026-01-04,0,17,1,69b66f179390b3e4eaa47119,regular,49,23556582,480747,-71,1,1,219900,17592,30000,0,267492,219900,cash,unpaid,0,,0,1,0,0,confirmed,1682.22,0,1,1
SYN-20250913-002261,2025-09-13T05:28:41.000Z,2025-09-13,6,12,9,69b66f179390b3e4eaa4710a,vip,300,150762893,502543,-184,2,4,759600,60768,0,50000,770368,379800,momo,paid,1,EATOMO50K,0,4,0,0,completed,4399.3,0,0,0
SYN-20251110-002262,2025-11-10T03:55:06.000Z,2025-11-10,1,10,11,69b66f179390b3e4eaa47128,regular,66,34270303,519247,-126,2,3,559700,44776,0,0,604476,279850,cash,paid,0,,1,2,0,0,completed,3008.86,0,0,0
SYN-20260105-002263,2026-01-05T10:03:10.000Z,2026-01-05,1,17,1,69b66f179390b3e4eaa47128,regular,66,34270303,519247,-69,2,2,384800,30784,30000,75000,370584,192400,momo,unpaid,1,VEGGIE25,0,2,0,0,preparing,1658.72,0,1,1
SYN-20250317-002264,2025-03-17T14:15:43.000Z,2025-03-17,1,21,3,69b66f179390b3e4eaa4711c,regular,50,24230795,484616,-363,1,1,139900,11192,30000,0,181092,139900,cash,paid,0,,0,0,0,1,delivering,8710.52,0,1,0
SYN-20260314-002265,2026-03-14T09:09:26.000Z,2026-03-14,6,16,3,69b66f179390b3e4eaa4711f,regular,96,51556197,537044,-2,2,2,324800,25984,30000,32480,348304,162400,card,unpaid,1,PROTEIN10,2,0,0,0,preparing,27.62,0,1,1
SYN-20250827-002266,2025-08-27T14:31:51.000Z,2025-08-27,3,21,8,69b66f179390b3e4eaa47125,regular,78,39418164,505361,-200,1,1,249900,19992,30000,0,299892,249900,momo,paid,0,,0,0,1,0,delivering,4798.25,0,1,0
SYN-20250820-002267,2025-08-20T09:08:26.000Z,2025-08-20,3,16,8,69b66f179390b3e4eaa47122,regular,84,40357330,480444,-208,2,3,639700,51176,0,60000,630876,319850,cash,unpaid,1,PROTEIN10,0,1,2,0,preparing,4971.64,0,1,1
SYN-20260130-002268,2026-01-30T14:46:56.000Z,2026-01-30,5,21,1,69b66f189390b3e4eaa4712e,regular,66,32415979,491151,-44,2,3,449700,35976,30000,0,515676,224850,cash,paid,0,,2,0,0,1,completed,1054,0,0,0
SYN-20260128-002269,2026-01-28T12:55:09.000Z,2026-01-28,3,19,1,69b66f179390b3e4eaa47113,regular,89,41138137,462226,-47,1,2,399800,31984,30000,50000,411784,399800,card,refunded,1,EATOMO50K,0,2,0,0,cancelled,1103.86,1,0,0
SYN-20260106-002270,2026-01-06T08:41:40.000Z,2026-01-06,2,15,1,69b66f179390b3e4eaa4712b,regular,83,34910035,420603,-69,1,1,139900,11192,30000,0,181092,139900,bank_transfer,paid,0,,0,0,0,1,completed,1636.08,0,0,0
SYN-20250520-002271,2025-05-20T13:13:20.000Z,2025-05-20,2,20,5,69b66f189390b3e4eaa47134,regular,69,34548879,500708,-300,1,1,169900,13592,30000,25000,188492,169900,cash,paid,1,FREESHIP,1,0,0,0,delivering,7175.56,0,1,0
SYN-20251221-002272,2025-12-21T01:40:28.000Z,2025-12-21,0,8,12,69b66f189390b3e4eaa47134,regular,69,34548879,500708,-85,2,3,679700,54376,0,0,734076,339850,momo,unpaid,0,,0,1,2,0,confirmed,2027.1,0,1,1
SYN-20260225-002273,2026-02-25T03:37:13.000Z,2026-02-25,3,10,2,69b66f179390b3e4eaa47113,regular,89,41138137,462226,-19,1,1,139900,11192,30000,0,181092,139900,momo,unpaid,0,,0,0,0,1,cancelled,441.16,1,0,1
SYN-20260129-002274,2026-01-29T12:58:44.000Z,2026-01-29,4,19,1,69b66f179390b3e4eaa4710a,vip,300,150762893,502543,-46,2,4,699600,55968,0,0,755568,349800,momo,paid,0,,0,3,0,1,completed,1079.8,0,0,0
SYN-20260315-002275,2026-03-15T13:28:57.000Z,2026-03-15,0,20,3,69b66f179390b3e4eaa4711c,regular,50,24230795,484616,0,2,3,484700,38776,30000,50000,503476,242350,momo,paid,1,EATOMO50K,1,2,0,0,completed,0,0,0,0
SYN-20260312-002276,2026-03-12T03:14:16.000Z,2026-03-12,4,10,3,69b66f179390b3e4eaa4710a,vip,300,150762893,502543,-4,2,3,559700,44776,0,120000,484476,279850,card,unpaid,1,FIRSTORDER30,0,0,1,2,pending,81.54,0,1,1
SYN-20251009-002277,2025-10-09T08:21:39.000Z,2025-10-09,4,15,10,69b66f179390b3e4eaa4710a,vip,300,150762893,502543,-158,1,3,779700,62376,0,0,842076,779700,momo,unpaid,0,,0,0,3,0,pending,3772.42,0,1,1
SYN-20250628-002278,2025-06-28T08:40:07.000Z,2025-06-28,6,15,6,69b66f179390b3e4eaa4710a,vip,300,150762893,502543,-261,2,2,449800,35984,30000,0,515784,224900,momo,paid,0,,0,0,2,0,completed,6244.11,0,0,0
SYN-20251227-002279,2025-12-27T02:35:15.000Z,2025-12-27,6,9,12,69b66f179390b3e4eaa47119,regular,49,23556582,480747,-79,1,1,239900,19192,30000,25000,264092,239900,momo,unpaid,1,FREESHIP,0,0,1,0,preparing,1882.19,0,1,1
SYN-20251216-002280,2025-12-16T09:35:31.000Z,2025-12-16,2,16,12,69b66f189390b3e4eaa4712e,regular,66,32415979,491151,-90,2,2,344800,27584,30000,0,402384,172400,cash,unpaid,0,,1,1,0,0,confirmed,2139.19,0,1,1
SYN-20260314-002281,2026-03-14T06:11:10.000Z,2026-03-14,6,13,3,69b66f179390b3e4eaa47113,regular,89,41138137,462226,-2,1,1,149900,11992,30000,0,191892,149900,momo,unpaid,0,,0,0,0,1,preparing,30.59,0,1,1
SYN-20260314-002282,2026-03-14T09:43:30.000Z,2026-03-14,6,16,3,69b66f179390b3e4eaa4711c,regular,50,24230795,484616,-2,1,1,199900,15992,30000,49975,195917,199900,momo,unpaid,1,VEGGIE25,0,1,0,0,preparing,27.05,0,1,1
SYN-20250916-002283,2025-09-16T05:18:21.000Z,2025-09-16,2,12,9,69b66f179390b3e4eaa47116,regular,82,38788483,473030,-181,2,3,649700,51976,0,50000,651676,324850,momo,paid,1,EATOMO50K,0,0,2,1,completed,4327.47,0,0,0
SYN-20260302-002284,2026-03-02T03:10:50.000Z,2026-03-02,1,10,3,69b66f179390b3e4eaa47116,regular,82,38788483,473030,-14,1,1,179900,14392,30000,0,224292,179900,momo,paid,0,,0,1,0,0,completed,321.6,0,0,0
SYN-20251112-002285,2025-11-12T04:20:53.000Z,2025-11-12,3,11,11,69b66f179390b3e4eaa47110,regular,80,39676181,495952,-124,2,4,799600,63968,0,0,863568,399800,momo,paid,0,,0,4,0,0,completed,2960.43,0,0,0
SYN-20251229-002286,2025-12-29T07:35:41.000Z,2025-12-29,1,14,12,69b66f179390b3e4eaa4710a,vip,300,150762893,502543,-77,2,3,529700,42376,0,120000,452076,264850,cash,unpaid,1,FIRSTORDER30,3,0,0,0,pending,1829.18,0,1,1
SYN-20260113-002287,2026-01-13T01:19:00.000Z,2026-01-13,2,8,1,69b66f179390b3e4eaa4710a,vip,300,150762893,502543,-62,1,1,139900,11192,30000,0,181092,139900,cash,unpaid,0,,0,0,0,1,confirmed,1475.46,0,1,1
SYN-20250622-002288,2025-06-22T12:47:32.000Z,2025-06-22,0,19,6,69b66f179390b3e4eaa47110,regular,80,39676181,495952,-266,1,1,154900,12392,30000,0,197292,154900,card,unpaid,0,,1,0,0,0,pending,6383.99,0,1,1
SYN-20250821-002289,2025-08-21T04:50:43.000Z,2025-08-21,4,11,8,69b66f179390b3e4eaa47116,regular,82,38788483,473030,-207,1,1,179900,14392,30000,0,224292,179900,momo,paid,0,,0,1,0,0,completed,4951.93,0,0,0
SYN-20251008-002290,2025-10-08T09:46:00.000Z,2025-10-08,3,16,10,69b66f189390b3e4eaa47131,regular,82,38006436,463493,-159,2,4,659600,52768,0,0,712368,329800,momo,paid,0,,2,2,0,0,completed,3795.01,0,0,0
SYN-20260108-002291,2026-01-08T13:55:08.000Z,2026-01-08,4,20,1,69b66f179390b3e4eaa47113,regular,89,41138137,462226,-66,2,2,269800,21584,30000,0,321384,134900,card,unpaid,0,,0,0,0,2,pending,1582.86,0,1,1
SYN-20250624-002292,2025-06-24T02:21:16.000Z,2025-06-24,2,9,6,69b66f179390b3e4eaa4710d,regular,128,62788236,490533,-265,1,2,499800,39984,30000,49980,519804,499800,card,unpaid,1,PROTEIN10,0,0,2,0,pending,6346.42,0,1,1
SYN-20250510-002293,2025-05-10T05:03:36.000Z,2025-05-10,6,12,5,69b66f179390b3e4eaa47119,regular,49,23556582,480747,-310,2,3,539700,43176,0,0,582876,269850,momo,paid,0,,0,0,1,2,completed,7423.72,0,0,0
SYN-20260312-002294,2026-03-12T11:39:12.000Z,2026-03-12,4,18,3,69b66f179390b3e4eaa47113,regular,89,41138137,462226,-4,1,3,719700,57576,0,50000,727276,719700,card,unpaid,1,EATOMO50K,0,0,3,0,confirmed,73.12,0,1,1
SYN-20260101-002295,2026-01-01T06:57:38.000Z,2026-01-01,4,13,1,69b66f179390b3e4eaa4710a,vip,300,150762893,502543,-74,1,1,259900,20792,30000,0,310692,259900,card,unpaid,0,,0,0,1,0,pending,1757.82,0,1,1
SYN-20260311-002296,2026-03-11T01:13:17.000Z,2026-03-11,3,8,3,69b66f179390b3e4eaa4710a,vip,300,150762893,502543,-5,2,3,559700,44776,0,120000,484476,279850,momo,unpaid,1,FIRSTORDER30,2,0,1,0,preparing,107.56,0,1,1
SYN-20260205-002297,2026-02-05T14:46:15.000Z,2026-02-05,4,21,2,69b66f179390b3e4eaa4710a,vip,300,150762893,502543,-38,2,3,719700,57576,0,100000,677276,359850,card,paid,1,VIP100K,0,1,2,0,completed,910.01,0,0,0
SYN-20250802-002298,2025-08-02T02:16:13.000Z,2025-08-02,6,9,8,69b66f179390b3e4eaa47110,regular,80,39676181,495952,-226,2,3,669700,53576,0,50000,673276,334850,momo,paid,1,EATOMO50K,0,2,1,0,delivering,5410.51,0,1,0
SYN-20260103-002299,2026-01-03T01:10:28.000Z,2026-01-03,6,8,1,69b66f179390b3e4eaa4711f,regular,96,51556197,537044,-72,1,3,569700,45576,0,56970,558306,569700,cash,paid,1,PROTEIN10,0,3,0,0,completed,1715.6,0,0,0
SYN-20250825-002300,2025-08-25T05:04:05.000Z,2025-08-25,1,12,8,69b66f179390b3e4eaa47113,regular,89,41138137,462226,-203,2,2,429800,34384,30000,80000,414184,214900,cash,unpaid,1,FLASH25,0,2,0,0,delivering,4855.71,0,1,1
SYN-20260312-002301,2026-03-12T12:47:55.000Z,2026-03-12,4,19,3,69b66f179390b3e4eaa4711f,regular,96,51556197,537044,-4,2,4,589600,47168,0,0,636768,294800,momo,paid,0,,1,0,0,3,delivering,71.98,0,1,0
SYN-20250901-002302,2025-09-01T06:43:40.000Z,2025-09-01,1,13,9,69b66f179390b3e4eaa4710d,regular,128,62788236,490533,-196,2,3,639700,51176,0,0,690876,319850,momo,unpaid,0,,0,2,1,0,preparing,4686.05,0,1,1
SYN-20260304-002303,2026-03-04T04:51:47.000Z,2026-03-04,3,11,3,69b66f179390b3e4eaa47116,regular,82,38788483,473030,-12,2,3,649700,51976,0,0,701676,324850,cash,paid,0,,0,1,2,0,completed,271.91,0,0,0
SYN-20250405-002304,2025-04-05T13:38:54.000Z,2025-04-05,6,20,4,69b66f179390b3e4eaa47110,regular,80,39676181,495952,-344,1,1,149900,11992,30000,0,191892,149900,card,paid,0,,0,0,0,1,delivering,8255.13,0,1,0
SYN-20260105-002305,2026-01-05T13:01:21.000Z,2026-01-05,1,20,1,69b66f179390b3e4eaa4710d,regular,128,62788236,490533,-69,1,1,174900,13992,30000,0,218892,174900,card,paid,0,,0,1,0,0,completed,1655.76,0,0,0
SYN-20250721-002306,2025-07-21T08:21:12.000Z,2025-07-21,1,15,7,69b66f179390b3e4eaa47122,regular,84,40357330,480444,-238,2,4,899600,71968,0,0,971568,449800,momo,paid,0,,2,0,2,0,completed,5692.42,0,0,0
SYN-20250423-002307,2025-04-23T11:15:22.000Z,2025-04-23,3,18,4,69b66f179390b3e4eaa47119,regular,49,23556582,480747,-327,2,3,479700,38376,30000,80000,468076,239850,momo,paid,1,FLASH25,2,1,0,0,completed,7825.52,0,0,0
SYN-20250920-002308,2025-09-20T11:08:51.000Z,2025-09-20,6,18,9,69b66f179390b3e4eaa4710a,vip,300,150762893,502543,-177,2,4,919600,73568,0,80000,913168,459800,card,paid,1,FLASH25,0,2,2,0,delivering,4225.63,0,1,0
SYN-20260216-002309,2026-02-16T05:30:54.000Z,2026-02-16,1,12,2,69b66f179390b3e4eaa4710d,regular,128,62788236,490533,-28,2,3,639700,51176,0,25000,665876,319850,momo,unpaid,1,FREESHIP,0,0,2,1,delivering,655.26,0,1,1
SYN-20250605-002310,2025-06-05T08:34:19.000Z,2025-06-05,4,15,6,69b66f179390b3e4eaa4710a,vip,300,150762893,502543,-284,1,1,249900,19992,30000,0,299892,249900,momo,unpaid,0,,0,0,1,0,pending,6796.21,0,1,1
SYN-20260304-002311,2026-03-04T11:38:17.000Z,2026-03-04,3,18,3,69b66f189390b3e4eaa47131,regular,82,38006436,463493,-12,2,2,339800,27184,30000,50000,346984,169900,momo,paid,1,EATOMO50K,0,1,0,1,completed,265.14,0,0,0
SYN-20250924-002312,2025-09-24T06:27:11.000Z,2025-09-24,3,13,9,69b66f179390b3e4eaa4710a,vip,300,150762893,502543,-173,2,2,409800,32784,30000,50000,422584,204900,card,paid,1,EATOMO50K,1,0,1,0,completed,4134.32,0,0,0
SYN-20250812-002313,2025-08-12T02:21:38.000Z,2025-08-12,2,9,8,69b66f179390b3e4eaa4711f,regular,96,51556197,537044,-216,2,4,739600,59168,0,60000,738768,369800,cash,paid,1,PROTEIN10,2,2,0,0,delivering,5170.42,0,1,0
SYN-20260307-002314,2026-03-07T09:44:09.000Z,2026-03-07,6,16,3,69b66f179390b3e4eaa47125,regular,78,39418164,505361,-9,2,4,859600,68768,0,25000,903368,429800,cash,paid,1,FREESHIP,2,0,2,0,delivering,195.04,0,1,0
SYN-20260301-002315,2026-03-01T08:10:41.000Z,2026-03-01,0,15,3,69b66f179390b3e4eaa47110,regular,80,39676181,495952,-15,1,1,139900,11192,30000,41970,139122,139900,card,unpaid,1,FIRSTORDER30,1,0,0,0,confirmed,340.6,0,1,1
SYN-20250605-002316,2025-06-05T12:10:18.000Z,2025-06-05,4,19,6,69b66f179390b3e4eaa47122,regular,84,40357330,480444,-283,1,1,179900,14392,30000,53970,170322,179900,momo,unpaid,1,FIRSTORDER30,0,1,0,0,pending,6792.61,0,1,1
SYN-20260107-002317,2026-01-07T02:01:59.000Z,2026-01-07,3,9,1,69b66f179390b3e4eaa47122,regular,84,40357330,480444,-68,1,1,189900,15192,30000,47475,187617,189900,momo,paid,1,VEGGIE25,0,1,0,0,delivering,1618.74,0,1,0
SYN-20251105-002318,2025-11-05T10:08:44.000Z,2025-11-05,3,17,11,69b66f179390b3e4eaa4710a,vip,300,150762893,502543,-131,2,2,399800,31984,30000,0,461784,199900,card,unpaid,0,,0,2,0,0,confirmed,3122.63,0,1,1
SYN-20260315-002319,2026-03-15T13:42:19.000Z,2026-03-15,0,20,3,69b66f179390b3e4eaa4710a,vip,300,150762893,502543,-1,2,3,529700,42376,0,100000,472076,264850,momo,unpaid,1,HEALTHY20,1,2,0,0,pending,0,0,0,1
SYN-20260121-002320,2026-01-21T07:20:55.000Z,2026-01-21,3,14,1,69b66f179390b3e4eaa4710a,vip,300,150762893,502543,-54,2,4,699600,55968,0,60000,695568,349800,card,paid,1,PROTEIN10,0,2,0,2,completed,1277.43,0,0,0
SYN-20250716-002321,2025-07-16T03:16:26.000Z,2025-07-16,3,10,7,69b66f179390b3e4eaa47125,regular,78,39418164,505361,-243,2,4,609600,48768,0,50000,608368,304800,momo,unpaid,1,EATOMO50K,2,0,0,2,preparing,5817.5,0,1,1
SYN-20250529-002322,2025-05-29T12:25:11.000Z,2025-05-29,4,19,5,69b66f189390b3e4eaa4712e,regular,66,32415979,491151,-291,1,1,164900,13192,30000,0,208092,164900,momo,unpaid,0,,0,1,0,0,preparing,6960.36,0,1,1
SYN-20250521-002323,2025-05-21T12:03:48.000Z,2025-05-21,3,19,5,69b66f179390b3e4eaa47128,regular,66,34270303,519247,-298,1,2,299800,23984,30000,44970,308814,299800,cash,unpaid,1,SUMMER15,0,0,0,2,pending,7152.71,0,1,1
SYN-20250912-002324,2025-09-12T03:29:18.000Z,2025-09-12,5,10,9,69b66f179390b3e4eaa4710a,vip,300,150762893,502543,-185,1,1,189900,15192,30000,56970,178122,189900,cash,paid,1,FIRSTORDER30,0,1,0,0,completed,4425.29,0,0,0
SYN-20251015-002325,2025-10-15T05:18:03.000Z,2025-10-15,3,12,10,69b66f189390b3e4eaa4712e,regular,66,32415979,491151,-152,2,3,689700,55176,0,75000,669876,344850,card,unpaid,1,VEGGIE25,0,0,2,1,confirmed,3631.48,0,1,1
SYN-20251225-002326,2025-12-25T11:03:46.000Z,2025-12-25,4,18,12,69b66f179390b3e4eaa47122,regular,84,40357330,480444,-81,2,2,389800,31184,30000,0,450984,194900,momo,paid,0,,0,0,1,1,delivering,1921.71,0,1,0
SYN-20251209-002327,2025-12-09T06:28:38.000Z,2025-12-09,2,13,12,69b66f189390b3e4eaa47134,regular,69,34548879,500708,-97,2,4,689600,55168,0,25000,719768,344800,momo,paid,1,FREESHIP,0,4,0,0,delivering,2310.3,0,1,0
SYN-20250506-002328,2025-05-06T02:37:33.000Z,2025-05-06,2,9,5,69b66f179390b3e4eaa4711f,regular,96,51556197,537044,-314,2,3,539700,43176,0,0,582876,269850,card,paid,0,,0,2,0,1,delivering,7522.15,0,1,0
SYN-20250610-002329,2025-06-10T12:17:44.000Z,2025-06-10,2,19,6,69b66f179390b3e4eaa4710d,regular,128,62788236,490533,-278,2,3,749700,59976,0,100000,709676,374850,momo,unpaid,1,VIP100K,0,0,3,0,confirmed,6672.48,0,1,1
SYN-20250614-002330,2025-06-14T13:58:01.000Z,2025-06-14,6,20,6,69b66f179390b3e4eaa4710a,vip,300,150762893,502543,-275,2,4,819600,65568,0,100000,785168,409800,cash,paid,1,HEALTHY20,0,4,0,0,completed,6574.81,0,0,0
SYN-20250418-002331,2025-04-18T10:38:21.000Z,2025-04-18,5,17,4,69b66f189390b3e4eaa47131,regular,82,38006436,463493,-332,1,2,479800,38384,30000,0,548184,479800,card,paid,0,,0,0,2,0,completed,7946.14,0,0,0
SYN-20260220-002332,2026-02-20T05:50:58.000Z,2026-02-20,5,12,2,69b66f179390b3e4eaa4710a,vip,300,150762893,502543,-24,1,1,239900,19192,30000,59975,229117,239900,card,unpaid,1,FLASH25,0,0,1,0,preparing,558.93,0,1,1
SYN-20260308-002333,2026-03-08T05:47:16.000Z,2026-03-08,0,12,3,69b66f179390b3e4eaa4710a,vip,300,150762893,502543,-8,1,2,279800,22384,30000,69950,262234,279800,momo,paid,1,FLASH25,0,0,0,2,completed,174.99,0,0,0
SYN-20260304-002334,2026-03-04T04:38:02.000Z,2026-03-04,3,11,3,69b66f179390b3e4eaa47122,regular,84,40357330,480444,-12,2,4,719600,57568,0,0,777168,359800,cash,paid,0,,2,2,0,0,completed,272.14,0,0,0
SYN-20260225-002335,2026-02-25T08:40:33.000Z,2026-02-25,3,15,2,69b66f189390b3e4eaa47134,regular,69,34548879,500708,-19,2,3,629700,50376,0,80000,600076,314850,cash,paid,1,SUMMER15,0,3,0,0,delivering,436.1,0,1,0
SYN-20251109-002336,2025-11-09T10:56:53.000Z,2025-11-09,0,17,11,69b66f179390b3e4eaa4712b,regular,83,34910035,420603,-127,1,1,174900,13992,30000,0,218892,174900,cash,paid,0,,0,1,0,0,delivering,3025.83,0,1,0
SYN-20250725-002337,2025-07-25T01:48:20.000Z,2025-07-25,5,8,7,69b66f179390b3e4eaa4711c,regular,50,24230795,484616,-234,2,4,679600,54368,0,75000,658968,339800,cash,paid,1,VEGGIE25,0,2,0,2,completed,5602.97,0,0,0
SYN-20250325-002338,2025-03-25T01:06:11.000Z,2025-03-25,2,8,3,69b66f189390b3e4eaa4712e,regular,66,32415979,491151,-356,2,4,1019600,81568,0,0,1101168,509800,cash,unpaid,0,,0,0,4,0,pending,8531.67,0,1,1
SYN-20260313-002339,2026-03-13T01:15:16.000Z,2026-03-13,5,8,3,69b66f179390b3e4eaa4711c,regular,50,24230795,484616,-3,1,1,164900,13192,30000,0,208092,164900,momo,paid,0,,0,1,0,0,delivering,59.52,0,1,0
SYN-20251115-002340,2025-11-15T08:01:10.000Z,2025-11-15,6,15,11,69b66f179390b3e4eaa47116,regular,82,38788483,473030,-121,2,3,729700,58376,0,75000,713076,364850,cash,paid,1,VEGGIE25,0,1,2,0,delivering,2884.76,0,1,0
SYN-20250512-002341,2025-05-12T11:38:54.000Z,2025-05-12,1,18,5,69b66f179390b3e4eaa47125,regular,78,39418164,505361,-308,2,3,519700,41576,0,0,561276,259850,momo,unpaid,0,,0,0,1,2,confirmed,7369.13,0,1,1
SYN-20250820-002342,2025-08-20T11:03:24.000Z,2025-08-20,3,18,8,69b66f189390b3e4eaa4712e,regular,66,32415979,491151,-208,2,2,409800,32784,30000,0,472584,204900,momo,paid,0,,1,0,1,0,completed,4969.72,0,0,0
SYN-20260213-002343,2026-02-13T09:48:46.000Z,2026-02-13,5,16,2,69b66f179390b3e4eaa47116,regular,82,38788483,473030,-30,2,2,519800,41584,0,0,561384,259900,cash,paid,0,,0,0,2,0,completed,722.96,0,0,0
SYN-20250617-002344,2025-06-17T01:08:12.000Z,2025-06-17,2,8,6,69b66f179390b3e4eaa4710d,regular,128,62788236,490533,-272,2,3,479700,38376,30000,75000,473076,239850,momo,paid,1,VEGGIE25,2,0,0,1,delivering,6515.64,0,1,0
SYN-20250520-002345,2025-05-20T11:49:40.000Z,2025-05-20,2,18,5,69b66f179390b3e4eaa47119,regular,49,23556582,480747,-300,2,3,649700,51976,0,100000,601676,324850,bank_transfer,unpaid,1,HEALTHY20,0,2,1,0,confirmed,7176.95,0,1,1
SYN-20260303-002346,2026-03-03T05:38:59.000Z,2026-03-03,2,12,3,69b66f179390b3e4eaa4710a,vip,300,150762893,502543,-13,2,2,449800,35984,30000,25000,490784,224900,card,paid,1,FREESHIP,0,1,1,0,completed,295.13,0,0,0
SYN-20250908-002347,2025-09-08T14:54:27.000Z,2025-09-08,1,21,9,69b66f189390b3e4eaa47134,regular,69,34548879,500708,-188,2,3,489700,39176,30000,120000,438876,244850,momo,paid,1,FIRSTORDER30,3,0,0,0,completed,4509.87,0,0,0
SYN-20250929-002348,2025-09-29T11:34:12.000Z,2025-09-29,1,18,9,69b66f179390b3e4eaa47128,regular,66,34270303,519247,-167,2,3,559700,44776,0,0,604476,279850,card,paid,0,,2,0,1,0,completed,4009.21,0,0,0
SYN-20251213-002349,2025-12-13T07:40:19.000Z,2025-12-13,6,14,12,69b66f179390b3e4eaa4710a,vip,300,150762893,502543,-93,2,3,539700,43176,0,75000,507876,269850,cash,paid,1,VEGGIE25,2,1,0,0,delivering,2213.11,0,1,0
SYN-20250522-002350,2025-05-22T06:26:12.000Z,2025-05-22,4,13,5,69b66f179390b3e4eaa4710a,vip,300,150762893,502543,-298,2,5,959500,76760,0,120000,916260,479750,cash,paid,1,FIRSTORDER30,2,0,3,0,completed,7134.34,0,0,0
SYN-20260208-002351,2026-02-08T07:52:47.000Z,2026-02-08,0,14,2,69b66f189390b3e4eaa47131,regular,82,38006436,463493,-36,2,3,629700,50376,0,0,680076,314850,card,unpaid,0,,0,0,2,1,delivering,844.9,0,1,1
SYN-20260311-002352,2026-03-11T01:56:36.000Z,2026-03-11,3,8,3,69b66f179390b3e4eaa4710d,regular,128,62788236,490533,-5,2,3,539700,43176,0,50000,532876,269850,card,unpaid,1,EATOMO50K,0,3,0,0,confirmed,106.83,0,1,1
SYN-20250916-002353,2025-09-16T11:32:46.000Z,2025-09-16,2,18,9,69b66f179390b3e4eaa47122,regular,84,40357330,480444,-180,2,3,659700,52776,0,80000,632476,329850,momo,paid,1,FLASH25,1,0,2,0,completed,4321.23,0,0,0
SYN-20251220-002354,2025-12-20T07:43:29.000Z,2025-12-20,6,14,12,69b66f179390b3e4eaa4710a,vip,300,150762893,502543,-86,2,3,519700,41576,0,0,561276,259850,momo,unpaid,0,,2,1,0,0,completed,2045.05,0,0,1
SYN-20260129-002355,2026-01-29T06:34:27.000Z,2026-01-29,4,13,1,69b66f179390b3e4eaa47122,regular,84,40357330,480444,-46,2,4,679600,54368,0,80000,653968,339800,cash,unpaid,1,FLASH25,0,2,0,2,preparing,1086.2,0,1,1
SYN-20250708-002356,2025-07-08T11:03:54.000Z,2025-07-08,2,18,7,69b66f179390b3e4eaa4710a,vip,300,150762893,502543,-251,1,1,199900,15992,30000,49975,195917,199900,card,paid,1,FLASH25,0,1,0,0,delivering,6001.71,0,1,0
SYN-20250801-002357,2025-08-01T14:54:58.000Z,2025-08-01,5,21,8,69b66f179390b3e4eaa47125,regular,78,39418164,505361,-226,2,5,1109500,88760,0,75000,1123260,554750,momo,paid,1,VEGGIE25,0,2,3,0,completed,5421.86,0,0,0
SYN-20250904-002358,2025-09-04T09:55:17.000Z,2025-09-04,4,16,9,69b66f179390b3e4eaa4712b,regular,83,34910035,420603,-193,1,2,499800,39984,30000,0,569784,499800,cash,unpaid,0,,0,0,2,0,confirmed,4610.86,0,1,1
SYN-20250419-002359,2025-04-19T02:03:42.000Z,2025-04-19,6,9,4,69b66f179390b3e4eaa47116,regular,82,38788483,473030,-331,1,1,154900,12392,30000,0,197292,154900,card,paid,0,,1,0,0,0,completed,7930.72,0,0,0
SYN-20250805-002360,2025-08-05T03:14:39.000Z,2025-08-05,2,10,8,69b66f179390b3e4eaa4710a,vip,300,150762893,502543,-223,2,3,599700,47976,0,75000,572676,299850,momo,paid,1,VEGGIE25,0,2,1,0,completed,5337.53,0,0,0
SYN-20250716-002361,2025-07-16T08:08:50.000Z,2025-07-16,3,15,7,69b66f179390b3e4eaa4712b,regular,83,34910035,420603,-243,2,2,329800,26384,30000,0,386184,164900,momo,unpaid,0,,0,1,0,1,pending,5812.63,0,1,1
SYN-20260304-002362,2026-03-04T10:50:12.000Z,2026-03-04,3,17,3,69b66f189390b3e4eaa47134,regular,69,34548879,500708,-12,2,3,759700,60776,0,0,820476,379850,momo,unpaid,0,,0,0,3,0,cancelled,265.94,1,0,1
SYN-20251113-002363,2025-11-13T11:24:36.000Z,2025-11-13,4,18,11,69b66f179390b3e4eaa4712b,regular,83,34910035,420603,-123,2,4,629600,50368,0,0,679968,314800,cash,unpaid,0,,0,0,1,3,confirmed,2929.37,0,1,1
SYN-20250628-002364,2025-06-28T09:52:36.000Z,2025-06-28,6,16,6,69b66f179390b3e4eaa4711c,regular,50,24230795,484616,-261,1,2,319800,25584,30000,25000,350384,319800,momo,paid,1,FREESHIP,2,0,0,0,completed,6242.9,0,0,0
SYN-20260315-002365,2026-03-15T01:51:22.000Z,2026-03-15,0,8,3,69b66f179390b3e4eaa47116,regular,82,38788483,473030,-1,2,3,669700,53576,0,60000,663276,334850,bank_transfer,unpaid,1,PROTEIN10,0,1,2,0,pending,10.92,0,1,1
SYN-20250819-002366,2025-08-19T02:33:07.000Z,2025-08-19,2,9,8,69b66f179390b3e4eaa4710d,regular,128,62788236,490533,-209,2,3,594700,47576,0,0,642276,297350,cash,paid,0,,0,3,0,0,delivering,5002.23,0,1,0
SYN-20250528-002367,2025-05-28T11:07:16.000Z,2025-05-28,3,18,5,69b66f189390b3e4eaa4712e,regular,66,32415979,491151,-292,2,3,429700,34376,30000,64455,429621,214850,momo,unpaid,1,SUMMER15,0,0,0,3,confirmed,6985.66,0,1,1
SYN-20260313-002368,2026-03-13T02:05:06.000Z,2026-03-13,5,9,3,69b66f179390b3e4eaa4710a,vip,300,150762893,502543,-3,2,3,589700,47176,0,100000,536876,294850,card,unpaid,1,HEALTHY20,1,2,0,0,pending,58.69,0,1,1
SYN-20251016-002369,2025-10-16T07:02:34.000Z,2025-10-16,4,14,10,69b66f179390b3e4eaa47110,regular,80,39676181,495952,-151,2,3,569700,45576,0,0,615276,284850,cash,refunded,0,,0,3,0,0,cancelled,3605.73,1,0,0
SYN-20260309-002370,2026-03-09T09:27:23.000Z,2026-03-09,1,16,3,69b66f179390b3e4eaa4710a,vip,300,150762893,502543,-7,1,2,399800,31984,30000,0,461784,399800,momo,paid,0,,0,2,0,0,delivering,147.32,0,1,0
SYN-20250614-002371,2025-06-14T03:26:53.000Z,2025-06-14,6,10,6,69b66f179390b3e4eaa47128,regular,66,34270303,519247,-275,1,3,719700,57576,0,0,777276,719700,cash,unpaid,0,,0,0,3,0,preparing,6585.33,0,1,1
SYN-20250908-002372,2025-09-08T13:49:58.000Z,2025-09-08,1,20,9,69b66f179390b3e4eaa4712b,regular,83,34910035,420603,-188,1,2,479800,38384,30000,0,548184,479800,cash,paid,0,,0,0,2,0,completed,4510.94,0,0,0
SYN-20250421-002373,2025-04-21T03:20:22.000Z,2025-04-21,1,10,4,69b66f179390b3e4eaa47125,regular,78,39418164,505361,-329,2,2,419800,33584,30000,0,483384,209900,momo,paid,0,,1,0,1,0,delivering,7881.44,0,1,0
SYN-20250424-002374,2025-04-24T10:21:49.000Z,2025-04-24,4,17,4,69b66f179390b3e4eaa4710a,vip,300,150762893,502543,-326,1,2,399800,31984,30000,0,461784,399800,bank_transfer,paid,0,,0,2,0,0,completed,7802.41,0,0,0
SYN-20251008-002375,2025-10-08T14:50:02.000Z,2025-10-08,3,21,10,69b66f189390b3e4eaa4712e,regular,66,32415979,491151,-158,1,2,499800,39984,30000,0,569784,499800,momo,paid,0,,0,0,2,0,completed,3789.94,0,0,0
SYN-20250510-002376,2025-05-10T08:24:34.000Z,2025-05-10,6,15,5,69b66f179390b3e4eaa47128,regular,66,34270303,519247,-310,2,3,589700,47176,0,0,636876,294850,card,unpaid,0,,0,2,0,1,preparing,7420.37,0,1,1
SYN-20260307-002377,2026-03-07T11:48:51.000Z,2026-03-07,6,18,3,69b66f179390b3e4eaa47110,regular,80,39676181,495952,-9,2,4,719600,57568,0,0,777168,359800,card,unpaid,0,,2,0,2,0,pending,192.96,0,1,1
SYN-20260227-002378,2026-02-27T01:17:17.000Z,2026-02-27,5,8,2,69b66f189390b3e4eaa47134,regular,69,34548879,500708,-17,2,2,429800,34384,30000,42980,451204,214900,cash,unpaid,1,PROTEIN10,0,1,1,0,pending,395.49,0,1,1
SYN-20260126-002379,2026-01-26T14:20:39.000Z,2026-01-26,1,21,1,69b66f189390b3e4eaa47131,regular,82,38006436,463493,-48,2,3,549700,43976,0,25000,568676,274850,card,unpaid,1,FREESHIP,0,0,1,2,confirmed,1150.43,0,1,1
SYN-20260308-002380,2026-03-08T04:21:20.000Z,2026-03-08,0,11,3,69b66f189390b3e4eaa47134,regular,69,34548879,500708,-8,1,1,149900,11992,30000,0,191892,149900,cash,paid,0,,1,0,0,0,completed,176.42,0,0,0
SYN-20260313-002381,2026-03-13T04:05:13.000Z,2026-03-13,5,11,3,69b66f179390b3e4eaa47113,regular,89,41138137,462226,-3,1,2,279800,22384,30000,0,332184,279800,card,unpaid,0,,2,0,0,0,preparing,56.69,0,1,1
SYN-20251207-002382,2025-12-07T03:37:42.000Z,2025-12-07,0,10,12,69b66f179390b3e4eaa4711f,regular,96,51556197,537044,-99,2,6,1214400,97152,0,50000,1261552,607200,bank_transfer,unpaid,1,WELCOME10,3,0,3,0,preparing,2361.15,0,1,1
SYN-20260313-002383,2026-03-13T07:29:26.000Z,2026-03-13,5,14,3,69b66f179390b3e4eaa47119,regular,49,23556582,480747,-3,2,3,639700,51176,0,0,690876,319850,momo,unpaid,0,,0,2,1,0,preparing,53.29,0,1,1
SYN-20251114-002384,2025-11-14T07:34:12.000Z,2025-11-14,5,14,11,69b66f179390b3e4eaa47116,regular,82,38788483,473030,-122,2,2,449800,35984,30000,0,515784,224900,cash,paid,0,,0,1,1,0,delivering,2909.21,0,1,0
SYN-20250513-002385,2025-05-13T10:34:48.000Z,2025-05-13,2,17,5,69b66f179390b3e4eaa47113,regular,89,41138137,462226,-307,2,3,549700,43976,0,0,593676,274850,card,paid,0,,0,3,0,0,delivering,7346.2,0,1,0
SYN-20250826-002386,2025-08-26T08:41:56.000Z,2025-08-26,2,15,8,69b66f179390b3e4eaa47125,regular,78,39418164,505361,-202,2,4,859600,68768,0,0,928368,429800,bank_transfer,unpaid,0,,2,0,2,0,confirmed,4828.08,0,1,1
SYN-20250914-002387,2025-09-14T03:18:55.000Z,2025-09-14,0,10,9,69b66f189390b3e4eaa4712e,regular,66,32415979,491151,-183,2,3,599700,47976,0,120000,527676,299850,card,paid,1,FIRSTORDER30,0,3,0,0,completed,4377.46,0,0,0
SYN-20250610-002388,2025-06-10T06:45:56.000Z,2025-06-10,2,13,6,69b66f179390b3e4eaa4710a,vip,300,150762893,502543,-279,1,2,349800,27984,30000,34980,372804,349800,momo,paid,1,PROTEIN10,0,2,0,0,completed,6678.01,0,0,0
SYN-20260307-002389,2026-03-07T09:08:10.000Z,2026-03-07,6,16,3,69b66f179390b3e4eaa4712b,regular,83,34910035,420603,-9,2,3,639700,51176,0,80000,610876,319850,card,paid,1,FLASH25,1,0,2,0,completed,195.64,0,0,0
SYN-20251021-002390,2025-10-21T03:32:31.000Z,2025-10-21,2,10,10,69b66f189390b3e4eaa47134,regular,69,34548879,500708,-146,1,3,809700,64776,0,100000,774476,809700,momo,unpaid,1,HEALTHY20,0,0,3,0,preparing,3489.24,0,1,1
SYN-20260115-002391,2026-01-15T04:59:00.000Z,2026-01-15,4,11,1,69b66f189390b3e4eaa4712e,regular,66,32415979,491151,-60,2,3,499700,39976,30000,99940,469736,249850,card,paid,1,HEALTHY20,2,1,0,0,completed,1423.79,0,0,0
SYN-20251207-002392,2025-12-07T10:39:09.000Z,2025-12-07,0,17,12,69b66f179390b3e4eaa4712b,regular,83,34910035,420603,-99,2,3,539700,43176,0,0,582876,269850,cash,unpaid,0,,2,1,0,0,confirmed,2354.13,0,1,1
SYN-20250609-002393,2025-06-09T03:48:01.000Z,2025-06-09,1,10,6,69b66f179390b3e4eaa4711c,regular,50,24230795,484616,-280,2,4,789600,63168,0,120000,732768,394800,cash,unpaid,1,FIRSTORDER30,0,4,0,0,confirmed,6704.98,0,1,1
SYN-20260314-002394,2026-03-14T01:28:20.000Z,2026-03-14,6,8,3,69b66f179390b3e4eaa4710d,regular,128,62788236,490533,-2,2,3,459700,36776,30000,0,526476,229850,momo,unpaid,0,,3,0,0,0,pending,35.31,0,1,1
SYN-20260110-002395,2026-01-10T11:26:11.000Z,2026-01-10,6,18,1,69b66f179390b3e4eaa4711f,regular,96,51556197,537044,-65,2,4,609600,48768,0,75000,583368,304800,card,paid,1,VEGGIE25,0,2,0,2,completed,1537.34,0,0,0
SYN-20250610-002396,2025-06-10T07:58:34.000Z,2025-06-10,2,14,6,69b66f179390b3e4eaa4710a,vip,300,150762893,502543,-279,2,2,334800,26784,30000,33480,358104,167400,momo,paid,1,PROTEIN10,1,1,0,0,completed,6676.8,0,0,0
SYN-20250510-002397,2025-05-10T01:28:52.000Z,2025-05-10,6,8,5,69b66f179390b3e4eaa47128,regular,66,34270303,519247,-310,2,3,569700,45576,0,0,615276,284850,cash,unpaid,0,,0,0,2,1,confirmed,7427.3,0,1,1
SYN-20260308-002398,2026-03-08T13:52:46.000Z,2026-03-08,0,20,3,69b66f179390b3e4eaa47110,regular,80,39676181,495952,-7,2,2,349800,27984,30000,75000,332784,174900,cash,unpaid,1,VEGGIE25,0,1,0,1,confirmed,166.9,0,1,1
SYN-20250522-002399,2025-05-22T12:36:16.000Z,2025-05-22,4,19,5,69b66f179390b3e4eaa47113,regular,89,41138137,462226,-298,2,3,659700,52776,0,0,712476,329850,momo,unpaid,0,,0,1,2,0,preparing,7128.17,0,1,1
SYN-20260124-002400,2026-01-24T05:39:19.000Z,2026-01-24,6,12,1,69b66f179390b3e4eaa4710a,vip,300,150762893,502543,-51,2,3,524700,41976,0,0,566676,262350,card,paid,0,,1,2,0,0,completed,1207.12,0,0,0
SYN-20260110-002401,2026-01-10T12:11:33.000Z,2026-01-10,6,19,1,69b66f179390b3e4eaa47125,regular,78,39418164,505361,-65,2,2,399800,31984,30000,0,461784,199900,cash,unpaid,0,,0,0,1,1,pending,1536.59,0,1,1
SYN-20260312-002402,2026-03-12T01:09:40.000Z,2026-03-12,4,8,3,69b66f189390b3e4eaa47134,regular,69,34548879,500708,-4,2,4,719600,57568,0,75000,702168,359800,bank_transfer,unpaid,1,VEGGIE25,0,2,0,2,pending,83.62,0,1,1
SYN-20251227-002403,2025-12-27T08:24:12.000Z,2025-12-27,6,15,12,69b66f179390b3e4eaa4710a,vip,300,150762893,502543,-79,2,5,1029500,82360,0,50000,1061860,514750,card,paid,1,EATOMO50K,2,0,3,0,completed,1876.37,0,0,0
SYN-20251103-002404,2025-11-03T13:29:10.000Z,2025-11-03,1,20,11,69b66f179390b3e4eaa4710a,vip,300,150762893,502543,-133,2,3,609700,48776,0,75000,583476,304850,bank_transfer,paid,1,VEGGIE25,0,3,0,0,completed,3167.29,0,0,0
SYN-20251208-002405,2025-12-08T01:02:07.000Z,2025-12-08,1,8,12,69b66f179390b3e4eaa47119,regular,49,23556582,480747,-98,2,3,519700,41576,0,51970,509306,259850,momo,paid,1,PROTEIN10,1,2,0,0,completed,2339.74,0,0,0
SYN-20260313-002406,2026-03-13T08:04:46.000Z,2026-03-13,5,15,3,69b66f179390b3e4eaa47113,regular,89,41138137,462226,-3,2,5,839500,67160,0,0,906660,419750,cash,unpaid,0,,3,2,0,0,preparing,52.7,0,1,1
SYN-20250627-002407,2025-06-27T02:52:11.000Z,2025-06-27,5,9,6,69b66f189390b3e4eaa47134,regular,69,34548879,500708,-262,1,1,219900,17592,30000,0,267492,219900,momo,unpaid,0,,0,1,0,0,confirmed,6273.91,0,1,1
SYN-20251130-002408,2025-11-30T08:55:02.000Z,2025-11-30,0,15,11,69b66f179390b3e4eaa4710a,vip,300,150762893,502543,-106,2,2,289800,23184,30000,72450,270534,144900,momo,unpaid,1,FLASH25,1,0,0,1,preparing,2523.86,0,1,1
SYN-20251024-002409,2025-10-24T12:00:42.000Z,2025-10-24,5,19,10,69b66f179390b3e4eaa47113,regular,89,41138137,462226,-143,2,2,369800,29584,30000,25000,404384,184900,cash,unpaid,1,FREESHIP,1,1,0,0,confirmed,3408.77,0,1,1
SYN-20260228-002410,2026-02-28T11:25:46.000Z,2026-02-28,6,18,2,69b66f189390b3e4eaa47131,regular,82,38006436,463493,-16,2,4,809600,64768,0,25000,849368,404800,cash,paid,1,FREESHIP,2,0,2,0,completed,361.35,0,0,0
SYN-20251003-002411,2025-10-03T02:51:14.000Z,2025-10-03,5,9,10,69b66f179390b3e4eaa4710a,vip,300,150762893,502543,-164,1,1,164900,13192,30000,49470,158622,164900,momo,unpaid,1,FIRSTORDER30,0,1,0,0,cancelled,3921.92,1,0,1
SYN-20260302-002412,2026-03-02T12:23:40.000Z,2026-03-02,1,19,3,69b66f189390b3e4eaa47131,regular,82,38006436,463493,-14,2,2,404800,32384,30000,0,467184,202400,momo,unpaid,0,,0,1,1,0,preparing,312.38,0,1,1
SYN-20260208-002413,2026-02-08T04:09:47.000Z,2026-02-08,0,11,2,69b66f179390b3e4eaa47110,regular,80,39676181,495952,-36,1,1,219900,17592,30000,0,267492,219900,momo,unpaid,0,,0,1,0,0,preparing,848.61,0,1,1
SYN-20251111-002414,2025-11-11T10:30:49.000Z,2025-11-11,2,17,11,69b66f189390b3e4eaa4712e,regular,66,32415979,491151,-125,1,2,359800,28784,30000,35980,382604,359800,momo,unpaid,1,WELCOME10,0,2,0,0,confirmed,2978.26,0,1,1
SYN-20250707-002415,2025-07-07T04:51:07.000Z,2025-07-07,1,11,7,69b66f179390b3e4eaa4710d,regular,128,62788236,490533,-252,2,4,759600,60768,0,0,820368,379800,card,unpaid,0,,2,0,2,0,confirmed,6031.93,0,1,1
SYN-20250816-002416,2025-08-16T03:17:11.000Z,2025-08-16,6,10,8,69b66f179390b3e4eaa4710a,vip,300,150762893,502543,-212,2,4,819600,65568,0,0,885168,409800,momo,paid,0,,0,0,2,2,completed,5073.49,0,0,0
SYN-20251009-002417,2025-10-09T11:58:45.000Z,2025-10-09,4,18,10,69b66f179390b3e4eaa4711f,regular,96,51556197,537044,-158,2,4,799600,63968,0,0,863568,399800,cash,paid,0,,2,0,2,0,delivering,3768.8,0,1,0
SYN-20251210-002418,2025-12-10T01:37:34.000Z,2025-12-10,3,8,12,69b66f179390b3e4eaa4712b,regular,83,34910035,420603,-96,2,4,799600,63968,0,80000,783568,399800,momo,unpaid,1,FLASH25,0,4,0,0,preparing,2291.15,0,1,1
SYN-20251106-002419,2025-11-06T02:36:12.000Z,2025-11-06,4,9,11,69b66f179390b3e4eaa47122,regular,84,40357330,480444,-130,2,3,479700,38376,30000,0,548076,239850,card,unpaid,0,,3,0,0,0,delivering,3106.17,0,1,1
SYN-20250911-002420,2025-09-11T08:52:27.000Z,2025-09-11,4,15,9,69b66f179390b3e4eaa47116,regular,82,38788483,473030,-186,2,3,469700,37576,30000,80000,457276,234850,cash,paid,1,FLASH25,0,1,0,2,completed,4443.9,0,0,0
SYN-20260114-002421,2026-01-14T09:21:05.000Z,2026-01-14,3,16,1,69b66f179390b3e4eaa47116,regular,82,38788483,473030,-60,1,2,359800,28784,30000,71960,346624,359800,cash,unpaid,1,HEALTHY20,0,2,0,0,pending,1443.43,0,1,1
SYN-20251118-002422,2025-11-18T01:23:13.000Z,2025-11-18,2,8,11,69b66f179390b3e4eaa4710a,vip,300,150762893,502543,-118,1,1,149900,11992,30000,0,191892,149900,momo,paid,0,,0,0,0,1,completed,2819.39,0,0,0
SYN-20260224-002423,2026-02-24T08:13:35.000Z,2026-02-24,2,15,2,69b66f179390b3e4eaa4710a,vip,300,150762893,502543,-20,2,2,399800,31984,30000,75000,386784,199900,momo,unpaid,1,VEGGIE25,0,0,1,1,confirmed,460.55,0,1,1
SYN-20250702-002424,2025-07-02T03:16:45.000Z,2025-07-02,3,10,7,69b66f179390b3e4eaa47119,regular,49,23556582,480747,-257,2,4,779600,62368,0,50000,791968,389800,card,paid,1,EATOMO50K,0,0,2,2,completed,6153.5,0,0,0
SYN-20250731-002425,2025-07-31T04:59:48.000Z,2025-07-31,4,11,7,69b66f179390b3e4eaa47128,regular,66,34270303,519247,-228,2,2,529800,42384,0,0,572184,264900,bank_transfer,unpaid,0,,0,0,2,0,preparing,5455.78,0,1,1
SYN-20251108-002426,2025-11-08T12:51:31.000Z,2025-11-08,6,19,11,69b66f179390b3e4eaa4712b,regular,83,34910035,420603,-128,2,2,309800,24784,30000,0,364584,154900,cash,paid,0,,1,0,0,1,completed,3047.92,0,0,0
SYN-20260216-002427,2026-02-16T10:13:23.000Z,2026-02-16,1,17,2,69b66f179390b3e4eaa47119,regular,49,23556582,480747,-28,2,3,509700,40776,0,0,550476,254850,momo,unpaid,0,,0,0,1,2,confirmed,650.55,0,1,1
SYN-20260308-002428,2026-03-08T05:50:47.000Z,2026-03-08,0,12,3,69b66f189390b3e4eaa47134,regular,69,34548879,500708,-8,2,3,579700,46376,0,50000,576076,289850,momo,unpaid,1,EATOMO50K,0,3,0,0,confirmed,174.93,0,1,1
SYN-20251012-002429,2025-10-12T02:20:59.000Z,2025-10-12,0,9,10,69b66f179390b3e4eaa4711f,regular,96,51556197,537044,-155,2,3,439700,35176,30000,0,504876,219850,bank_transfer,unpaid,0,,1,0,0,2,delivering,3706.43,0,1,1
SYN-20250917-002430,2025-09-17T05:17:41.000Z,2025-09-17,3,12,9,69b66f179390b3e4eaa47119,regular,49,23556582,480747,-180,2,3,439700,35176,30000,75000,429876,219850,momo,unpaid,1,VEGGIE25,1,0,0,2,confirmed,4303.48,0,1,1
SYN-20251030-002431,2025-10-30T14:01:02.000Z,2025-10-30,4,21,10,69b66f179390b3e4eaa47116,regular,82,38788483,473030,-136,2,5,914500,73160,0,0,987660,457250,momo,unpaid,0,,3,2,0,0,preparing,3262.76,0,1,1
SYN-20251118-002432,2025-11-18T08:08:38.000Z,2025-11-18,2,15,11,69b66f179390b3e4eaa4710a,vip,300,150762893,502543,-118,2,2,419800,33584,30000,75000,408384,209900,cash,paid,1,VEGGIE25,0,0,1,1,delivering,2812.63,0,1,0
SYN-20250704-002433,2025-07-04T14:19:56.000Z,2025-07-04,5,21,7,69b66f179390b3e4eaa4710a,vip,300,150762893,502543,-255,1,2,279800,22384,30000,0,332184,279800,card,unpaid,0,,2,0,0,0,preparing,6094.45,0,1,1
SYN-20250925-002434,2025-09-25T06:22:47.000Z,2025-09-25,4,13,9,69b66f179390b3e4eaa4711f,regular,96,51556197,537044,-172,1,2,479800,38384,30000,0,548184,479800,cash,unpaid,0,,0,0,2,0,pending,4110.4,0,1,1
SYN-20250906-002435,2025-09-06T06:57:47.000Z,2025-09-06,6,13,9,69b66f179390b3e4eaa4710d,regular,128,62788236,490533,-191,1,1,179900,14392,30000,0,224292,179900,cash,unpaid,0,,0,1,0,0,pending,4565.81,0,1,1
SYN-20250617-002436,2025-06-17T07:37:23.000Z,2025-06-17,2,14,6,69b66f179390b3e4eaa4710a,vip,300,150762893,502543,-272,2,4,879600,70368,0,50000,899968,439800,cash,unpaid,1,EATOMO50K,0,2,2,0,cancelled,6509.15,1,0,1
SYN-20260131-002437,2026-01-31T03:34:16.000Z,2026-01-31,6,10,1,69b66f179390b3e4eaa4712b,regular,83,34910035,420603,-44,2,4,589600,47168,0,100000,536768,294800,momo,paid,1,VIP100K,0,2,0,2,completed,1041.21,0,0,0
SYN-20250612-002438,2025-06-12T04:15:13.000Z,2025-06-12,4,11,6,69b66f179390b3e4eaa4710a,vip,300,150762893,502543,-277,1,1,139900,11192,30000,0,181092,139900,momo,unpaid,0,,0,0,0,1,preparing,6632.52,0,1,1
SYN-20260112-002439,2026-01-12T07:59:47.000Z,2026-01-12,1,14,1,69b66f179390b3e4eaa4710a,vip,300,150762893,502543,-63,2,3,729700,58376,0,50000,738076,364850,card,paid,1,EATOMO50K,0,0,3,0,completed,1492.78,0,0,0
SYN-20251010-002440,2025-10-10T13:08:59.000Z,2025-10-10,5,20,10,69b66f189390b3e4eaa47134,regular,69,34548879,500708,-157,1,1,189900,15192,30000,0,235092,189900,momo,unpaid,0,,0,1,0,0,completed,3743.63,0,0,1
SYN-20250821-002441,2025-08-21T11:22:29.000Z,2025-08-21,4,18,8,69b66f179390b3e4eaa47125,regular,78,39418164,505361,-207,1,1,169900,13592,30000,42475,171017,169900,card,unpaid,1,FLASH25,1,0,0,0,pending,4945.4,0,1,1
SYN-20260107-002442,2026-01-07T10:09:51.000Z,2026-01-07,3,17,1,69b66f179390b3e4eaa4710a,vip,300,150762893,502543,-68,2,2,309800,24784,30000,50000,314584,154900,card,paid,1,EATOMO50K,2,0,0,0,delivering,1610.61,0,1,0
SYN-20260116-002443,2026-01-16T10:36:24.000Z,2026-01-16,5,17,1,69b66f189390b3e4eaa47134,regular,69,34548879,500708,-59,1,1,209900,16792,30000,0,256692,209900,bank_transfer,unpaid,0,,0,1,0,0,cancelled,1394.17,1,0,1
SYN-20260123-002444,2026-01-23T04:58:06.000Z,2026-01-23,5,11,1,69b66f179390b3e4eaa47116,regular,82,38788483,473030,-52,1,2,379800,30384,30000,37980,402204,379800,bank_transfer,unpaid,1,PROTEIN10,0,2,0,0,completed,1231.81,0,0,1
SYN-20251216-002445,2025-12-16T09:51:59.000Z,2025-12-16,2,16,12,69b66f179390b3e4eaa4710a,vip,300,150762893,502543,-90,2,3,599700,47976,0,120000,527676,299850,momo,paid,1,FIRSTORDER30,0,3,0,0,completed,2138.91,0,0,0
SYN-20251203-002446,2025-12-03T02:31:31.000Z,2025-12-03,3,9,12,69b66f179390b3e4eaa47113,regular,89,41138137,462226,-103,2,2,359800,28784,30000,80000,338584,179900,cash,unpaid,1,FLASH25,1,1,0,0,delivering,2458.25,0,1,1
SYN-20251201-002447,2025-12-01T06:57:22.000Z,2025-12-01,1,13,12,69b66f189390b3e4eaa47134,regular,69,34548879,500708,-105,2,2,289800,23184,30000,72450,270534,144900,momo,paid,1,FLASH25,0,0,0,2,delivering,2501.82,0,1,0
SYN-20251202-002448,2025-12-02T13:01:22.000Z,2025-12-02,2,20,12,69b66f179390b3e4eaa4710a,vip,300,150762893,502543,-104,2,4,814600,65168,0,0,879768,407300,bank_transfer,paid,0,,1,0,3,0,delivering,2471.75,0,1,0
SYN-20260315-002449,2026-03-15T08:38:45.000Z,2026-03-15,0,15,3,69b66f179390b3e4eaa47113,regular,89,41138137,462226,-1,1,1,259900,20792,30000,0,310692,259900,bank_transfer,unpaid,0,,0,0,1,0,preparing,4.13,0,1,1
SYN-20260103-002450,2026-01-03T10:18:05.000Z,2026-01-03,6,17,1,69b66f179390b3e4eaa47128,regular,66,34270303,519247,-71,1,1,189900,15192,30000,0,235092,189900,momo,paid,0,,0,1,0,0,completed,1706.48,0,0,0
SYN-20250415-002451,2025-04-15T04:20:10.000Z,2025-04-15,2,11,4,69b66f179390b3e4eaa47110,regular,80,39676181,495952,-335,2,2,489800,39184,30000,48980,510004,244900,bank_transfer,paid,1,WELCOME10,0,0,2,0,completed,8024.44,0,0,0
SYN-20260305-002452,2026-03-05T10:05:54.000Z,2026-03-05,4,17,3,69b66f179390b3e4eaa4711f,regular,96,51556197,537044,-11,2,4,1019600,81568,0,100000,1001168,509800,cash,paid,1,HEALTHY20,0,0,4,0,completed,242.68,0,0,0
SYN-20250724-002453,2025-07-24T08:43:34.000Z,2025-07-24,4,15,7,69b66f179390b3e4eaa47122,regular,84,40357330,480444,-235,2,4,659600,52768,0,50000,662368,329800,cash,paid,1,EATOMO50K,4,0,0,0,completed,5620.05,0,0,0
SYN-20260311-002454,2026-03-11T01:19:45.000Z,2026-03-11,3,8,3,69b66f179390b3e4eaa4710a,vip,300,150762893,502543,-5,2,2,369800,29584,30000,0,429384,184900,momo,unpaid,0,,0,2,0,0,confirmed,107.45,0,1,1
SYN-20260109-002455,2026-01-09T05:44:22.000Z,2026-01-09,5,12,1,69b66f179390b3e4eaa47113,regular,89,41138137,462226,-66,2,4,899600,71968,0,50000,921568,449800,momo,paid,1,EATOMO50K,0,2,2,0,completed,1567.04,0,0,0
SYN-20251031-002456,2025-10-31T01:00:03.000Z,2025-10-31,5,8,10,69b66f179390b3e4eaa4710a,vip,300,150762893,502543,-136,1,1,259900,20792,30000,25990,284702,259900,momo,unpaid,1,WELCOME10,0,0,1,0,preparing,3251.78,0,1,1
SYN-20250330-002457,2025-03-30T08:03:22.000Z,2025-03-30,0,15,3,69b66f189390b3e4eaa47131,regular,82,38006436,463493,-351,2,3,694700,55576,0,80000,670276,347350,card,unpaid,1,FLASH25,1,0,2,0,completed,8404.72,0,0,1
SYN-20251210-002458,2025-12-10T07:51:37.000Z,2025-12-10,3,14,12,69b66f179390b3e4eaa4710a,vip,300,150762893,502543,-96,2,2,429800,34384,30000,50000,444184,214900,card,paid,1,EATOMO50K,0,1,1,0,delivering,2284.92,0,1,0
SYN-20250910-002459,2025-09-10T10:34:35.000Z,2025-09-10,3,17,9,69b66f179390b3e4eaa47116,regular,82,38788483,473030,-186,1,1,209900,16792,30000,0,256692,209900,cash,paid,0,,0,1,0,0,completed,4466.2,0,0,0
SYN-20260313-002460,2026-03-13T10:47:40.000Z,2026-03-13,5,17,3,69b66f189390b3e4eaa4712e,regular,66,32415979,491151,-3,1,2,279800,22384,30000,0,332184,279800,card,refunded,0,,0,0,0,2,cancelled,49.98,1,0,0
SYN-20251108-002461,2025-11-08T06:36:17.000Z,2025-11-08,6,13,11,69b66f179390b3e4eaa47116,regular,82,38788483,473030,-128,1,1,199900,15992,30000,25000,220892,199900,momo,paid,1,FREESHIP,0,1,0,0,delivering,3054.17,0,1,0
SYN-20251210-002462,2025-12-10T05:52:47.000Z,2025-12-10,3,12,12,69b66f179390b3e4eaa47119,regular,49,23556582,480747,-96,2,3,529700,42376,0,0,572076,264850,card,unpaid,0,,0,2,0,1,pending,2286.9,0,1,1
SYN-20260205-002463,2026-02-05T14:46:57.000Z,2026-02-05,4,21,2,69b66f189390b3e4eaa4712e,regular,66,32415979,491151,-38,2,3,559700,44776,0,0,604476,279850,card,unpaid,0,,2,0,1,0,confirmed,910,0,1,1
SYN-20250425-002464,2025-04-25T08:17:18.000Z,2025-04-25,5,15,4,69b66f179390b3e4eaa47113,regular,89,41138137,462226,-325,2,4,639600,51168,0,75000,615768,319800,cash,paid,1,VEGGIE25,0,0,1,3,completed,7780.49,0,0,0
SYN-20250917-002465,2025-09-17T11:29:24.000Z,2025-09-17,3,18,9,69b66f179390b3e4eaa4711f,regular,96,51556197,537044,-180,2,2,429800,34384,30000,75000,419184,214900,momo,paid,1,VEGGIE25,0,1,1,0,completed,4297.29,0,0,0
SYN-20260315-002466,2026-03-15T03:15:04.000Z,2026-03-15,0,10,3,69b66f179390b3e4eaa4710a,vip,300,150762893,502543,-1,1,1,269900,21592,30000,80970,240522,269900,momo,unpaid,1,FIRSTORDER30,0,0,1,0,preparing,9.53,0,1,1
SYN-20250421-002467,2025-04-21T10:47:27.000Z,2025-04-21,1,17,4,69b66f179390b3e4eaa4710a,vip,300,150762893,502543,-329,2,3,539700,43176,0,50000,532876,269850,momo,unpaid,1,EATOMO50K,0,0,1,2,confirmed,7873.99,0,1,1
SYN-20250704-002468,2025-07-04T10:09:58.000Z,2025-07-04,5,17,7,69b66f179390b3e4eaa4710a,vip,300,150762893,502543,-255,2,2,499800,39984,30000,25000,544784,249900,momo,refunded,1,FREESHIP,0,0,2,0,cancelled,6098.61,1,0,0
SYN-20260224-002469,2026-02-24T01:27:27.000Z,2026-02-24,2,8,2,69b66f179390b3e4eaa4710a,vip,300,150762893,502543,-20,2,4,979600,78368,0,50000,1007968,489800,card,paid,1,EATOMO50K,0,0,4,0,completed,467.32,0,0,0
SYN-20250425-002470,2025-04-25T05:05:38.000Z,2025-04-25,5,12,4,69b66f179390b3e4eaa47128,regular,66,34270303,519247,-325,2,2,289800,23184,30000,72450,270534,144900,bank_transfer,paid,1,VEGGIE25,0,0,0,2,completed,7783.68,0,0,0
SYN-20251015-002471,2025-10-15T13:42:07.000Z,2025-10-15,3,20,10,69b66f179390b3e4eaa4712b,regular,83,34910035,420603,-151,1,1,239900,19192,30000,59975,229117,239900,card,paid,1,VEGGIE25,0,0,1,0,completed,3623.08,0,0,0
SYN-20260209-002472,2026-02-09T04:59:39.000Z,2026-02-09,1,11,2,69b66f179390b3e4eaa4711f,regular,96,51556197,537044,-35,2,3,579700,46376,0,50000,576076,289850,cash,paid,1,EATOMO50K,0,3,0,0,delivering,823.78,0,1,0
SYN-20250519-002473,2025-05-19T04:12:20.000Z,2025-05-19,1,11,5,69b66f189390b3e4eaa4712e,regular,66,32415979,491151,-301,1,1,159900,12792,30000,0,202692,159900,cash,unpaid,0,,1,0,0,0,preparing,7208.57,0,1,1
SYN-20251119-002474,2025-11-19T08:10:03.000Z,2025-11-19,3,15,11,69b66f179390b3e4eaa47110,regular,80,39676181,495952,-117,2,4,619600,49568,0,0,669168,309800,cash,unpaid,0,,4,0,0,0,confirmed,2788.61,0,1,1
SYN-20250609-002475,2025-06-09T12:29:59.000Z,2025-06-09,1,19,6,69b66f179390b3e4eaa47128,regular,66,34270303,519247,-279,2,2,409800,32784,30000,0,472584,204900,card,unpaid,0,,1,0,1,0,completed,6696.28,0,0,1
SYN-20250816-002476,2025-08-16T02:18:45.000Z,2025-08-16,6,9,8,69b66f179390b3e4eaa4710d,regular,128,62788236,490533,-212,2,3,419700,33576,30000,0,483276,209850,cash,unpaid,0,,0,0,0,3,preparing,5074.47,0,1,1
SYN-20250521-002477,2025-05-21T03:29:46.000Z,2025-05-21,3,10,5,69b66f179390b3e4eaa47122,regular,84,40357330,480444,-299,1,2,339800,27184,30000,50000,346984,339800,bank_transfer,unpaid,1,EATOMO50K,2,0,0,0,confirmed,7161.28,0,1,1
SYN-20260113-002478,2026-01-13T08:35:35.000Z,2026-01-13,2,15,1,69b66f189390b3e4eaa47131,regular,82,38006436,463493,-62,2,2,444800,35584,30000,88960,421424,222400,cash,paid,1,HEALTHY20,0,1,1,0,delivering,1468.18,0,1,0
SYN-20250803-002479,2025-08-03T10:53:42.000Z,2025-08-03,0,17,8,69b66f179390b3e4eaa47119,regular,49,23556582,480747,-225,2,3,539700,43176,0,0,582876,269850,cash,unpaid,0,,2,1,0,0,confirmed,5377.88,0,1,1
SYN-20250619-002480,2025-06-19T11:20:29.000Z,2025-06-19,4,18,6,69b66f179390b3e4eaa4710a,vip,300,150762893,502543,-270,2,2,354800,28384,30000,53220,359964,177400,momo,paid,1,SUMMER15,1,1,0,0,completed,6457.44,0,0,0
SYN-20250705-002481,2025-07-05T03:00:21.000Z,2025-07-05,6,10,7,69b66f179390b3e4eaa47113,regular,89,41138137,462226,-254,1,1,189900,15192,30000,0,235092,189900,momo,unpaid,0,,0,1,0,0,preparing,6081.77,0,1,1
SYN-20250709-002482,2025-07-09T10:13:40.000Z,2025-07-09,3,17,7,69b66f179390b3e4eaa4710a,vip,300,150762893,502543,-250,2,3,649700,51976,0,0,701676,324850,cash,unpaid,0,,0,1,2,0,confirmed,5978.55,0,1,1
SYN-20260309-002483,2026-03-09T10:39:12.000Z,2026-03-09,1,17,3,69b66f179390b3e4eaa4711c,regular,50,24230795,484616,-7,2,4,799600,63968,0,50000,813568,399800,momo,unpaid,1,EATOMO50K,0,4,0,0,preparing,146.12,0,1,1
SYN-20250417-002484,2025-04-17T04:05:34.000Z,2025-04-17,4,11,4,69b66f179390b3e4eaa47128,regular,66,34270303,519247,-333,2,3,429700,34376,30000,0,494076,214850,momo,unpaid,0,,0,0,0,3,preparing,7976.68,0,1,1
SYN-20250906-002485,2025-09-06T02:04:11.000Z,2025-09-06,6,9,9,69b66f179390b3e4eaa4710a,vip,300,150762893,502543,-191,2,4,939600,75168,0,0,1014768,469800,bank_transfer,unpaid,0,,0,0,4,0,completed,4570.71,0,0,1
SYN-20251127-002486,2025-11-27T11:49:58.000Z,2025-11-27,4,18,11,69b66f179390b3e4eaa47119,regular,49,23556582,480747,-109,2,2,479800,38384,30000,120000,428184,239900,momo,paid,1,FIRSTORDER30,0,0,2,0,completed,2592.94,0,0,0
SYN-20251224-002487,2025-12-24T05:11:34.000Z,2025-12-24,3,12,12,69b66f179390b3e4eaa47122,regular,84,40357330,480444,-82,2,2,309800,24784,30000,75000,289584,154900,cash,unpaid,1,VEGGIE25,1,0,0,1,delivering,1951.58,0,1,1
SYN-20250728-002488,2025-07-28T04:57:08.000Z,2025-07-28,1,11,7,69b66f179390b3e4eaa4710d,regular,128,62788236,490533,-231,2,3,579700,46376,0,0,626076,289850,cash,unpaid,0,,0,2,0,1,cancelled,5527.83,1,0,1
SYN-20250410-002489,2025-04-10T06:58:35.000Z,2025-04-10,4,13,4,69b66f189390b3e4eaa47131,regular,82,38006436,463493,-340,1,1,239900,19192,30000,0,289092,239900,card,unpaid,0,,0,0,1,0,confirmed,8141.8,0,1,1
SYN-20251106-002490,2025-11-06T12:13:27.000Z,2025-11-06,4,19,11,69b66f179390b3e4eaa4710a,vip,300,150762893,502543,-130,1,2,279800,22384,30000,25000,307184,279800,momo,paid,1,FREESHIP,0,0,0,2,completed,3096.55,0,0,0
SYN-20251003-002491,2025-10-03T06:20:59.000Z,2025-10-03,5,13,10,69b66f179390b3e4eaa4711f,regular,96,51556197,537044,-164,2,3,659700,52776,0,100000,612476,329850,cash,unpaid,1,VIP100K,0,2,1,0,preparing,3918.43,0,1,1
SYN-20260315-002492,2026-03-15T01:15:54.000Z,2026-03-15,0,8,3,69b66f179390b3e4eaa4710a,vip,300,150762893,502543,-1,2,3,524700,41976,0,52470,514206,262350,card,paid,1,PROTEIN10,3,0,0,0,delivering,11.51,0,1,0
SYN-20251101-002493,2025-11-01T10:07:25.000Z,2025-11-01,6,17,11,69b66f179390b3e4eaa47125,regular,78,39418164,505361,-135,2,4,659600,52768,0,60000,652368,329800,momo,paid,1,PROTEIN10,0,2,0,2,completed,3218.65,0,0,0
SYN-20250405-002494,2025-04-05T10:51:07.000Z,2025-04-05,6,17,4,69b66f179390b3e4eaa47128,regular,66,34270303,519247,-344,1,2,499800,39984,30000,75000,494784,499800,cash,paid,1,VEGGIE25,0,0,2,0,completed,8257.93,0,0,0
SYN-20260301-002495,2026-03-01T14:22:14.000Z,2026-03-01,0,21,3,69b66f179390b3e4eaa4710a,vip,300,150762893,502543,-15,1,1,199900,15992,30000,0,245892,199900,momo,unpaid,0,,0,1,0,0,pending,334.41,0,1,1
SYN-20260208-002496,2026-02-08T06:01:30.000Z,2026-02-08,0,13,2,69b66f179390b3e4eaa4710a,vip,300,150762893,502543,-36,2,2,439800,35184,30000,0,504984,219900,bank_transfer,paid,0,,0,1,1,0,completed,846.75,0,0,0
SYN-20250405-002497,2025-04-05T07:23:00.000Z,2025-04-05,6,14,4,69b66f179390b3e4eaa4712b,regular,83,34910035,420603,-345,1,1,149900,11992,30000,0,191892,149900,cash,paid,0,,0,0,0,1,completed,8261.39,0,0,0
SYN-20250722-002498,2025-07-22T08:02:53.000Z,2025-07-22,2,15,7,69b66f189390b3e4eaa47134,regular,69,34548879,500708,-237,2,5,949500,75960,0,25000,1000460,474750,cash,unpaid,1,FREESHIP,3,2,0,0,completed,5668.73,0,0,1
SYN-20251115-002499,2025-11-15T06:12:33.000Z,2025-11-15,6,13,11,69b66f179390b3e4eaa47128,regular,66,34270303,519247,-121,2,4,839600,67168,0,100000,806768,419800,cash,unpaid,1,HEALTHY20,2,0,2,0,preparing,2886.57,0,1,1
SYN-20260211-002500,2026-02-11T07:42:13.000Z,2026-02-11,3,14,2,69b66f179390b3e4eaa4710a,vip,300,150762893,502543,-33,2,3,619700,49576,0,50000,619276,309850,cash,paid,1,EATOMO50K,0,0,2,1,delivering,773.07,0,1,0
SYN-20260129-002501,2026-01-29T04:19:04.000Z,2026-01-29,4,11,1,69b66f179390b3e4eaa4710d,regular,128,62788236,490533,-46,1,1,269900,21592,30000,53980,267512,269900,bank_transfer,unpaid,1,HEALTHY20,0,0,1,0,cancelled,1088.46,1,0,1
SYN-20260104-002502,2026-01-04T11:57:04.000Z,2026-01-04,0,18,1,69b66f179390b3e4eaa4710d,regular,128,62788236,490533,-70,1,1,149900,11992,30000,0,191892,149900,card,paid,0,,1,0,0,0,completed,1680.83,0,0,0
SYN-20250924-002503,2025-09-24T10:53:41.000Z,2025-09-24,3,17,9,69b66f189390b3e4eaa47131,regular,82,38006436,463493,-173,2,4,819600,65568,0,0,885168,409800,card,unpaid,0,,0,0,2,2,completed,4129.88,0,0,1
SYN-20250723-002504,2025-07-23T01:10:58.000Z,2025-07-23,3,8,7,69b66f179390b3e4eaa4711f,regular,96,51556197,537044,-236,2,4,729600,58368,0,80000,707968,364800,momo,unpaid,1,FLASH25,3,0,1,0,confirmed,5651.59,0,1,1
SYN-20260210-002505,2026-02-10T07:56:46.000Z,2026-02-10,2,14,2,69b66f179390b3e4eaa47116,regular,82,38788483,473030,-34,2,3,549700,43976,0,100000,493676,274850,cash,paid,1,HEALTHY20,2,0,1,0,completed,796.83,0,0,0
SYN-20251117-002506,2025-11-17T05:13:31.000Z,2025-11-17,1,12,11,69b66f179390b3e4eaa4710a,vip,300,150762893,502543,-119,2,2,364800,29184,30000,36480,387504,182400,momo,paid,1,PROTEIN10,1,1,0,0,completed,2839.55,0,0,0
SYN-20251030-002507,2025-10-30T11:42:41.000Z,2025-10-30,4,18,10,69b66f179390b3e4eaa4710a,vip,300,150762893,502543,-137,2,3,679700,54376,0,0,734076,339850,card,unpaid,0,,0,1,2,0,confirmed,3265.07,0,1,1
SYN-20250807-002508,2025-08-07T13:17:03.000Z,2025-08-07,4,20,8,69b66f179390b3e4eaa4712b,regular,83,34910035,420603,-221,1,3,689700,55176,0,50000,694876,689700,momo,paid,1,EATOMO50K,0,0,3,0,delivering,5279.49,0,1,0
SYN-20251116-002509,2025-11-16T03:33:06.000Z,2025-11-16,0,10,11,69b66f179390b3e4eaa4710a,vip,300,150762893,502543,-120,2,4,939600,75168,0,120000,894768,469800,momo,paid,1,FIRSTORDER30,0,0,4,0,completed,2865.23,0,0,0
SYN-20250416-002510,2025-04-16T10:28:21.000Z,2025-04-16,3,17,4,69b66f179390b3e4eaa4710a,vip,300,150762893,502543,-334,2,2,409800,32784,30000,0,472584,204900,momo,paid,0,,1,0,1,0,completed,7994.31,0,0,0
SYN-20260304-002511,2026-03-04T14:30:07.000Z,2026-03-04,3,21,3,69b66f179390b3e4eaa4712b,regular,83,34910035,420603,-11,1,1,139900,11192,30000,13990,167102,139900,cash,paid,1,WELCOME10,0,0,0,1,completed,262.28,0,0,0
SYN-20260305-002512,2026-03-05T12:32:09.000Z,2026-03-05,4,19,3,69b66f189390b3e4eaa47134,regular,69,34548879,500708,-11,2,2,399800,31984,30000,80000,381784,199900,momo,unpaid,1,FLASH25,0,2,0,0,completed,240.24,0,0,1
SYN-20250912-002513,2025-09-12T11:57:52.000Z,2025-09-12,5,18,9,69b66f179390b3e4eaa47128,regular,66,34270303,519247,-184,2,2,389800,31184,30000,58470,392514,194900,card,unpaid,1,SUMMER15,0,0,1,1,delivering,4416.81,0,1,1
SYN-20250828-002514,2025-08-28T13:40:32.000Z,2025-08-28,4,20,8,69b66f179390b3e4eaa4710a,vip,300,150762893,502543,-200,2,3,709700,56776,0,75000,691476,354850,card,paid,1,VEGGIE25,0,1,2,0,completed,4775.1,0,0,0
SYN-20260104-002515,2026-01-04T11:09:58.000Z,2026-01-04,0,18,1,69b66f179390b3e4eaa47116,regular,82,38788483,473030,-70,2,2,439800,35184,30000,0,504984,219900,momo,unpaid,0,,1,0,1,0,pending,1681.61,0,1,1
SYN-20250910-002516,2025-09-10T14:35:40.000Z,2025-09-10,3,21,9,69b66f179390b3e4eaa47113,regular,89,41138137,462226,-186,1,1,179900,14392,30000,0,224292,179900,cash,paid,0,,0,1,0,0,completed,4462.18,0,0,0
SYN-20251102-002517,2025-11-02T04:57:41.000Z,2025-11-02,0,11,11,69b66f179390b3e4eaa47125,regular,78,39418164,505361,-134,2,3,449700,35976,30000,50000,465676,224850,cash,unpaid,1,EATOMO50K,0,1,0,2,preparing,3199.82,0,1,1
SYN-20260307-002518,2026-03-07T01:48:12.000Z,2026-03-07,6,8,3,69b66f179390b3e4eaa4710a,vip,300,150762893,502543,-9,1,1,249900,19992,30000,0,299892,249900,card,paid,0,,0,0,1,0,completed,202.97,0,0,0
SYN-20251102-002519,2025-11-02T11:18:03.000Z,2025-11-02,0,18,11,69b66f179390b3e4eaa47113,regular,89,41138137,462226,-134,2,4,849600,67968,0,0,917568,424800,momo,unpaid,0,,1,0,3,0,confirmed,3193.48,0,1,1
SYN-20260308-002520,2026-03-08T08:20:27.000Z,2026-03-08,0,15,3,69b66f179390b3e4eaa47113,regular,89,41138137,462226,-8,1,1,189900,15192,30000,28485,206607,189900,momo,paid,1,SUMMER15,0,1,0,0,delivering,172.44,0,1,0
SYN-20250620-002521,2025-06-20T04:56:40.000Z,2025-06-20,5,11,6,69b66f189390b3e4eaa47131,regular,82,38006436,463493,-269,1,1,259900,20792,30000,0,310692,259900,cash,unpaid,0,,0,0,1,0,pending,6439.83,0,1,1
SYN-20260305-002522,2026-03-05T01:46:18.000Z,2026-03-05,4,8,3,69b66f179390b3e4eaa4710a,vip,300,150762893,502543,-11,2,3,529700,42376,0,50000,522076,264850,momo,unpaid,1,EATOMO50K,2,0,1,0,completed,251.01,0,0,1
SYN-20250322-002523,2025-03-22T03:34:44.000Z,2025-03-22,6,10,3,69b66f179390b3e4eaa4710a,vip,300,150762893,502543,-359,2,3,439700,35176,30000,75000,429876,219850,momo,unpaid,1,VEGGIE25,2,0,0,1,completed,8601.2,0,0,1
SYN-20260217-002524,2026-02-17T14:21:02.000Z,2026-02-17,2,21,2,69b66f179390b3e4eaa47128,regular,66,34270303,519247,-26,2,2,389800,31184,30000,38980,412004,194900,cash,paid,1,PROTEIN10,0,2,0,0,delivering,622.43,0,1,0
SYN-20260315-002525,2026-03-15T06:23:58.000Z,2026-03-15,0,13,3,69b66f179390b3e4eaa47122,regular,84,40357330,480444,-1,2,3,479700,38376,30000,75000,473076,239850,card,paid,1,VEGGIE25,0,1,0,2,delivering,6.38,0,1,0
SYN-20250530-002526,2025-05-30T04:37:16.000Z,2025-05-30,5,11,5,69b66f179390b3e4eaa47128,regular,66,34270303,519247,-290,1,2,499800,39984,30000,49980,519804,499800,momo,paid,1,PROTEIN10,0,0,2,0,delivering,6944.16,0,1,0
SYN-20251228-002527,2025-12-28T03:18:48.000Z,2025-12-28,0,10,12,69b66f179390b3e4eaa47128,regular,66,34270303,519247,-78,2,2,409800,32784,30000,0,472584,204900,momo,unpaid,0,,0,2,0,0,confirmed,1857.46,0,1,1
SYN-20251028-002528,2025-10-28T14:42:21.000Z,2025-10-28,2,21,10,69b66f179390b3e4eaa47113,regular,89,41138137,462226,-138,1,2,419800,33584,30000,83960,399424,419800,momo,unpaid,1,HEALTHY20,0,2,0,0,cancelled,3310.07,1,0,1
SYN-20260311-002529,2026-03-11T03:55:49.000Z,2026-03-11,3,10,3,69b66f179390b3e4eaa47119,regular,49,23556582,480747,-5,1,1,149900,11992,30000,25000,166892,149900,cash,paid,1,FREESHIP,1,0,0,0,delivering,104.85,0,1,0
SYN-20251128-002530,2025-11-28T04:27:25.000Z,2025-11-28,5,11,11,69b66f179390b3e4eaa4710a,vip,300,150762893,502543,-108,2,4,719600,57568,0,50000,727168,359800,card,paid,1,EATOMO50K,3,0,1,0,completed,2576.32,0,0,0
SYN-20260109-002531,2026-01-09T04:04:13.000Z,2026-01-09,5,11,1,69b66f179390b3e4eaa47113,regular,89,41138137,462226,-66,2,3,679700,54376,0,100000,634076,339850,momo,unpaid,1,VIP100K,1,0,2,0,pending,1568.71,0,1,1
SYN-20251202-002532,2025-12-02T07:06:59.000Z,2025-12-02,2,14,12,69b66f189390b3e4eaa47134,regular,69,34548879,500708,-104,1,1,219900,17592,30000,0,267492,219900,momo,paid,0,,0,1,0,0,delivering,2477.66,0,1,0
SYN-20251020-002533,2025-10-20T13:20:47.000Z,2025-10-20,1,20,10,69b66f179390b3e4eaa4710a,vip,300,150762893,502543,-147,1,3,719700,57576,0,50000,727276,719700,card,paid,1,EATOMO50K,0,0,3,0,delivering,3503.43,0,1,0
SYN-20260122-002534,2026-01-22T07:03:35.000Z,2026-01-22,4,14,1,69b66f179390b3e4eaa47128,regular,66,34270303,519247,-53,1,1,229900,18392,30000,0,278292,229900,cash,unpaid,0,,0,0,1,0,confirmed,1253.72,0,1,1
SYN-20250706-002535,2025-07-06T08:09:21.000Z,2025-07-06,0,15,7,69b66f179390b3e4eaa4711f,regular,96,51556197,537044,-253,2,2,339800,27184,30000,67960,329024,169900,cash,paid,1,HEALTHY20,1,1,0,0,completed,6052.62,0,0,0
SYN-20260111-002536,2026-01-11T06:12:09.000Z,2026-01-11,0,13,1,69b66f189390b3e4eaa4712e,regular,66,32415979,491151,-64,2,4,639600,51168,0,0,690768,319800,momo,unpaid,0,,4,0,0,0,confirmed,1518.58,0,1,1
SYN-20250413-002537,2025-04-13T02:37:53.000Z,2025-04-13,0,9,4,69b66f189390b3e4eaa4712e,regular,66,32415979,491151,-337,2,2,364800,29184,30000,0,423984,182400,card,unpaid,0,,0,2,0,0,confirmed,8074.15,0,1,1
SYN-20251123-002538,2025-11-23T02:08:48.000Z,2025-11-23,0,9,11,69b66f179390b3e4eaa4711c,regular,50,24230795,484616,-113,2,5,1149500,91960,0,50000,1191460,574750,cash,paid,1,EATOMO50K,0,2,3,0,completed,2698.63,0,0,0
SYN-20251006-002539,2025-10-06T01:55:03.000Z,2025-10-06,1,8,10,69b66f179390b3e4eaa47128,regular,66,34270303,519247,-161,1,1,249900,19992,30000,37485,262407,249900,cash,unpaid,1,SUMMER15,0,0,1,0,preparing,3850.86,0,1,1
SYN-20251210-002540,2025-12-10T01:26:30.000Z,2025-12-10,3,8,12,69b66f179390b3e4eaa4710a,vip,300,150762893,502543,-96,2,2,449800,35984,30000,50000,465784,224900,cash,unpaid,1,EATOMO50K,1,0,1,0,pending,2291.34,0,1,1
SYN-20250808-002541,2025-08-08T12:30:35.000Z,2025-08-08,5,19,8,69b66f179390b3e4eaa47122,regular,84,40357330,480444,-219,2,4,649600,51968,0,0,701568,324800,cash,paid,0,,4,0,0,0,completed,5256.27,0,0,0
SYN-20250816-002542,2025-08-16T10:55:41.000Z,2025-08-16,6,17,8,69b66f189390b3e4eaa47131,regular,82,38006436,463493,-212,2,3,509700,40776,0,0,550476,254850,momo,unpaid,0,,2,1,0,0,completed,5065.85,0,0,1
SYN-20250409-002543,2025-04-09T12:16:57.000Z,2025-04-09,3,19,4,69b66f179390b3e4eaa47119,regular,49,23556582,480747,-341,1,1,189900,15192,30000,0,235092,189900,momo,paid,0,,0,1,0,0,completed,8160.5,0,0,0
SYN-20250514-002544,2025-05-14T08:11:22.000Z,2025-05-14,3,15,5,69b66f179390b3e4eaa47116,regular,82,38788483,473030,-306,2,3,644700,51576,0,25000,671276,322350,cash,unpaid,1,FREESHIP,1,0,2,0,completed,7324.59,0,0,1
SYN-20250808-002545,2025-08-08T09:22:14.000Z,2025-08-08,5,16,8,69b66f179390b3e4eaa4710a,vip,300,150762893,502543,-220,2,3,589700,47176,0,50000,586876,294850,momo,unpaid,1,EATOMO50K,0,3,0,0,preparing,5259.41,0,1,1
SYN-20250930-002546,2025-09-30T14:05:04.000Z,2025-09-30,2,21,9,69b66f179390b3e4eaa4710a,vip,300,150762893,502543,-167,2,3,659700,52776,0,50000,662476,329850,bank_transfer,paid,1,EATOMO50K,0,2,1,0,delivering,3982.69,0,1,0
SYN-20250701-002547,2025-07-01T05:16:27.000Z,2025-07-01,2,12,7,69b66f179390b3e4eaa47128,regular,66,34270303,519247,-258,1,2,329800,26384,30000,32980,353204,329800,card,unpaid,1,PROTEIN10,0,2,0,0,confirmed,6175.5,0,1,1
SYN-20251012-002548,2025-10-12T06:53:57.000Z,2025-10-12,0,13,10,69b66f179390b3e4eaa47110,regular,80,39676181,495952,-155,2,4,599600,47968,0,0,647568,299800,momo,paid,0,,0,0,0,4,delivering,3701.88,0,1,0
SYN-20260215-002549,2026-02-15T04:44:15.000Z,2026-02-15,0,11,2,69b66f179390b3e4eaa4712b,regular,83,34910035,420603,-29,1,1,209900,16792,30000,52475,204217,209900,momo,unpaid,1,VEGGIE25,0,1,0,0,completed,680.04,0,0,1
SYN-20260304-002550,2026-03-04T13:11:44.000Z,2026-03-04,3,20,3,69b66f189390b3e4eaa47134,regular,69,34548879,500708,-12,1,2,479800,38384,30000,50000,498184,479800,cash,unpaid,1,EATOMO50K,0,0,2,0,pending,263.58,0,1,1
SYN-20260222-002551,2026-02-22T10:37:54.000Z,2026-02-22,0,17,2,69b66f179390b3e4eaa47122,regular,84,40357330,480444,-22,2,2,384800,30784,30000,0,445584,192400,momo,unpaid,0,,0,1,1,0,completed,506.15,0,0,1
SYN-20250923-002552,2025-09-23T08:39:55.000Z,2025-09-23,2,15,9,69b66f179390b3e4eaa47113,regular,89,41138137,462226,-174,1,2,329800,26384,30000,65960,320224,329800,momo,refunded,1,HEALTHY20,0,2,0,0,cancelled,4156.11,1,0,0
SYN-20260308-002553,2026-03-08T09:58:05.000Z,2026-03-08,0,16,3,69b66f179390b3e4eaa4710d,regular,128,62788236,490533,-7,1,2,419800,33584,30000,75000,408384,419800,momo,unpaid,1,VEGGIE25,0,2,0,0,confirmed,170.81,0,1,1
SYN-20260303-002554,2026-03-03T01:49:08.000Z,2026-03-03,2,8,3,69b66f179390b3e4eaa4710a,vip,300,150762893,502543,-13,2,4,709600,56768,0,100000,666368,354800,card,paid,1,HEALTHY20,2,2,0,0,completed,298.96,0,0,0
SYN-20260128-002555,2026-01-28T07:26:06.000Z,2026-01-28,3,14,1,69b66f179390b3e4eaa47128,regular,66,34270303,519247,-47,1,1,219900,17592,30000,0,267492,219900,card,unpaid,0,,0,0,1,0,confirmed,1109.34,0,1,1
SYN-20260314-002556,2026-03-14T02:56:07.000Z,2026-03-14,6,9,3,69b66f179390b3e4eaa47122,regular,84,40357330,480444,-2,2,3,689700,55176,0,0,744876,344850,card,unpaid,0,,0,1,2,0,confirmed,33.84,0,1,1
SYN-20260131-002557,2026-01-31T02:07:26.000Z,2026-01-31,6,9,1,69b66f179390b3e4eaa47122,regular,84,40357330,480444,-44,1,1,219900,17592,30000,0,267492,219900,momo,unpaid,0,,0,0,1,0,preparing,1042.65,0,1,1
SYN-20260125-002558,2026-01-25T09:36:14.000Z,2026-01-25,0,16,1,69b66f179390b3e4eaa4710a,vip,300,150762893,502543,-50,2,2,469800,37584,30000,0,537384,234900,bank_transfer,paid,0,,0,1,1,0,completed,1179.17,0,0,0
SYN-20251129-002559,2025-11-29T06:29:16.000Z,2025-11-29,6,13,11,69b66f189390b3e4eaa47134,regular,69,34548879,500708,-107,1,3,524700,41976,0,0,566676,524700,card,unpaid,0,,0,3,0,0,preparing,2550.29,0,1,1
SYN-20251121-002560,2025-11-21T10:00:06.000Z,2025-11-21,5,17,11,69b66f179390b3e4eaa47116,regular,82,38788483,473030,-114,1,1,249900,19992,30000,62475,237417,249900,bank_transfer,paid,1,FLASH25,0,0,1,0,completed,2738.78,0,0,0
SYN-20250706-002561,2025-07-06T07:06:42.000Z,2025-07-06,0,14,7,69b66f179390b3e4eaa4710a,vip,300,150762893,502543,-253,1,1,209900,16792,30000,0,256692,209900,momo,paid,0,,0,1,0,0,delivering,6053.67,0,1,0
SYN-20250505-002562,2025-05-05T03:10:14.000Z,2025-05-05,1,10,5,69b66f179390b3e4eaa47119,regular,49,23556582,480747,-315,2,5,1119500,89560,0,100000,1109060,559750,card,paid,1,HEALTHY20,0,3,2,0,completed,7545.61,0,0,0
SYN-20250602-002563,2025-06-02T01:02:03.000Z,2025-06-02,1,8,6,69b66f179390b3e4eaa47125,regular,78,39418164,505361,-287,2,3,479700,38376,30000,0,548076,239850,cash,unpaid,0,,2,0,0,1,confirmed,6875.74,0,1,1
SYN-20260315-002564,2026-03-15T13:43:10.000Z,2026-03-15,0,20,3,69b66f189390b3e4eaa47131,regular,82,38006436,463493,0,2,2,399800,31984,30000,0,461784,199900,cash,unpaid,0,,0,2,0,0,preparing,0,0,0,1
SYN-20260314-002565,2026-03-14T10:17:33.000Z,2026-03-14,6,17,3,69b66f179390b3e4eaa47128,regular,66,34270303,519247,-1,2,3,489700,39176,30000,0,558876,244850,cash,paid,0,,3,0,0,0,delivering,26.49,0,1,0
SYN-20250316-002566,2025-03-16T05:01:40.000Z,2025-03-16,0,12,3,69b66f179390b3e4eaa4711c,regular,50,24230795,484616,-365,2,4,999600,79968,0,0,1079568,499800,card,unpaid,0,,0,0,4,0,preparing,8743.75,0,1,1
SYN-20260110-002567,2026-01-10T13:50:48.000Z,2026-01-10,6,20,1,69b66f179390b3e4eaa47113,regular,89,41138137,462226,-64,2,4,669600,53568,0,0,723168,334800,momo,paid,0,,4,0,0,0,completed,1534.93,0,0,0
SYN-20251202-002568,2025-12-02T09:15:13.000Z,2025-12-02,2,16,12,69b66f179390b3e4eaa4710a,vip,300,150762893,502543,-104,2,2,384800,30784,30000,0,445584,192400,cash,paid,0,,1,0,1,0,completed,2475.52,0,0,0
SYN-20251117-002569,2025-11-17T07:33:54.000Z,2025-11-17,1,14,11,69b66f179390b3e4eaa4710a,vip,300,150762893,502543,-119,2,4,639600,51168,0,0,690768,319800,cash,unpaid,0,,2,2,0,0,pending,2837.21,0,1,1
SYN-20250322-002570,2025-03-22T09:05:10.000Z,2025-03-22,6,16,3,69b66f179390b3e4eaa4710a,vip,300,150762893,502543,-359,2,5,1129500,90360,0,0,1219860,564750,cash,paid,0,,0,3,2,0,completed,8595.69,0,0,0
SYN-20251214-002571,2025-12-14T09:54:58.000Z,2025-12-14,0,16,12,69b66f179390b3e4eaa4710a,vip,300,150762893,502543,-92,2,2,349800,27984,30000,50000,357784,174900,card,unpaid,1,EATOMO50K,0,1,0,1,preparing,2186.86,0,1,1
SYN-20250704-002572,2025-07-04T05:25:16.000Z,2025-07-04,5,12,7,69b66f179390b3e4eaa4712b,regular,83,34910035,420603,-255,1,1,209900,16792,30000,0,256692,209900,momo,unpaid,0,,0,1,0,0,delivering,6103.36,0,1,1
SYN-20260211-002573,2026-02-11T14:04:16.000Z,2026-02-11,3,21,2,69b66f179390b3e4eaa4710a,vip,300,150762893,502543,-33,2,4,689600,55168,0,0,744768,344800,cash,paid,0,,0,4,0,0,completed,766.71,0,0,0
SYN-20260315-002574,2026-03-15T05:13:34.000Z,2026-03-15,0,12,3,69b66f189390b3e4eaa47134,regular,69,34548879,500708,-1,1,2,399800,31984,30000,79960,381824,399800,momo,unpaid,1,HEALTHY20,0,2,0,0,preparing,7.55,0,1,1
SYN-20260105-002575,2026-01-05T06:16:42.000Z,2026-01-05,1,13,1,69b66f179390b3e4eaa47125,regular,78,39418164,505361,-70,1,1,189900,15192,30000,0,235092,189900,cash,paid,0,,0,1,0,0,completed,1662.5,0,0,0
SYN-20260219-002576,2026-02-19T08:21:19.000Z,2026-02-19,4,15,2,69b66f179390b3e4eaa4710a,vip,300,150762893,502543,-25,1,1,169900,13592,30000,0,213492,169900,momo,paid,0,,1,0,0,0,completed,580.42,0,0,0
SYN-20251116-002577,2025-11-16T11:08:56.000Z,2025-11-16,0,18,11,69b66f179390b3e4eaa47128,regular,66,34270303,519247,-119,1,1,139900,11192,30000,0,181092,139900,card,unpaid,0,,0,0,0,1,cancelled,2857.63,1,0,1
SYN-20250404-002578,2025-04-04T01:44:18.000Z,2025-04-04,5,8,4,69b66f179390b3e4eaa4710d,regular,128,62788236,490533,-346,1,1,189900,15192,30000,0,235092,189900,cash,paid,0,,0,1,0,0,completed,8291.04,0,0,0
SYN-20250726-002579,2025-07-26T11:24:50.000Z,2025-07-26,6,18,7,69b66f179390b3e4eaa47125,regular,78,39418164,505361,-233,2,3,769700,61576,0,0,831276,384850,momo,paid,0,,0,0,3,0,delivering,5569.36,0,1,0
SYN-20251019-002580,2025-10-19T12:22:49.000Z,2025-10-19,0,19,10,69b66f179390b3e4eaa4710a,vip,300,150762893,502543,-148,2,2,319800,25584,30000,25000,350384,159900,card,paid,1,FREESHIP,1,0,0,1,delivering,3528.4,0,1,0
SYN-20260228-002581,2026-02-28T07:53:24.000Z,2026-02-28,6,14,2,69b66f179390b3e4eaa4712b,regular,83,34910035,420603,-16,2,2,329800,26384,30000,65960,320224,164900,cash,unpaid,1,HEALTHY20,0,1,0,1,confirmed,364.89,0,1,1
SYN-20250922-002582,2025-09-22T14:09:59.000Z,2025-09-22,1,21,9,69b66f179390b3e4eaa4711f,regular,96,51556197,537044,-175,1,2,399800,31984,30000,0,461784,399800,cash,unpaid,0,,0,2,0,0,cancelled,4174.61,1,0,1
SYN-20250913-002583,2025-09-13T08:16:19.000Z,2025-09-13,6,15,9,69b66f179390b3e4eaa4711f,regular,96,51556197,537044,-184,2,4,879600,70368,0,120000,829968,439800,bank_transfer,unpaid,1,FIRSTORDER30,0,2,2,0,preparing,4396.51,0,1,1
SYN-20260311-002584,2026-03-11T02:59:09.000Z,2026-03-11,3,9,3,69b66f179390b3e4eaa47122,regular,84,40357330,480444,-5,2,2,419800,33584,30000,120000,363384,209900,momo,unpaid,1,FIRSTORDER30,1,0,1,0,cancelled,105.79,1,0,1
SYN-20260314-002585,2026-03-14T14:17:42.000Z,2026-03-14,6,21,3,69b66f179390b3e4eaa4710a,vip,300,150762893,502543,-2,2,2,309800,24784,30000,0,364584,154900,cash,paid,0,,0,1,0,1,delivering,22.48,0,1,0
SYN-20250511-002586,2025-05-11T09:14:30.000Z,2025-05-11,0,16,5,69b66f179390b3e4eaa4710a,vip,300,150762893,502543,-309,2,4,679600,54368,0,50000,683968,339800,card,paid,1,EATOMO50K,2,2,0,0,completed,7395.54,0,0,0
SYN-20251201-002587,2025-12-01T08:34:14.000Z,2025-12-01,1,15,12,69b66f179390b3e4eaa4710d,regular,128,62788236,490533,-105,2,3,519700,41576,0,100000,461276,259850,card,paid,1,HEALTHY20,0,2,0,1,completed,2500.21,0,0,0
SYN-20260226-002588,2026-02-26T05:49:27.000Z,2026-02-26,4,12,2,69b66f179390b3e4eaa4711f,regular,96,51556197,537044,-18,1,1,154900,12392,30000,0,197292,154900,cash,unpaid,0,,1,0,0,0,pending,414.95,0,1,1
SYN-20250826-002589,2025-08-26T10:49:14.000Z,2025-08-26,2,17,8,69b66f189390b3e4eaa47131,regular,82,38006436,463493,-202,1,2,349800,27984,30000,69960,337824,349800,momo,unpaid,1,HEALTHY20,0,2,0,0,confirmed,4825.96,0,1,1
SYN-20250907-002590,2025-09-07T04:54:46.000Z,2025-09-07,0,11,9,69b66f179390b3e4eaa4711c,regular,50,24230795,484616,-190,2,5,854500,68360,0,0,922860,427250,momo,unpaid,0,,0,5,0,0,delivering,4543.86,0,1,1
SYN-20250712-002591,2025-07-12T07:04:49.000Z,2025-07-12,6,14,7,69b66f179390b3e4eaa4710a,vip,300,150762893,502543,-247,2,2,289800,23184,30000,72450,270534,144900,card,paid,1,VEGGIE25,0,0,0,2,completed,5909.7,0,0,0
SYN-20260307-002592,2026-03-07T07:48:33.000Z,2026-03-07,6,14,3,69b66f179390b3e4eaa4712b,regular,83,34910035,420603,-9,1,1,139900,11192,30000,0,181092,139900,cash,paid,0,,0,0,0,1,delivering,196.97,0,1,0
SYN-20250502-002593,2025-05-02T07:33:16.000Z,2025-05-02,5,14,5,69b66f179390b3e4eaa47122,regular,84,40357330,480444,-318,1,1,249900,19992,30000,62475,237417,249900,cash,refunded,1,VEGGIE25,0,0,1,0,cancelled,7613.22,1,0,0
SYN-20250822-002594,2025-08-22T06:11:14.000Z,2025-08-22,5,13,8,69b66f179390b3e4eaa47125,regular,78,39418164,505361,-206,2,3,469700,37576,30000,50000,487276,234850,momo,unpaid,1,EATOMO50K,0,2,0,1,preparing,4926.59,0,1,1
SYN-20260125-002595,2026-01-25T08:31:47.000Z,2026-01-25,0,15,1,69b66f189390b3e4eaa47131,regular,82,38006436,463493,-50,2,3,469700,37576,30000,75000,462276,234850,cash,unpaid,1,VEGGIE25,0,1,0,2,completed,1180.25,0,0,1
SYN-20260308-002596,2026-03-08T05:47:06.000Z,2026-03-08,0,12,3,69b66f179390b3e4eaa4710a,vip,300,150762893,502543,-8,2,4,739600,59168,0,75000,723768,369800,momo,paid,1,VEGGIE25,2,2,0,0,delivering,174.99,0,1,0
SYN-20250710-002597,2025-07-10T08:29:03.000Z,2025-07-10,4,15,7,69b66f179390b3e4eaa47110,regular,80,39676181,495952,-249,2,3,579700,46376,0,0,626076,289850,momo,paid,0,,0,0,2,1,completed,5956.29,0,0,0
SYN-20251020-002598,2025-10-20T11:08:36.000Z,2025-10-20,1,18,10,69b66f179390b3e4eaa47113,regular,89,41138137,462226,-147,1,1,149900,11992,30000,0,191892,149900,momo,unpaid,0,,0,0,0,1,confirmed,3505.63,0,1,1
SYN-20250531-002599,2025-05-31T09:14:13.000Z,2025-05-31,6,16,5,69b66f179390b3e4eaa4710a,vip,300,150762893,502543,-289,2,4,919600,73568,0,75000,918168,459800,card,paid,1,VEGGIE25,0,2,2,0,completed,6915.54,0,0,0
SYN-20250917-002600,2025-09-17T14:57:40.000Z,2025-09-17,3,21,9,69b66f179390b3e4eaa4711c,regular,50,24230795,484616,-179,1,1,144900,11592,30000,0,186492,144900,card,refunded,0,,1,0,0,0,cancelled,4293.82,1,0,0
SYN-20251216-002601,2025-12-16T14:04:31.000Z,2025-12-16,2,21,12,69b66f179390b3e4eaa4710a,vip,300,150762893,502543,-90,2,3,589700,47176,0,0,636876,294850,card,paid,0,,0,0,2,1,completed,2134.7,0,0,0
SYN-20250518-002602,2025-05-18T11:58:36.000Z,2025-05-18,0,18,5,69b66f179390b3e4eaa4710a,vip,300,150762893,502543,-302,2,3,519700,41576,0,51970,509306,259850,card,paid,1,PROTEIN10,0,3,0,0,delivering,7224.8,0,1,0
SYN-20250522-002603,2025-05-22T10:48:41.000Z,2025-05-22,4,17,5,69b66f179390b3e4eaa47128,regular,66,34270303,519247,-297,2,4,739600,59168,0,0,798768,369800,cash,paid,0,,0,4,0,0,delivering,7129.97,0,1,0
SYN-20260224-002604,2026-02-24T03:51:52.000Z,2026-02-24,2,10,2,69b66f179390b3e4eaa4710d,regular,128,62788236,490533,-20,1,2,299800,23984,30000,29980,323804,299800,momo,paid,1,PROTEIN10,0,0,0,2,completed,464.91,0,0,0
SYN-20250909-002605,2025-09-09T03:50:58.000Z,2025-09-09,2,10,9,69b66f179390b3e4eaa4710d,regular,128,62788236,490533,-188,1,1,149900,11992,30000,0,191892,149900,cash,paid,0,,0,0,0,1,completed,4496.93,0,0,0
SYN-20251228-002606,2025-12-28T13:38:27.000Z,2025-12-28,0,20,12,69b66f179390b3e4eaa4710a,vip,300,150762893,502543,-78,1,2,299800,23984,30000,59960,293824,299800,momo,paid,1,HEALTHY20,0,0,0,2,delivering,1847.14,0,1,0
SYN-20260306-002607,2026-03-06T14:33:56.000Z,2026-03-06,5,21,3,69b66f179390b3e4eaa4712b,regular,83,34910035,420603,-9,2,2,319800,25584,30000,0,375384,159900,cash,paid,0,,1,0,0,1,completed,214.21,0,0,0
SYN-20251107-002608,2025-11-07T14:41:12.000Z,2025-11-07,5,21,11,69b66f179390b3e4eaa4710a,vip,300,150762893,502543,-129,1,1,129900,10392,30000,0,170292,129900,momo,paid,0,,0,0,0,1,completed,3070.09,0,0,0
SYN-20251227-002609,2025-12-27T09:10:59.000Z,2025-12-27,6,16,12,69b66f189390b3e4eaa4712e,regular,66,32415979,491151,-79,2,2,339800,27184,30000,75000,321984,169900,cash,unpaid,1,VEGGIE25,0,1,0,1,preparing,1875.59,0,1,1
SYN-20260218-002610,2026-02-18T04:38:37.000Z,2026-02-18,3,11,2,69b66f179390b3e4eaa4712b,regular,83,34910035,420603,-26,1,1,149900,11992,30000,0,191892,149900,momo,paid,0,,1,0,0,0,completed,608.13,0,0,0
SYN-20250406-002611,2025-04-06T07:42:28.000Z,2025-04-06,0,14,4,69b66f179390b3e4eaa4711f,regular,96,51556197,537044,-344,2,3,669700,53576,0,0,723276,334850,cash,paid,0,,0,0,2,1,completed,8237.07,0,0,0
SYN-20250608-002612,2025-06-08T10:41:51.000Z,2025-06-08,0,17,6,69b66f179390b3e4eaa4712b,regular,83,34910035,420603,-281,1,2,519800,41584,0,0,561384,519800,card,paid,0,,0,0,2,0,completed,6722.08,0,0,0
SYN-20260128-002613,2026-01-28T13:32:03.000Z,2026-01-28,3,20,1,69b66f179390b3e4eaa4712b,regular,83,34910035,420603,-47,2,3,579700,46376,0,0,626076,289850,bank_transfer,unpaid,0,,0,3,0,0,confirmed,1103.24,0,1,1
SYN-20251128-002614,2025-11-28T11:43:17.000Z,2025-11-28,5,18,11,69b66f179390b3e4eaa47116,regular,82,38788483,473030,-107,2,2,329800,26384,30000,80000,306184,164900,momo,paid,1,FLASH25,0,1,0,1,delivering,2569.06,0,1,0
SYN-20260313-002615,2026-03-13T02:29:13.000Z,2026-03-13,5,9,3,69b66f179390b3e4eaa4711f,regular,96,51556197,537044,-3,2,2,414800,33184,30000,0,477984,207400,cash,paid,0,,0,1,1,0,delivering,58.29,0,1,0
SYN-20250806-002616,2025-08-06T05:29:06.000Z,2025-08-06,3,12,8,69b66f179390b3e4eaa47119,regular,49,23556582,480747,-222,2,2,439800,35184,30000,120000,384984,219900,cash,paid,1,FIRSTORDER30,0,1,1,0,completed,5311.29,0,0,0
SYN-20250903-002617,2025-09-03T12:00:49.000Z,2025-09-03,3,19,9,69b66f179390b3e4eaa4710d,regular,128,62788236,490533,-193,1,1,229900,18392,30000,68970,209322,229900,momo,unpaid,1,FIRSTORDER30,0,0,1,0,preparing,4632.76,0,1,1
SYN-20260221-002618,2026-02-21T11:47:45.000Z,2026-02-21,6,18,2,69b66f189390b3e4eaa47134,regular,69,34548879,500708,-23,2,4,699600,55968,0,50000,705568,349800,cash,unpaid,1,EATOMO50K,0,3,0,1,confirmed,528.98,0,1,1
SYN-20251115-002619,2025-11-15T05:57:47.000Z,2025-11-15,6,12,11,69b66f189390b3e4eaa47131,regular,82,38006436,463493,-121,2,2,279800,22384,30000,69950,262234,139900,momo,paid,1,VEGGIE25,0,0,0,2,completed,2886.81,0,0,0
SYN-20260117-002620,2026-01-17T02:12:37.000Z,2026-01-17,6,9,1,69b66f179390b3e4eaa47125,regular,78,39418164,505361,-58,2,2,369800,29584,30000,0,429384,184900,card,paid,0,,1,1,0,0,completed,1378.57,0,0,0
SYN-20260315-002621,2026-03-15T09:32:29.000Z,2026-03-15,0,16,3,69b66f179390b3e4eaa47110,regular,80,39676181,495952,-1,1,1,209900,16792,30000,0,256692,209900,card,unpaid,0,,0,1,0,0,pending,3.24,0,1,1
SYN-20251126-002622,2025-11-26T01:37:29.000Z,2025-11-26,3,8,11,69b66f179390b3e4eaa47128,regular,66,34270303,519247,-110,1,2,319800,25584,30000,0,375384,319800,cash,paid,0,,2,0,0,0,completed,2627.15,0,0,0
SYN-20250716-002623,2025-07-16T04:53:30.000Z,2025-07-16,3,11,7,69b66f179390b3e4eaa4710a,vip,300,150762893,502543,-243,2,2,279800,22384,30000,0,332184,139900,bank_transfer,paid,0,,0,0,0,2,completed,5815.89,0,0,0
SYN-20251118-002624,2025-11-18T11:23:58.000Z,2025-11-18,2,18,11,69b66f179390b3e4eaa4712b,regular,83,34910035,420603,-118,2,3,729700,58376,0,0,788076,364850,cash,paid,0,,0,0,3,0,delivering,2809.38,0,1,0
SYN-20250901-002625,2025-09-01T05:07:37.000Z,2025-09-01,1,12,9,69b66f179390b3e4eaa4711c,regular,50,24230795,484616,-196,2,2,344800,27584,30000,0,402384,172400,momo,paid,0,,0,2,0,0,completed,4687.65,0,0,0
SYN-20260216-002626,2026-02-16T02:44:00.000Z,2026-02-16,1,9,2,69b66f179390b3e4eaa4711c,regular,50,24230795,484616,-28,2,3,689700,55176,0,0,744876,344850,cash,unpaid,0,,0,1,2,0,confirmed,658.04,0,1,1
SYN-20250609-002627,2025-06-09T10:45:34.000Z,2025-06-09,1,17,6,69b66f179390b3e4eaa4710a,vip,300,150762893,502543,-280,2,3,629700,50376,0,60000,620076,314850,bank_transfer,unpaid,1,PROTEIN10,0,2,1,0,completed,6698.02,0,0,1
SYN-20251107-002628,2025-11-07T04:31:10.000Z,2025-11-07,5,11,11,69b66f179390b3e4eaa47125,regular,78,39418164,505361,-129,2,4,729600,58368,0,75000,712968,364800,cash,paid,1,VEGGIE25,1,3,0,0,completed,3080.26,0,0,0
SYN-20260312-002629,2026-03-12T03:19:22.000Z,2026-03-12,4,10,3,69b66f179390b3e4eaa47122,regular,84,40357330,480444,-4,2,4,619600,49568,0,0,669168,309800,momo,unpaid,0,,2,0,0,2,preparing,81.45,0,1,1
SYN-20251119-002630,2025-11-19T09:03:18.000Z,2025-11-19,3,16,11,69b66f179390b3e4eaa47116,regular,82,38788483,473030,-117,1,1,239900,19192,30000,0,289092,239900,cash,unpaid,0,,0,0,1,0,cancelled,2787.72,1,0,1
SYN-20260117-002631,2026-01-17T09:36:04.000Z,2026-01-17,6,16,1,69b66f189390b3e4eaa47134,regular,69,34548879,500708,-58,2,3,759700,60776,0,50000,770476,379850,bank_transfer,unpaid,1,EATOMO50K,0,0,3,0,preparing,1371.18,0,1,1
SYN-20260209-002632,2026-02-09T08:40:10.000Z,2026-02-09,1,15,2,69b66f179390b3e4eaa4711f,regular,96,51556197,537044,-35,2,3,579700,46376,0,100000,526076,289850,momo,paid,1,HEALTHY20,1,0,2,0,completed,820.11,0,0,0
SYN-20260315-002633,2026-03-15T13:37:01.000Z,2026-03-15,0,20,3,69b66f179390b3e4eaa4712b,regular,83,34910035,420603,0,2,2,324800,25984,30000,0,380784,162400,momo,paid,0,,2,0,0,0,completed,0,0,0,0
SYN-20251030-002634,2025-10-30T14:52:41.000Z,2025-10-30,4,21,10,69b66f179390b3e4eaa47125,regular,78,39418164,505361,-136,2,2,469800,37584,30000,50000,487384,234900,cash,paid,1,EATOMO50K,0,0,2,0,completed,3261.9,0,0,0
SYN-20260307-002635,2026-03-07T11:41:39.000Z,2026-03-07,6,18,3,69b66f179390b3e4eaa4710d,regular,128,62788236,490533,-8,2,2,459800,36784,30000,80000,446584,229900,momo,unpaid,1,FLASH25,0,1,1,0,cancelled,193.08,1,0,1
SYN-20250822-002636,2025-08-22T08:30:50.000Z,2025-08-22,5,15,8,69b66f179390b3e4eaa4710d,regular,128,62788236,490533,-206,1,1,159900,12792,30000,0,202692,159900,cash,unpaid,0,,1,0,0,0,completed,4924.26,0,0,1
SYN-20250803-002637,2025-08-03T13:05:00.000Z,2025-08-03,0,20,8,69b66f179390b3e4eaa47116,regular,82,38788483,473030,-224,1,1,249900,19992,30000,0,299892,249900,cash,paid,0,,0,0,1,0,completed,5375.69,0,0,0
SYN-20260311-002638,2026-03-11T09:24:13.000Z,2026-03-11,3,16,3,69b66f179390b3e4eaa4710a,vip,300,150762893,502543,-5,2,3,639700,51176,0,0,690876,319850,card,paid,0,,0,1,2,0,completed,99.37,0,0,0
SYN-20260315-002639,2026-03-15T06:26:25.000Z,2026-03-15,0,13,3,69b66f189390b3e4eaa47131,regular,82,38006436,463493,-1,1,1,249900,19992,30000,0,299892,249900,momo,paid,0,,0,0,1,0,delivering,6.34,0,1,0
SYN-20250926-002640,2025-09-26T07:53:07.000Z,2025-09-26,5,14,9,69b66f189390b3e4eaa4712e,regular,66,32415979,491151,-171,2,3,599700,47976,0,25000,622676,299850,momo,refunded,1,FREESHIP,0,2,1,0,cancelled,4084.89,1,0,0
SYN-20260315-002641,2026-03-15T08:10:04.000Z,2026-03-15,0,15,3,69b66f179390b3e4eaa4711f,regular,96,51556197,537044,-1,2,4,969600,77568,0,100000,947168,484800,momo,unpaid,1,HEALTHY20,0,1,3,0,preparing,4.61,0,1,1
SYN-20251008-002642,2025-10-08T03:11:32.000Z,2025-10-08,3,10,10,69b66f189390b3e4eaa4712e,regular,66,32415979,491151,-159,1,1,179900,14392,30000,44975,179317,179900,momo,paid,1,VEGGIE25,0,1,0,0,completed,3801.59,0,0,0
SYN-20260303-002643,2026-03-03T05:20:07.000Z,2026-03-03,2,12,3,69b66f179390b3e4eaa47125,regular,78,39418164,505361,-13,2,4,749600,59968,0,60000,749568,374800,card,unpaid,1,PROTEIN10,0,4,0,0,preparing,295.44,0,1,1
SYN-20260208-002644,2026-02-08T12:43:42.000Z,2026-02-08,0,19,2,69b66f179390b3e4eaa4710a,vip,300,150762893,502543,-36,2,4,679600,54368,0,50000,683968,339800,momo,paid,1,EATOMO50K,0,2,0,2,completed,840.05,0,0,0
SYN-20260129-002645,2026-01-29T01:15:38.000Z,2026-01-29,4,8,1,69b66f189390b3e4eaa4712e,regular,66,32415979,491151,-46,1,1,169900,13592,30000,0,213492,169900,momo,paid,0,,1,0,0,0,completed,1091.52,0,0,0
SYN-20260120-002646,2026-01-20T01:18:23.000Z,2026-01-20,2,8,1,69b66f179390b3e4eaa47122,regular,84,40357330,480444,-55,2,4,679600,54368,0,0,733968,339800,momo,paid,0,,2,2,0,0,delivering,1307.47,0,1,0
SYN-20260114-002647,2026-01-14T10:50:13.000Z,2026-01-14,3,17,1,69b66f179390b3e4eaa4711c,regular,50,24230795,484616,-61,1,1,199900,15992,30000,25000,220892,199900,cash,paid,1,FREESHIP,0,1,0,0,delivering,1441.94,0,1,0
SYN-20260312-002648,2026-03-12T07:26:45.000Z,2026-03-12,4,14,3,69b66f189390b3e4eaa4712e,regular,66,32415979,491151,-4,1,1,239900,19192,30000,0,289092,239900,momo,unpaid,0,,0,0,1,0,confirmed,77.33,0,1,1
SYN-20251201-002649,2025-12-01T13:27:47.000Z,2025-12-01,1,20,12,69b66f179390b3e4eaa47128,regular,66,34270303,519247,-104,2,4,779600,62368,0,25000,816968,389800,cash,unpaid,1,FREESHIP,0,4,0,0,pending,2495.31,0,1,1
SYN-20250720-002650,2025-07-20T14:11:54.000Z,2025-07-20,0,21,7,69b66f189390b3e4eaa4712e,regular,66,32415979,491151,-238,2,3,549700,43976,0,100000,493676,274850,momo,paid,1,VIP100K,2,1,0,0,completed,5710.58,0,0,0
SYN-20251231-002651,2025-12-31T02:21:51.000Z,2025-12-31,3,9,12,69b66f179390b3e4eaa47110,regular,80,39676181,495952,-75,2,4,699600,55968,0,50000,705568,349800,momo,unpaid,1,WELCOME10,2,2,0,0,preparing,1786.41,0,1,1
SYN-20251221-002652,2025-12-21T08:00:40.000Z,2025-12-21,0,15,12,69b66f179390b3e4eaa4711f,regular,96,51556197,537044,-85,1,1,179900,14392,30000,25000,199292,179900,bank_transfer,unpaid,1,FREESHIP,1,0,0,0,confirmed,2020.77,0,1,1
SYN-20260129-002653,2026-01-29T03:20:30.000Z,2026-01-29,4,10,1,69b66f179390b3e4eaa47119,regular,49,23556582,480747,-46,1,2,319800,25584,30000,0,375384,319800,card,paid,0,,2,0,0,0,completed,1089.44,0,0,0
SYN-20260301-002654,2026-03-01T14:23:11.000Z,2026-03-01,0,21,3,69b66f179390b3e4eaa47116,regular,82,38788483,473030,-14,2,4,689600,55168,0,0,744768,344800,card,paid,0,,3,0,0,1,delivering,334.39,0,1,0
SYN-20260206-002655,2026-02-06T10:45:52.000Z,2026-02-06,5,17,2,69b66f179390b3e4eaa4711f,regular,96,51556197,537044,-38,1,1,239900,19192,30000,59975,229117,239900,bank_transfer,paid,1,FLASH25,0,0,1,0,completed,890.01,0,0,0
SYN-20250724-002656,2025-07-24T08:14:29.000Z,2025-07-24,4,15,7,69b66f189390b3e4eaa47131,regular,82,38006436,463493,-235,2,2,459800,36784,30000,75000,451584,229900,cash,unpaid,1,VEGGIE25,0,1,1,0,confirmed,5620.54,0,1,1
SYN-20260223-002657,2026-02-23T08:53:51.000Z,2026-02-23,1,15,2,69b66f189390b3e4eaa47131,regular,82,38006436,463493,-21,2,4,609600,48768,0,0,658368,304800,momo,unpaid,0,,2,0,0,2,preparing,483.88,0,1,1
SYN-20260102-002658,2026-01-02T12:26:08.000Z,2026-01-02,5,19,1,69b66f189390b3e4eaa47131,regular,82,38006436,463493,-73,1,2,499800,39984,30000,50000,519784,499800,cash,paid,1,EATOMO50K,0,0,2,0,delivering,1728.34,0,1,0
SYN-20260306-002659,2026-03-06T04:07:50.000Z,2026-03-06,5,11,3,69b66f179390b3e4eaa47113,regular,89,41138137,462226,-10,1,1,239900,19192,30000,0,289092,239900,cash,paid,0,,0,0,1,0,completed,224.65,0,0,0
SYN-20250922-002660,2025-09-22T14:05:35.000Z,2025-09-22,1,21,9,69b66f189390b3e4eaa4712e,regular,66,32415979,491151,-174,1,1,199900,15992,30000,0,245892,199900,momo,paid,0,,0,1,0,0,completed,4174.68,0,0,0
SYN-20251008-002661,2025-10-08T12:11:03.000Z,2025-10-08,3,19,10,69b66f189390b3e4eaa47134,regular,69,34548879,500708,-159,2,3,519700,41576,0,0,561276,259850,momo,paid,0,,0,1,0,2,delivering,3792.59,0,1,0
SYN-20260305-002662,2026-03-05T05:36:09.000Z,2026-03-05,4,12,3,69b66f179390b3e4eaa47116,regular,82,38788483,473030,-11,2,2,329800,26384,30000,0,386184,164900,bank_transfer,unpaid,0,,0,1,0,1,completed,247.18,0,0,1
SYN-20251222-002663,2025-12-22T02:43:04.000Z,2025-12-22,1,9,12,69b66f179390b3e4eaa4710a,vip,300,150762893,502543,-84,2,3,559700,44776,0,0,604476,279850,cash,unpaid,0,,0,3,0,0,confirmed,2002.06,0,1,1
SYN-20250723-002664,2025-07-23T10:15:47.000Z,2025-07-23,3,17,7,69b66f179390b3e4eaa47122,regular,84,40357330,480444,-236,2,3,519700,41576,0,0,561276,259850,bank_transfer,unpaid,0,,1,2,0,0,confirmed,5642.51,0,1,1
SYN-20260313-002665,2026-03-13T02:05:14.000Z,2026-03-13,5,9,3,69b66f179390b3e4eaa47119,regular,49,23556582,480747,-3,2,2,279800,22384,30000,0,332184,139900,card,unpaid,0,,0,0,0,2,preparing,58.69,0,1,1
SYN-20250729-002666,2025-07-29T13:07:17.000Z,2025-07-29,2,20,7,69b66f179390b3e4eaa4710a,vip,300,150762893,502543,-230,1,1,209900,16792,30000,52475,204217,209900,momo,paid,1,VEGGIE25,0,1,0,0,delivering,5495.66,0,1,0
SYN-20250809-002667,2025-08-09T01:04:18.000Z,2025-08-09,6,8,8,69b66f179390b3e4eaa47110,regular,80,39676181,495952,-219,2,3,529700,42376,0,0,572076,264850,card,paid,0,,2,1,0,0,completed,5243.71,0,0,0
SYN-20260218-002668,2026-02-18T14:56:07.000Z,2026-02-18,3,21,2,69b66f179390b3e4eaa4711f,regular,96,51556197,537044,-25,2,3,509700,40776,0,0,550476,254850,card,unpaid,0,,2,0,0,1,confirmed,597.84,0,1,1
SYN-20250714-002669,2025-07-14T02:55:54.000Z,2025-07-14,1,9,7,69b66f179390b3e4eaa47110,regular,80,39676181,495952,-245,2,3,669700,53576,0,0,723276,334850,card,paid,0,,0,2,1,0,completed,5865.85,0,0,0
SYN-20250905-002670,2025-09-05T10:37:15.000Z,2025-09-05,5,17,9,69b66f189390b3e4eaa4712e,regular,66,32415979,491151,-192,2,2,369800,29584,30000,25000,404384,184900,cash,paid,1,FREESHIP,0,0,1,1,completed,4586.16,0,0,0
SYN-20260211-002671,2026-02-11T07:16:48.000Z,2026-02-11,3,14,2,69b66f189390b3e4eaa47131,regular,82,38006436,463493,-33,1,1,249900,19992,30000,0,299892,249900,momo,unpaid,0,,0,0,1,0,confirmed,773.5,0,1,1
SYN-20251230-002672,2025-12-30T02:46:36.000Z,2025-12-30,2,9,12,69b66f189390b3e4eaa4712e,regular,66,32415979,491151,-76,2,3,669700,53576,0,60000,663276,334850,momo,paid,1,PROTEIN10,0,0,2,1,delivering,1810,0,1,0
SYN-20260315-002673,2026-03-15T13:49:34.000Z,2026-03-15,0,20,3,69b66f179390b3e4eaa4711f,regular,96,51556197,537044,-1,1,2,399800,31984,30000,79960,381824,399800,cash,unpaid,1,HEALTHY20,0,2,0,0,pending,0,0,0,1
SYN-20250812-002674,2025-08-12T10:50:19.000Z,2025-08-12,2,17,8,69b66f179390b3e4eaa4710a,vip,300,150762893,502543,-216,2,2,299800,23984,30000,74950,278834,149900,card,paid,1,VEGGIE25,0,0,0,2,completed,5161.94,0,0,0
SYN-20250728-002675,2025-07-28T06:50:11.000Z,2025-07-28,1,13,7,69b66f179390b3e4eaa4710a,vip,300,150762893,502543,-231,1,1,129900,10392,30000,0,170292,129900,bank_transfer,paid,0,,0,0,0,1,completed,5525.94,0,0,0
SYN-20260309-002676,2026-03-09T08:41:19.000Z,2026-03-09,1,15,3,69b66f189390b3e4eaa47134,regular,69,34548879,500708,-7,2,4,1039600,83168,0,0,1122768,519800,bank_transfer,refunded,0,,0,0,4,0,cancelled,148.09,1,0,0
SYN-20251221-002677,2025-12-21T01:41:47.000Z,2025-12-21,0,8,12,69b66f179390b3e4eaa4710d,regular,128,62788236,490533,-85,1,2,419800,33584,30000,0,483384,419800,card,paid,0,,0,2,0,0,completed,2027.08,0,0,0
SYN-20250424-002678,2025-04-24T13:54:41.000Z,2025-04-24,4,20,4,69b66f179390b3e4eaa4710a,vip,300,150762893,502543,-326,2,3,639700,51176,0,0,690876,319850,momo,unpaid,0,,0,2,1,0,pending,7798.87,0,1,1
SYN-20251127-002679,2025-11-27T12:56:39.000Z,2025-11-27,4,19,11,69b66f179390b3e4eaa4710d,regular,128,62788236,490533,-108,2,2,389800,31184,30000,25000,425984,194900,cash,unpaid,1,FREESHIP,0,2,0,0,preparing,2591.83,0,1,1
SYN-20260117-002680,2026-01-17T03:42:54.000Z,2026-01-17,6,10,1,69b66f189390b3e4eaa47131,regular,82,38006436,463493,-58,1,2,309800,24784,30000,50000,314584,309800,momo,paid,1,EATOMO50K,2,0,0,0,delivering,1377.06,0,1,0
SYN-20250727-002681,2025-07-27T11:25:23.000Z,2025-07-27,0,18,7,69b66f179390b3e4eaa47116,regular,82,38788483,473030,-231,1,2,439800,35184,30000,0,504984,439800,card,paid,0,,0,2,0,0,completed,5545.35,0,0,0
SYN-20250717-002682,2025-07-17T01:06:18.000Z,2025-07-17,4,8,7,69b66f189390b3e4eaa4712e,regular,66,32415979,491151,-242,2,3,689700,55176,0,0,744876,344850,momo,paid,0,,0,1,2,0,delivering,5795.67,0,1,0
SYN-20251213-002683,2025-12-13T13:13:29.000Z,2025-12-13,6,20,12,69b66f179390b3e4eaa4710d,regular,128,62788236,490533,-92,2,3,709700,56776,0,120000,646476,354850,card,unpaid,1,FIRSTORDER30,0,1,2,0,completed,2207.55,0,0,1
SYN-20260222-002684,2026-02-22T11:33:48.000Z,2026-02-22,0,18,2,69b66f189390b3e4eaa47131,regular,82,38006436,463493,-22,1,1,129900,10392,30000,0,170292,129900,card,paid,0,,0,0,0,1,delivering,505.21,0,1,0
SYN-20250604-002685,2025-06-04T11:30:00.000Z,2025-06-04,3,18,6,69b66f179390b3e4eaa4711c,regular,50,24230795,484616,-285,1,1,159900,12792,30000,0,202692,159900,card,unpaid,0,,1,0,0,0,confirmed,6817.28,0,1,1
SYN-20260315-002686,2026-03-15T04:46:43.000Z,2026-03-15,0,11,3,69b66f179390b3e4eaa47122,regular,84,40357330,480444,-1,2,2,379800,30384,30000,50000,390184,189900,card,paid,1,EATOMO50K,0,0,1,1,delivering,8,0,1,0
SYN-20260117-002687,2026-01-17T01:22:20.000Z,2026-01-17,6,8,1,69b66f179390b3e4eaa47113,regular,89,41138137,462226,-58,1,1,164900,13192,30000,49470,158622,164900,card,paid,1,FIRSTORDER30,0,1,0,0,delivering,1379.41,0,1,0
SYN-20260209-002688,2026-02-09T06:24:03.000Z,2026-02-09,1,13,2,69b66f179390b3e4eaa4710d,regular,128,62788236,490533,-35,2,2,339800,27184,30000,0,396984,169900,momo,paid,0,,2,0,0,0,delivering,822.38,0,1,0
SYN-20260223-002689,2026-02-23T13:55:03.000Z,2026-02-23,1,20,2,69b66f179390b3e4eaa47128,regular,66,34270303,519247,-20,2,2,404800,32384,30000,50000,417184,202400,momo,paid,1,EATOMO50K,1,0,1,0,completed,478.86,0,0,0
SYN-20250726-002690,2025-07-26T07:07:55.000Z,2025-07-26,6,14,7,69b66f179390b3e4eaa4712b,regular,83,34910035,420603,-233,2,3,639700,51176,0,50000,640876,319850,card,unpaid,1,EATOMO50K,0,2,1,0,confirmed,5573.65,0,1,1
SYN-20260301-002691,2026-03-01T06:14:45.000Z,2026-03-01,0,13,3,69b66f179390b3e4eaa4711f,regular,96,51556197,537044,-15,2,5,769500,61560,0,0,831060,384750,bank_transfer,paid,0,,5,0,0,0,completed,342.53,0,0,0
SYN-20251216-002692,2025-12-16T14:29:05.000Z,2025-12-16,2,21,12,69b66f179390b3e4eaa47128,regular,66,34270303,519247,-89,2,2,349800,27984,30000,0,407784,174900,card,unpaid,0,,0,1,0,1,confirmed,2134.29,0,1,1
SYN-20260314-002693,2026-03-14T10:37:34.000Z,2026-03-14,6,17,3,69b66f179390b3e4eaa4710a,vip,300,150762893,502543,-2,2,3,559700,44776,0,55970,548506,279850,cash,paid,1,PROTEIN10,2,0,1,0,delivering,26.15,0,1,0
SYN-20251010-002694,2025-10-10T14:31:58.000Z,2025-10-10,5,21,10,69b66f189390b3e4eaa47134,regular,69,34548879,500708,-157,2,2,279800,22384,30000,55960,276224,139900,cash,unpaid,1,HEALTHY20,0,0,0,2,preparing,3742.24,0,1,1
SYN-20250919-002695,2025-09-19T06:30:34.000Z,2025-09-19,5,13,9,69b66f179390b3e4eaa47113,regular,89,41138137,462226,-178,1,1,259900,20792,30000,51980,258712,259900,momo,paid,1,HEALTHY20,0,0,1,0,completed,4254.27,0,0,0
SYN-20260203-002696,2026-02-03T13:10:49.000Z,2026-02-03,2,20,2,69b66f179390b3e4eaa4710a,vip,300,150762893,502543,-41,1,1,149900,11992,30000,25000,166892,149900,cash,paid,1,FREESHIP,0,0,0,1,completed,959.6,0,0,0
SYN-20250324-002697,2025-03-24T13:42:16.000Z,2025-03-24,1,20,3,69b66f179390b3e4eaa47110,regular,80,39676181,495952,-356,1,3,419700,33576,30000,41970,441306,419700,momo,paid,1,PROTEIN10,0,0,0,3,completed,8543.07,0,0,0
SYN-20251123-002698,2025-11-23T10:53:40.000Z,2025-11-23,0,17,11,69b66f189390b3e4eaa47134,regular,69,34548879,500708,-113,1,1,199900,15992,30000,0,245892,199900,cash,unpaid,0,,0,1,0,0,confirmed,2689.88,0,1,1
SYN-20251010-002699,2025-10-10T07:14:59.000Z,2025-10-10,5,14,10,69b66f179390b3e4eaa4710d,regular,128,62788236,490533,-157,2,4,609600,48768,0,0,658368,304800,momo,paid,0,,0,2,0,2,completed,3749.53,0,0,0
SYN-20250913-002700,2025-09-13T11:41:18.000Z,2025-09-13,6,18,9,69b66f179390b3e4eaa47128,regular,66,34270303,519247,-183,1,2,299800,23984,30000,0,353784,299800,momo,unpaid,0,,0,0,0,2,preparing,4393.09,0,1,1
SYN-20260314-002701,2026-03-14T07:26:05.000Z,2026-03-14,6,14,3,69b66f179390b3e4eaa47116,regular,82,38788483,473030,-2,1,1,164900,13192,30000,41225,166867,164900,cash,unpaid,1,VEGGIE25,1,0,0,0,confirmed,29.34,0,1,1
SYN-20260311-002702,2026-03-11T14:49:41.000Z,2026-03-11,3,21,3,69b66f189390b3e4eaa47134,regular,69,34548879,500708,-5,2,3,509700,40776,0,0,550476,254850,cash,unpaid,0,,0,1,0,2,confirmed,93.95,0,1,1
SYN-20251225-002703,2025-12-25T14:34:57.000Z,2025-12-25,4,21,12,69b66f179390b3e4eaa47113,regular,89,41138137,462226,-80,2,2,279800,22384,30000,0,332184,139900,cash,unpaid,0,,1,0,0,1,completed,1918.2,0,0,1
SYN-20250701-002704,2025-07-01T10:41:31.000Z,2025-07-01,2,17,7,69b66f179390b3e4eaa4712b,regular,83,34910035,420603,-258,2,2,349800,27984,30000,0,407784,174900,bank_transfer,unpaid,0,,0,0,1,1,confirmed,6170.09,0,1,1
SYN-20250925-002705,2025-09-25T04:43:35.000Z,2025-09-25,4,11,9,69b66f179390b3e4eaa47128,regular,66,34270303,519247,-172,2,3,489700,39176,30000,75000,483876,244850,momo,paid,1,VEGGIE25,2,0,0,1,completed,4112.05,0,0,0
SYN-20260309-002706,2026-03-09T10:15:33.000Z,2026-03-09,1,17,3,69b66f179390b3e4eaa47125,regular,78,39418164,505361,-7,1,1,189900,15192,30000,0,235092,189900,momo,unpaid,0,,0,1,0,0,preparing,146.52,0,1,1
SYN-20251103-002707,2025-11-03T07:59:49.000Z,2025-11-03,1,14,11,69b66f179390b3e4eaa4712b,regular,83,34910035,420603,-133,2,4,879600,70368,0,25000,924968,439800,momo,paid,1,FREESHIP,0,2,2,0,completed,3172.78,0,0,0
SYN-20250523-002708,2025-05-23T14:51:53.000Z,2025-05-23,5,21,5,69b66f179390b3e4eaa4712b,regular,83,34910035,420603,-296,1,1,129900,10392,30000,0,170292,129900,cash,unpaid,0,,0,0,0,1,delivering,7101.91,0,1,1
SYN-20251028-002709,2025-10-28T01:42:02.000Z,2025-10-28,2,8,10,69b66f189390b3e4eaa47134,regular,69,34548879,500708,-139,2,4,579600,46368,0,100000,525968,289800,card,unpaid,1,HEALTHY20,0,0,0,4,confirmed,3323.08,0,1,1
SYN-20260127-002710,2026-01-27T10:59:45.000Z,2026-01-27,2,17,1,69b66f179390b3e4eaa4710d,regular,128,62788236,490533,-47,1,3,809700,64776,0,120000,754476,809700,cash,paid,1,FIRSTORDER30,0,0,3,0,completed,1129.78,0,0,0
SYN-20250622-002711,2025-06-22T12:57:19.000Z,2025-06-22,0,19,6,69b66f179390b3e4eaa4712b,regular,83,34910035,420603,-267,2,2,409800,32784,30000,0,472584,204900,cash,unpaid,0,,0,2,0,0,confirmed,6383.82,0,1,1
SYN-20250831-002712,2025-08-31T04:03:53.000Z,2025-08-31,0,11,8,69b66f179390b3e4eaa4710d,regular,128,62788236,490533,-197,1,1,169900,13592,30000,0,213492,169900,cash,unpaid,0,,1,0,0,0,preparing,4712.71,0,1,1
SYN-20251007-002713,2025-10-07T06:05:41.000Z,2025-10-07,2,13,10,69b66f179390b3e4eaa4710a,vip,300,150762893,502543,-160,2,2,354800,28384,30000,50000,363184,177400,momo,paid,1,EATOMO50K,0,2,0,0,delivering,3822.68,0,1,0
SYN-20260303-002714,2026-03-03T14:41:26.000Z,2026-03-03,2,21,3,69b66f189390b3e4eaa4712e,regular,66,32415979,491151,-12,2,3,549700,43976,0,0,593676,274850,momo,paid,0,,1,2,0,0,delivering,286.09,0,1,0
SYN-20250426-002715,2025-04-26T04:52:12.000Z,2025-04-26,6,11,4,69b66f179390b3e4eaa4710a,vip,300,150762893,502543,-324,2,3,739700,59176,0,80000,718876,369850,card,paid,1,SUMMER15,0,1,2,0,completed,7759.91,0,0,0
SYN-20260305-002716,2026-03-05T11:06:03.000Z,2026-03-05,4,18,3,69b66f179390b3e4eaa47110,regular,80,39676181,495952,-11,2,3,589700,47176,0,0,636876,294850,momo,paid,0,,0,3,0,0,completed,241.68,0,0,0
SYN-20260315-002717,2026-03-15T01:39:31.000Z,2026-03-15,0,8,3,69b66f179390b3e4eaa47119,regular,49,23556582,480747,-1,2,3,509700,40776,0,76455,474021,254850,card,unpaid,1,SUMMER15,0,0,1,2,pending,11.12,0,1,1
SYN-20250811-002718,2025-08-11T14:54:16.000Z,2025-08-11,1,21,8,69b66f179390b3e4eaa47116,regular,82,38788483,473030,-216,1,1,189900,15192,30000,0,235092,189900,momo,paid,0,,0,1,0,0,delivering,5181.87,0,1,0
SYN-20260301-002719,2026-03-01T05:31:30.000Z,2026-03-01,0,12,3,69b66f179390b3e4eaa4710a,vip,300,150762893,502543,-15,2,3,639700,51176,0,0,690876,319850,card,unpaid,0,,0,2,1,0,confirmed,343.25,0,1,1
SYN-20250709-002720,2025-07-09T07:29:05.000Z,2025-07-09,3,14,7,69b66f179390b3e4eaa47125,regular,78,39418164,505361,-250,2,5,1049500,83960,0,0,1133460,524750,bank_transfer,paid,0,,0,2,3,0,completed,5981.29,0,0,0
SYN-20251228-002721,2025-12-28T01:18:02.000Z,2025-12-28,0,8,12,69b66f179390b3e4eaa4710d,regular,128,62788236,490533,-78,2,3,539700,43176,0,50000,532876,269850,cash,paid,1,EATOMO50K,2,1,0,0,delivering,1859.48,0,1,0
SYN-20251128-002722,2025-11-28T10:27:58.000Z,2025-11-28,5,17,11,69b66f179390b3e4eaa4710a,vip,300,150762893,502543,-108,1,3,659700,52776,0,50000,662476,659700,momo,paid,1,WELCOME10,0,3,0,0,completed,2570.31,0,0,0
SYN-20251130-002723,2025-11-30T03:26:18.000Z,2025-11-30,0,10,11,69b66f179390b3e4eaa4710a,vip,300,150762893,502543,-106,2,3,539700,43176,0,50000,532876,269850,momo,unpaid,1,EATOMO50K,0,3,0,0,preparing,2529.34,0,1,1
SYN-20250519-002724,2025-05-19T07:08:45.000Z,2025-05-19,1,14,5,69b66f179390b3e4eaa4710a,vip,300,150762893,502543,-301,1,2,399800,31984,30000,75000,386784,399800,momo,unpaid,1,VEGGIE25,0,2,0,0,preparing,7205.63,0,1,1
SYN-20251102-002725,2025-11-02T12:26:31.000Z,2025-11-02,0,19,11,69b66f179390b3e4eaa47122,regular,84,40357330,480444,-133,1,1,149900,11992,30000,0,191892,149900,card,unpaid,0,,1,0,0,0,pending,3192.34,0,1,1
SYN-20260122-002726,2026-01-22T02:05:30.000Z,2026-01-22,4,9,1,69b66f179390b3e4eaa47113,regular,89,41138137,462226,-53,2,2,319800,25584,30000,63960,311424,159900,card,unpaid,1,HEALTHY20,1,1,0,0,preparing,1258.69,0,1,1
SYN-20260311-002727,2026-03-11T08:21:41.000Z,2026-03-11,3,15,3,69b66f179390b3e4eaa4710a,vip,300,150762893,502543,-5,2,2,429800,34384,30000,80000,414184,214900,momo,unpaid,1,FLASH25,0,1,1,0,preparing,100.42,0,1,1
SYN-20250707-002728,2025-07-07T09:23:17.000Z,2025-07-07,1,16,7,69b66f179390b3e4eaa47110,regular,80,39676181,495952,-252,2,2,434800,34784,30000,0,499584,217400,momo,unpaid,0,,0,1,1,0,confirmed,6027.39,0,1,1
SYN-20251118-002729,2025-11-18T05:33:43.000Z,2025-11-18,2,12,11,69b66f189390b3e4eaa4712e,regular,66,32415979,491151,-118,2,3,539700,43176,0,50000,532876,269850,momo,unpaid,1,EATOMO50K,0,2,0,1,preparing,2815.22,0,1,1
SYN-20260102-002730,2026-01-02T02:09:09.000Z,2026-01-02,5,9,1,69b66f179390b3e4eaa47116,regular,82,38788483,473030,-73,2,2,359800,28784,30000,80000,338584,179900,cash,paid,1,FLASH25,0,1,0,1,completed,1738.63,0,0,0
SYN-20250828-002731,2025-08-28T01:47:27.000Z,2025-08-28,4,8,8,69b66f179390b3e4eaa4710a,vip,300,150762893,502543,-200,2,3,549700,43976,0,120000,473676,274850,card,unpaid,1,FIRSTORDER30,2,0,1,0,preparing,4786.99,0,1,1
SYN-20260315-002732,2026-03-15T13:09:32.000Z,2026-03-15,0,20,3,69b66f189390b3e4eaa4712e,regular,66,32415979,491151,0,2,4,679600,54368,0,0,733968,339800,card,unpaid,0,,0,2,0,2,confirmed,0,0,0,1
SYN-20250407-002733,2025-04-07T14:45:38.000Z,2025-04-07,1,21,4,69b66f179390b3e4eaa4710a,vip,300,150762893,502543,-342,2,3,579700,46376,0,75000,551076,289850,momo,unpaid,1,VEGGIE25,0,3,0,0,pending,8206.02,0,1,1
SYN-20251231-002734,2025-12-31T09:10:23.000Z,2025-12-31,3,16,12,69b66f179390b3e4eaa47122,regular,84,40357330,480444,-75,2,2,309800,24784,30000,0,364584,154900,card,unpaid,0,,1,0,0,1,confirmed,1779.6,0,1,1
SYN-20260113-002735,2026-01-13T13:42:50.000Z,2026-01-13,2,20,1,69b66f179390b3e4eaa47125,regular,78,39418164,505361,-61,2,2,469800,37584,30000,50000,487384,234900,momo,unpaid,1,EATOMO50K,0,0,2,0,confirmed,1463.06,0,1,1
SYN-20260301-002736,2026-03-01T10:23:23.000Z,2026-03-01,0,17,3,69b66f179390b3e4eaa4710a,vip,300,150762893,502543,-15,2,4,679600,54368,0,50000,683968,339800,card,paid,1,WELCOME10,0,2,0,2,completed,338.39,0,0,0
SYN-20260309-002737,2026-03-09T06:24:26.000Z,2026-03-09,1,13,3,69b66f179390b3e4eaa4710a,vip,300,150762893,502543,-7,2,2,399800,31984,30000,25000,436784,199900,bank_transfer,paid,1,FREESHIP,1,1,0,0,delivering,150.37,0,1,0
SYN-20260309-002738,2026-03-09T02:18:40.000Z,2026-03-09,1,9,3,69b66f179390b3e4eaa4710a,vip,300,150762893,502543,-7,2,2,294800,23584,30000,0,348384,147400,momo,paid,0,,0,1,0,1,completed,154.47,0,0,0
SYN-20260116-002739,2026-01-16T01:31:36.000Z,2026-01-16,5,8,1,69b66f179390b3e4eaa47128,regular,66,34270303,519247,-59,2,2,409800,32784,30000,81960,390624,204900,card,unpaid,1,HEALTHY20,0,2,0,0,completed,1403.25,0,0,1
SYN-20250913-002740,2025-09-13T08:22:53.000Z,2025-09-13,6,15,9,69b66f189390b3e4eaa47131,regular,82,38006436,463493,-184,2,3,549700,43976,0,0,593676,274850,momo,paid,0,,0,3,0,0,delivering,4396.4,0,1,0
SYN-20251226-002741,2025-12-26T01:00:59.000Z,2025-12-26,5,8,12,69b66f179390b3e4eaa47116,regular,82,38788483,473030,-80,2,3,529700,42376,0,75000,497076,264850,momo,paid,1,VEGGIE25,0,0,1,2,completed,1907.76,0,0,0
SYN-20250605-002742,2025-06-05T09:00:55.000Z,2025-06-05,4,16,6,69b66f179390b3e4eaa4710a,vip,300,150762893,502543,-284,2,2,409800,32784,30000,0,472584,204900,momo,unpaid,0,,1,0,1,0,confirmed,6795.76,0,1,1
SYN-20260208-002743,2026-02-08T01:39:01.000Z,2026-02-08,0,8,2,69b66f189390b3e4eaa47131,regular,82,38006436,463493,-36,2,3,509700,40776,0,0,550476,254850,cash,paid,0,,0,2,0,1,completed,851.13,0,0,0
SYN-20260302-002744,2026-03-02T08:14:38.000Z,2026-03-02,1,15,3,69b66f189390b3e4eaa47134,regular,69,34548879,500708,-14,2,2,339800,27184,30000,0,396984,169900,cash,refunded,0,,0,1,0,1,cancelled,316.53,1,0,0
SYN-20250901-002745,2025-09-01T09:28:05.000Z,2025-09-01,1,16,9,69b66f179390b3e4eaa4712b,regular,83,34910035,420603,-196,1,1,164900,13192,30000,0,208092,164900,card,unpaid,0,,1,0,0,0,completed,4683.31,0,0,1
SYN-20250414-002746,2025-04-14T07:39:34.000Z,2025-04-14,1,14,4,69b66f179390b3e4eaa47122,regular,84,40357330,480444,-336,2,3,639700,51176,0,50000,640876,319850,momo,unpaid,1,EATOMO50K,0,1,2,0,preparing,8045.12,0,1,1
SYN-20260315-002747,2026-03-15T09:09:23.000Z,2026-03-15,0,16,3,69b66f179390b3e4eaa4710a,vip,300,150762893,502543,-1,2,3,519700,41576,0,50000,511276,259850,card,paid,1,EATOMO50K,1,2,0,0,delivering,3.62,0,0,0
SYN-20260222-002748,2026-02-22T13:52:29.000Z,2026-02-22,0,20,2,69b66f179390b3e4eaa47110,regular,80,39676181,495952,-21,1,2,379800,30384,30000,0,440184,379800,bank_transfer,paid,0,,0,2,0,0,completed,502.9,0,0,0
SYN-20260307-002749,2026-03-07T09:13:04.000Z,2026-03-07,6,16,3,69b66f179390b3e4eaa4710a,vip,300,150762893,502543,-9,2,4,839600,67168,0,60000,846768,419800,card,unpaid,1,PROTEIN10,0,2,2,0,preparing,195.56,0,1,1
SYN-20250415-002750,2025-04-15T04:47:04.000Z,2025-04-15,2,11,4,69b66f179390b3e4eaa47110,regular,80,39676181,495952,-335,2,3,729700,58376,0,0,788076,364850,bank_transfer,paid,0,,0,1,2,0,completed,8023.99,0,0,0
SYN-20250618-002751,2025-06-18T10:55:33.000Z,2025-06-18,3,17,6,69b66f179390b3e4eaa47110,regular,80,39676181,495952,-271,1,2,439800,35184,30000,0,504984,439800,cash,unpaid,0,,0,2,0,0,pending,6481.85,0,1,1
SYN-20251208-002752,2025-12-08T02:10:17.000Z,2025-12-08,1,9,12,69b66f179390b3e4eaa4711c,regular,50,24230795,484616,-98,2,4,859600,68768,0,0,928368,429800,momo,unpaid,0,,0,2,2,0,preparing,2338.61,0,1,1
SYN-20260315-002753,2026-03-15T03:09:56.000Z,2026-03-15,0,10,3,69b66f179390b3e4eaa4710a,vip,300,150762893,502543,-1,2,3,589700,47176,0,100000,536876,294850,momo,paid,1,VIP100K,0,2,1,0,completed,9.61,0,0,0
SYN-20250902-002754,2025-09-02T02:58:53.000Z,2025-09-02,2,9,9,69b66f189390b3e4eaa47134,regular,69,34548879,500708,-195,2,3,509700,40776,0,50000,500476,254850,cash,paid,1,EATOMO50K,0,2,0,1,delivering,4665.8,0,1,0
SYN-20251105-002755,2025-11-05T12:37:39.000Z,2025-11-05,3,19,11,69b66f179390b3e4eaa4710d,regular,128,62788236,490533,-130,2,2,439800,35184,30000,25000,479984,219900,cash,unpaid,1,FREESHIP,0,1,1,0,preparing,3120.15,0,1,1
SYN-20260306-002756,2026-03-06T07:08:58.000Z,2026-03-06,5,14,3,69b66f179390b3e4eaa4710a,vip,300,150762893,502543,-10,2,3,649700,51976,0,50000,651676,324850,momo,paid,1,EATOMO50K,0,0,2,1,completed,221.63,0,0,0
SYN-20260127-002757,2026-01-27T11:14:45.000Z,2026-01-27,2,18,1,69b66f179390b3e4eaa4710d,regular,128,62788236,490533,-47,1,1,129900,10392,30000,32475,137817,129900,cash,paid,1,VEGGIE25,0,0,0,1,delivering,1129.53,0,1,0
SYN-20260305-002758,2026-03-05T12:30:02.000Z,2026-03-05,4,19,3,69b66f189390b3e4eaa4712e,regular,66,32415979,491151,-11,1,1,199900,15992,30000,0,245892,199900,cash,paid,0,,0,1,0,0,delivering,240.28,0,1,0
SYN-20250703-002759,2025-07-03T05:49:58.000Z,2025-07-03,4,12,7,69b66f179390b3e4eaa47122,regular,84,40357330,480444,-256,2,3,579700,46376,0,57970,568106,289850,cash,unpaid,1,PROTEIN10,2,0,1,0,preparing,6126.94,0,1,1
SYN-20260302-002760,2026-03-02T11:24:40.000Z,2026-03-02,1,18,3,69b66f179390b3e4eaa4710d,regular,128,62788236,490533,-13,1,1,239900,19192,30000,0,289092,239900,momo,unpaid,0,,0,0,1,0,pending,313.37,0,1,1
SYN-20251210-002761,2025-12-10T11:24:00.000Z,2025-12-10,3,18,12,69b66f179390b3e4eaa4711c,regular,50,24230795,484616,-96,1,1,199900,15992,30000,0,245892,199900,card,unpaid,0,,0,1,0,0,confirmed,2281.38,0,1,1
SYN-20250920-002762,2025-09-20T02:13:15.000Z,2025-09-20,6,9,9,69b66f179390b3e4eaa4710a,vip,300,150762893,502543,-177,1,1,259900,20792,30000,0,310692,259900,cash,unpaid,0,,0,0,1,0,preparing,4234.56,0,1,1
SYN-20251006-002763,2025-10-06T04:04:56.000Z,2025-10-06,1,11,10,69b66f179390b3e4eaa4710a,vip,300,150762893,502543,-161,2,3,659700,52776,0,50000,662476,329850,card,paid,1,WELCOME10,0,1,2,0,delivering,3848.7,0,1,0
SYN-20251106-002764,2025-11-06T12:44:05.000Z,2025-11-06,4,19,11,69b66f189390b3e4eaa47131,regular,82,38006436,463493,-130,2,4,919600,73568,0,0,993168,459800,cash,paid,0,,1,0,3,0,completed,3096.04,0,0,0
SYN-20251227-002765,2025-12-27T05:15:26.000Z,2025-12-27,6,12,12,69b66f189390b3e4eaa47134,regular,69,34548879,500708,-79,1,2,319800,25584,30000,0,375384,319800,card,unpaid,0,,2,0,0,0,confirmed,1879.52,0,1,1
SYN-20260109-002766,2026-01-09T03:44:48.000Z,2026-01-09,5,10,1,69b66f179390b3e4eaa4710a,vip,300,150762893,502543,-66,1,2,379800,30384,30000,75000,365184,379800,momo,unpaid,1,VEGGIE25,0,2,0,0,preparing,1569.03,0,1,1
SYN-20260201-002767,2026-02-01T09:20:30.000Z,2026-02-01,0,16,2,69b66f179390b3e4eaa47128,regular,66,34270303,519247,-42,1,3,809700,64776,0,50000,824476,809700,momo,unpaid,1,EATOMO50K,0,0,3,0,preparing,1011.44,0,1,1
SYN-20251231-002768,2025-12-31T09:38:53.000Z,2025-12-31,3,16,12,69b66f179390b3e4eaa47122,regular,84,40357330,480444,-75,2,4,719600,57568,0,75000,702168,359800,bank_transfer,unpaid,1,VEGGIE25,0,0,2,2,confirmed,1779.13,0,1,1
SYN-20251110-002769,2025-11-10T05:33:07.000Z,2025-11-10,1,12,11,69b66f189390b3e4eaa47131,regular,82,38006436,463493,-126,1,1,189900,15192,30000,0,235092,189900,card,paid,0,,0,1,0,0,completed,3007.23,0,0,0
SYN-20251028-002770,2025-10-28T12:31:37.000Z,2025-10-28,2,19,10,69b66f179390b3e4eaa4710a,vip,300,150762893,502543,-139,2,2,289800,23184,30000,72450,270534,144900,bank_transfer,paid,1,VEGGIE25,0,0,0,2,delivering,3312.25,0,1,0
SYN-20250826-002771,2025-08-26T12:38:30.000Z,2025-08-26,2,19,8,69b66f179390b3e4eaa4710d,regular,128,62788236,490533,-201,2,3,489700,39176,30000,50000,508876,244850,momo,paid,1,EATOMO50K,0,2,0,1,completed,4824.14,0,0,0
SYN-20250809-002772,2025-08-09T05:47:38.000Z,2025-08-09,6,12,8,69b66f179390b3e4eaa4710a,vip,300,150762893,502543,-219,2,2,419800,33584,30000,41980,441404,209900,cash,unpaid,1,PROTEIN10,0,0,1,1,pending,5238.98,0,1,1
SYN-20260216-002773,2026-02-16T02:42:52.000Z,2026-02-16,1,9,2,69b66f179390b3e4eaa47122,regular,84,40357330,480444,-28,2,2,314800,25184,30000,0,369984,157400,cash,paid,0,,0,1,0,1,completed,658.06,0,0,0
SYN-20250430-002774,2025-04-30T11:28:53.000Z,2025-04-30,3,18,4,69b66f179390b3e4eaa4712b,regular,83,34910035,420603,-320,1,1,169900,13592,30000,50970,162522,169900,cash,unpaid,1,FIRSTORDER30,1,0,0,0,pending,7657.3,0,1,1
SYN-20260315-002775,2026-03-15T04:00:57.000Z,2026-03-15,0,11,3,69b66f179390b3e4eaa47128,regular,66,34270303,519247,-1,2,2,469800,37584,30000,0,537384,234900,cash,unpaid,0,,0,0,2,0,completed,8.76,0,0,1
SYN-20250513-002776,2025-05-13T09:07:29.000Z,2025-05-13,2,16,5,69b66f189390b3e4eaa4712e,regular,66,32415979,491151,-307,2,4,799600,63968,0,25000,838568,399800,cash,unpaid,1,FREESHIP,0,0,2,2,preparing,7347.65,0,1,1
SYN-20250706-002777,2025-07-06T07:12:54.000Z,2025-07-06,0,14,7,69b66f179390b3e4eaa47110,regular,80,39676181,495952,-253,2,3,759700,60776,0,80000,740476,379850,card,paid,1,FLASH25,0,0,3,0,delivering,6053.56,0,1,0
SYN-20260102-002778,2026-01-02T10:20:44.000Z,2026-01-02,5,17,1,69b66f179390b3e4eaa47125,regular,78,39418164,505361,-73,2,3,739700,59176,0,0,798876,369850,momo,paid,0,,0,0,3,0,completed,1730.43,0,0,0
SYN-20251125-002779,2025-11-25T14:36:14.000Z,2025-11-25,2,21,11,69b66f179390b3e4eaa47128,regular,66,34270303,519247,-110,2,3,639700,51176,0,75000,615876,319850,momo,unpaid,1,VEGGIE25,0,3,0,0,pending,2638.17,0,1,1
SYN-20251111-002780,2025-11-11T03:01:40.000Z,2025-11-11,2,10,11,69b66f179390b3e4eaa47113,regular,89,41138137,462226,-125,2,2,449800,35984,30000,0,515784,224900,bank_transfer,paid,0,,0,1,1,0,completed,2985.75,0,0,0
SYN-20250321-002781,2025-03-21T11:06:11.000Z,2025-03-21,5,18,3,69b66f179390b3e4eaa4710a,vip,300,150762893,502543,-360,2,3,524700,41976,0,75000,491676,262350,card,paid,1,VEGGIE25,1,2,0,0,completed,8617.67,0,0,0
SYN-20250923-002782,2025-09-23T14:56:08.000Z,2025-09-23,2,21,9,69b66f179390b3e4eaa4712b,regular,83,34910035,420603,-173,2,3,474700,37976,30000,71205,471471,237350,cash,unpaid,1,SUMMER15,2,1,0,0,pending,4149.84,0,1,1
SYN-20260217-002783,2026-02-17T13:14:39.000Z,2026-02-17,2,20,2,69b66f179390b3e4eaa4711f,regular,96,51556197,537044,-27,2,5,1009500,80760,0,0,1090260,504750,momo,paid,0,,0,5,0,0,completed,623.53,0,0,0
SYN-20260218-002784,2026-02-18T01:06:57.000Z,2026-02-18,3,8,2,69b66f179390b3e4eaa47116,regular,82,38788483,473030,-26,2,2,349800,27984,30000,75000,332784,174900,momo,paid,1,VEGGIE25,0,1,0,1,delivering,611.66,0,1,0
SYN-20250526-002785,2025-05-26T06:08:03.000Z,2025-05-26,1,13,5,69b66f189390b3e4eaa4712e,regular,66,32415979,491151,-294,1,3,449700,35976,30000,0,515676,449700,momo,paid,0,,0,0,0,3,completed,7038.64,0,0,0
SYN-20260228-002786,2026-02-28T10:03:08.000Z,2026-02-28,6,17,2,69b66f179390b3e4eaa47113,regular,89,41138137,462226,-16,2,4,964600,77168,0,0,1041768,482300,cash,unpaid,0,,1,0,3,0,pending,362.73,0,1,1
SYN-20260128-002787,2026-01-28T07:58:40.000Z,2026-01-28,3,14,1,69b66f179390b3e4eaa47122,regular,84,40357330,480444,-47,2,3,489700,39176,30000,0,558876,244850,momo,unpaid,0,,0,1,0,2,confirmed,1108.8,0,1,1
SYN-20260110-002788,2026-01-10T02:00:46.000Z,2026-01-10,6,9,1,69b66f179390b3e4eaa4710a,vip,300,150762893,502543,-65,1,2,399800,31984,30000,25000,436784,399800,bank_transfer,paid,1,FREESHIP,0,2,0,0,completed,1546.76,0,0,0
SYN-20260217-002789,2026-02-17T12:13:26.000Z,2026-02-17,2,19,2,69b66f189390b3e4eaa4712e,regular,66,32415979,491151,-27,1,2,379800,30384,30000,0,440184,379800,card,unpaid,0,,0,2,0,0,confirmed,624.55,0,1,1
SYN-20250428-002790,2025-04-28T06:32:42.000Z,2025-04-28,1,13,4,69b66f179390b3e4eaa47110,regular,80,39676181,495952,-322,1,1,174900,13992,30000,0,218892,174900,bank_transfer,paid,0,,0,1,0,0,delivering,7710.23,0,1,0
SYN-20251228-002791,2025-12-28T09:02:05.000Z,2025-12-28,0,16,12,69b66f179390b3e4eaa4710d,regular,128,62788236,490533,-78,1,2,339800,27184,30000,101940,295044,339800,card,paid,1,FIRSTORDER30,2,0,0,0,delivering,1851.74,0,1,0
SYN-20250826-002792,2025-08-26T08:44:45.000Z,2025-08-26,2,15,8,69b66f189390b3e4eaa4712e,regular,66,32415979,491151,-202,2,5,1049500,83960,0,0,1133460,524750,cash,unpaid,0,,0,0,3,2,preparing,4828.03,0,1,1
SYN-20250805-002793,2025-08-05T11:44:16.000Z,2025-08-05,2,18,8,69b66f179390b3e4eaa4711f,regular,96,51556197,537044,-223,2,2,439800,35184,30000,75000,429984,219900,momo,paid,1,VEGGIE25,0,1,1,0,completed,5329.04,0,0,0
SYN-20260211-002794,2026-02-11T08:52:12.000Z,2026-02-11,3,15,2,69b66f179390b3e4eaa47125,regular,78,39418164,505361,-33,2,4,719600,57568,0,25000,752168,359800,momo,unpaid,1,FREESHIP,0,4,0,0,confirmed,771.91,0,1,1
SYN-20250829-002795,2025-08-29T13:27:44.000Z,2025-08-29,5,20,8,69b66f179390b3e4eaa47116,regular,82,38788483,473030,-198,2,3,549700,43976,0,0,593676,274850,card,paid,0,,2,1,0,0,delivering,4751.32,0,1,0
SYN-20250908-002796,2025-09-08T08:48:19.000Z,2025-09-08,1,15,9,69b66f179390b3e4eaa4711f,regular,96,51556197,537044,-189,2,3,729700,58376,0,0,788076,364850,momo,unpaid,0,,0,1,2,0,completed,4515.97,0,0,1
SYN-20250518-002797,2025-05-18T09:56:37.000Z,2025-05-18,0,16,5,69b66f189390b3e4eaa47131,regular,82,38006436,463493,-302,1,2,519800,41584,0,0,561384,519800,momo,paid,0,,0,0,2,0,completed,7226.83,0,0,0
SYN-20250908-002798,2025-09-08T07:40:26.000Z,2025-09-08,1,14,9,69b66f179390b3e4eaa4710a,vip,300,150762893,502543,-189,1,1,259900,20792,30000,51980,258712,259900,momo,unpaid,1,HEALTHY20,0,0,1,0,delivering,4517.1,0,1,1
SYN-20250618-002799,2025-06-18T07:36:03.000Z,2025-06-18,3,14,6,69b66f179390b3e4eaa47122,regular,84,40357330,480444,-271,1,1,139900,11192,30000,0,181092,139900,cash,unpaid,0,,1,0,0,0,confirmed,6485.18,0,1,1
SYN-20251208-002800,2025-12-08T08:03:12.000Z,2025-12-08,1,15,12,69b66f179390b3e4eaa4712b,regular,83,34910035,420603,-98,1,1,139900,11192,30000,41970,139122,139900,momo,unpaid,1,FIRSTORDER30,1,0,0,0,preparing,2332.72,0,1,1
SYN-20260221-002801,2026-02-21T09:47:37.000Z,2026-02-21,6,16,2,69b66f179390b3e4eaa4710a,vip,300,150762893,502543,-23,2,2,479800,38384,30000,75000,473184,239900,cash,unpaid,1,VEGGIE25,0,1,1,0,confirmed,530.98,0,1,1
SYN-20250408-002802,2025-04-08T11:29:26.000Z,2025-04-08,2,18,4,69b66f179390b3e4eaa4711f,regular,96,51556197,537044,-342,1,1,164900,13192,30000,0,208092,164900,momo,paid,0,,0,1,0,0,completed,8185.29,0,0,0
SYN-20250814-002803,2025-08-14T03:57:52.000Z,2025-08-14,4,10,8,69b66f179390b3e4eaa4710a,vip,300,150762893,502543,-214,2,4,649600,51968,0,0,701568,324800,card,paid,0,,4,0,0,0,delivering,5120.81,0,1,0
SYN-20250325-002804,2025-03-25T09:48:29.000Z,2025-03-25,2,16,3,69b66f179390b3e4eaa47122,regular,84,40357330,480444,-356,1,2,399800,31984,30000,50000,411784,399800,card,refunded,1,EATOMO50K,0,2,0,0,cancelled,8522.97,1,0,0
SYN-20251007-002805,2025-10-07T02:32:41.000Z,2025-10-07,2,9,10,69b66f179390b3e4eaa4710a,vip,300,150762893,502543,-160,2,4,859600,68768,0,50000,878368,429800,card,paid,1,EATOMO50K,0,1,3,0,completed,3826.23,0,0,0
SYN-20250927-002806,2025-09-27T07:51:01.000Z,2025-09-27,6,14,9,69b66f179390b3e4eaa4711f,regular,96,51556197,537044,-170,2,3,619700,49576,0,80000,589276,309850,cash,unpaid,1,SUMMER15,0,0,2,1,pending,4060.93,0,1,1
SYN-20250408-002807,2025-04-08T10:16:01.000Z,2025-04-08,2,17,4,69b66f179390b3e4eaa47125,regular,78,39418164,505361,-342,1,2,349800,27984,30000,0,407784,349800,momo,unpaid,0,,0,2,0,0,preparing,8186.51,0,1,1
SYN-20250919-002808,2025-09-19T02:39:38.000Z,2025-09-19,5,9,9,69b66f179390b3e4eaa4710a,vip,300,150762893,502543,-178,1,1,159900,12792,30000,0,202692,159900,momo,unpaid,0,,1,0,0,0,preparing,4258.12,0,1,1
SYN-20250912-002809,2025-09-12T04:22:32.000Z,2025-09-12,5,11,9,69b66f179390b3e4eaa47122,regular,84,40357330,480444,-185,1,1,179900,14392,30000,0,224292,179900,bank_transfer,paid,0,,0,1,0,0,completed,4424.4,0,0,0
SYN-20250916-002810,2025-09-16T03:28:46.000Z,2025-09-16,2,10,9,69b66f179390b3e4eaa4710a,vip,300,150762893,502543,-181,1,2,279800,22384,30000,25000,307184,279800,card,paid,1,FREESHIP,0,0,0,2,completed,4329.3,0,0,0
SYN-20260113-002811,2026-01-13T07:55:36.000Z,2026-01-13,2,14,1,69b66f179390b3e4eaa47110,regular,80,39676181,495952,-62,2,3,599700,47976,0,0,647676,299850,momo,paid,0,,0,3,0,0,completed,1468.85,0,0,0
SYN-20250718-002812,2025-07-18T01:26:37.000Z,2025-07-18,5,8,7,69b66f179390b3e4eaa47116,regular,82,38788483,473030,-241,2,3,549700,43976,0,0,593676,274850,momo,unpaid,0,,2,0,1,0,cancelled,5771.33,1,0,1
SYN-20250626-002813,2025-06-26T04:31:07.000Z,2025-06-26,4,11,6,69b66f179390b3e4eaa47122,regular,84,40357330,480444,-263,1,2,379800,30384,30000,0,440184,379800,cash,paid,0,,0,2,0,0,completed,6296.26,0,0,0
SYN-20260312-002814,2026-03-12T08:47:46.000Z,2026-03-12,4,15,3,69b66f179390b3e4eaa47113,regular,89,41138137,462226,-4,1,1,239900,19192,30000,0,289092,239900,momo,unpaid,0,,0,0,1,0,delivering,75.98,0,1,1
SYN-20250419-002815,2025-04-19T09:52:43.000Z,2025-04-19,6,16,4,69b66f189390b3e4eaa47134,regular,69,34548879,500708,-331,2,4,979600,78368,0,50000,1007968,489800,cash,paid,1,EATOMO50K,0,0,4,0,completed,7922.9,0,0,0
SYN-20260227-002816,2026-02-27T03:50:48.000Z,2026-02-27,5,10,2,69b66f179390b3e4eaa4711f,regular,96,51556197,537044,-17,1,1,249900,19992,30000,37485,262407,249900,momo,paid,1,SUMMER15,0,0,1,0,completed,392.93,0,0,0
SYN-20260224-002817,2026-02-24T09:00:38.000Z,2026-02-24,2,16,2,69b66f179390b3e4eaa47113,regular,89,41138137,462226,-20,2,2,394800,31584,30000,0,456384,197400,momo,paid,0,,0,1,1,0,completed,459.77,0,0,0
SYN-20260201-002818,2026-02-01T09:09:09.000Z,2026-02-01,0,16,2,69b66f179390b3e4eaa4710d,regular,128,62788236,490533,-43,2,5,719500,57560,0,50000,727060,359750,momo,paid,1,EATOMO50K,2,0,0,3,completed,1011.63,0,0,0
SYN-20250906-002819,2025-09-06T08:56:11.000Z,2025-09-06,6,15,9,69b66f179390b3e4eaa47128,regular,66,34270303,519247,-190,1,2,379800,30384,30000,0,440184,379800,momo,paid,0,,0,2,0,0,delivering,4563.84,0,1,0
SYN-20250827-002820,2025-08-27T14:50:16.000Z,2025-08-27,3,21,8,69b66f179390b3e4eaa47119,regular,49,23556582,480747,-200,2,2,309800,24784,30000,50000,314584,154900,cash,unpaid,1,EATOMO50K,2,0,0,0,preparing,4797.94,0,1,1
SYN-20250405-002821,2025-04-05T14:45:54.000Z,2025-04-05,6,21,4,69b66f179390b3e4eaa47119,regular,49,23556582,480747,-344,2,2,269800,21584,30000,0,321384,134900,momo,unpaid,0,,1,0,0,1,pending,8254.01,0,1,1
SYN-20260203-002822,2026-02-03T02:33:02.000Z,2026-02-03,2,9,2,69b66f179390b3e4eaa4710d,regular,128,62788236,490533,-41,2,3,569700,45576,0,75000,540276,284850,card,paid,1,VEGGIE25,2,0,1,0,delivering,970.23,0,1,0
SYN-20250726-002823,2025-07-26T06:05:51.000Z,2025-07-26,6,13,7,69b66f179390b3e4eaa4710a,vip,300,150762893,502543,-233,1,1,199900,15992,30000,0,245892,199900,card,unpaid,0,,0,1,0,0,confirmed,5574.68,0,1,1
SYN-20260315-002824,2026-03-15T07:05:03.000Z,2026-03-15,0,14,3,69b66f179390b3e4eaa4712b,regular,83,34910035,420603,-1,1,2,329800,26384,30000,0,386184,329800,cash,unpaid,0,,2,0,0,0,preparing,5.69,0,1,1
SYN-20250719-002825,2025-07-19T10:07:22.000Z,2025-07-19,6,17,7,69b66f179390b3e4eaa4710a,vip,300,150762893,502543,-240,2,3,629700,50376,0,25000,655076,314850,cash,paid,1,FREESHIP,0,0,2,1,delivering,5738.65,0,1,0
SYN-20260111-002826,2026-01-11T10:29:15.000Z,2026-01-11,0,17,1,69b66f179390b3e4eaa4712b,regular,83,34910035,420603,-64,1,2,289800,23184,30000,0,342984,289800,momo,unpaid,0,,2,0,0,0,confirmed,1514.29,0,1,1
SYN-20260311-002827,2026-03-11T13:54:38.000Z,2026-03-11,3,20,3,69b66f179390b3e4eaa47125,regular,78,39418164,505361,-4,1,2,479800,38384,30000,0,548184,479800,momo,paid,0,,0,0,2,0,completed,94.87,0,0,0
SYN-20260215-002828,2026-02-15T07:47:12.000Z,2026-02-15,0,14,2,69b66f189390b3e4eaa4712e,regular,66,32415979,491151,-29,1,2,279800,22384,30000,0,332184,279800,momo,unpaid,0,,0,0,0,2,confirmed,676.99,0,1,1
SYN-20250406-002829,2025-04-06T02:48:10.000Z,2025-04-06,0,9,4,69b66f179390b3e4eaa47125,regular,78,39418164,505361,-344,2,4,679600,54368,0,50000,683968,339800,cash,paid,1,EATOMO50K,2,2,0,0,completed,8241.97,0,0,0
SYN-20260120-002830,2026-01-20T10:04:34.000Z,2026-01-20,2,17,1,69b66f179390b3e4eaa47110,regular,80,39676181,495952,-55,1,1,239900,19192,30000,0,289092,239900,momo,unpaid,0,,0,0,1,0,delivering,1298.7,0,1,1
SYN-20260305-002831,2026-03-05T10:40:09.000Z,2026-03-05,4,17,3,69b66f179390b3e4eaa4711f,regular,96,51556197,537044,-11,2,5,839500,67160,0,0,906660,419750,momo,paid,0,,3,2,0,0,completed,242.11,0,0,0
SYN-20251127-002832,2025-11-27T14:16:37.000Z,2025-11-27,4,21,11,69b66f179390b3e4eaa4710a,vip,300,150762893,502543,-109,1,1,199900,15992,30000,25000,220892,199900,bank_transfer,paid,1,FREESHIP,0,1,0,0,completed,2590.5,0,0,0
SYN-20250726-002833,2025-07-26T14:29:34.000Z,2025-07-26,6,21,7,69b66f189390b3e4eaa47131,regular,82,38006436,463493,-232,1,1,209900,16792,30000,0,256692,209900,cash,unpaid,0,,0,1,0,0,confirmed,5566.28,0,1,1
SYN-20250816-002834,2025-08-16T10:39:21.000Z,2025-08-16,6,17,8,69b66f179390b3e4eaa4710a,vip,300,150762893,502543,-212,1,2,329800,26384,30000,0,386184,329800,bank_transfer,paid,0,,0,2,0,0,delivering,5066.12,0,1,0
SYN-20260219-002835,2026-02-19T09:07:51.000Z,2026-02-19,4,16,2,69b66f179390b3e4eaa4710a,vip,300,150762893,502543,-25,2,3,539700,43176,0,0,582876,269850,momo,paid,0,,1,2,0,0,completed,579.65,0,0,0
SYN-20260315-002836,2026-03-15T11:06:56.000Z,2026-03-15,0,18,3,69b66f179390b3e4eaa4712b,regular,83,34910035,420603,-1,2,2,389800,31184,30000,38980,412004,194900,momo,unpaid,1,PROTEIN10,0,2,0,0,pending,1.66,0,0,1
SYN-20250603-002837,2025-06-03T09:42:47.000Z,2025-06-03,2,16,6,69b66f179390b3e4eaa4711f,regular,96,51556197,537044,-286,2,5,979500,78360,0,0,1057860,489750,momo,unpaid,0,,0,5,0,0,pending,6843.06,0,1,1
SYN-20250502-002838,2025-05-02T08:00:20.000Z,2025-05-02,5,15,5,69b66f179390b3e4eaa47128,regular,66,34270303,519247,-318,2,3,489700,39176,30000,0,558876,244850,card,paid,0,,3,0,0,0,completed,7612.77,0,0,0
SYN-20250824-002839,2025-08-24T01:09:35.000Z,2025-08-24,0,8,8,69b66f179390b3e4eaa47122,regular,84,40357330,480444,-204,2,3,409700,32776,30000,0,472476,204850,cash,unpaid,0,,0,0,0,3,confirmed,4883.62,0,1,1
SYN-20260311-002840,2026-03-11T12:22:46.000Z,2026-03-11,3,19,3,69b66f179390b3e4eaa4710d,regular,128,62788236,490533,-4,2,2,409800,32784,30000,0,472584,204900,cash,unpaid,0,,0,1,1,0,preparing,96.4,0,1,1
SYN-20250519-002841,2025-05-19T09:48:47.000Z,2025-05-19,1,16,5,69b66f179390b3e4eaa47110,regular,80,39676181,495952,-301,1,1,209900,16792,30000,0,256692,209900,cash,unpaid,0,,0,1,0,0,preparing,7202.96,0,1,1
SYN-20250823-002842,2025-08-23T08:37:05.000Z,2025-08-23,6,15,8,69b66f189390b3e4eaa4712e,regular,66,32415979,491151,-205,1,1,164900,13192,30000,0,208092,164900,bank_transfer,unpaid,0,,1,0,0,0,pending,4900.16,0,1,1
SYN-20250402-002843,2025-04-02T01:59:17.000Z,2025-04-02,3,8,4,69b66f189390b3e4eaa4712e,regular,66,32415979,491151,-348,2,2,389800,31184,30000,0,450984,194900,cash,unpaid,0,,0,0,1,1,pending,8338.79,0,1,1
SYN-20260102-002844,2026-01-02T13:57:49.000Z,2026-01-02,5,20,1,69b66f179390b3e4eaa47128,regular,66,34270303,519247,-72,1,2,299800,23984,30000,0,353784,299800,momo,paid,0,,0,0,0,2,completed,1726.81,0,0,0
SYN-20250601-002845,2025-06-01T05:29:08.000Z,2025-06-01,0,12,6,69b66f179390b3e4eaa4710d,regular,128,62788236,490533,-288,2,5,979500,78360,0,75000,982860,489750,cash,unpaid,1,VEGGIE25,0,0,3,2,pending,6895.29,0,1,1
SYN-20251227-002846,2025-12-27T05:32:17.000Z,2025-12-27,6,12,12,69b66f179390b3e4eaa4710a,vip,300,150762893,502543,-79,2,3,469700,37576,30000,75000,462276,234850,card,paid,1,VEGGIE25,2,0,0,1,completed,1879.24,0,0,0
SYN-20250506-002847,2025-05-06T01:07:10.000Z,2025-05-06,2,8,5,69b66f189390b3e4eaa47131,regular,82,38006436,463493,-314,2,3,529700,42376,0,0,572076,264850,cash,unpaid,0,,0,0,1,2,preparing,7523.66,0,1,1
SYN-20260123-002848,2026-01-23T12:49:23.000Z,2026-01-23,5,19,1,69b66f189390b3e4eaa47131,regular,82,38006436,463493,-52,1,1,169900,13592,30000,0,213492,169900,bank_transfer,paid,0,,1,0,0,0,completed,1223.95,0,0,0
SYN-20250429-002849,2025-04-29T06:00:37.000Z,2025-04-29,2,13,4,69b66f179390b3e4eaa4710a,vip,300,150762893,502543,-321,2,2,399800,31984,30000,25000,436784,199900,bank_transfer,unpaid,1,FREESHIP,0,0,1,1,preparing,7686.77,0,1,1
SYN-20251017-002850,2025-10-17T09:16:58.000Z,2025-10-17,5,16,10,69b66f179390b3e4eaa4710a,vip,300,150762893,502543,-150,2,2,459800,36784,30000,25000,501584,229900,cash,unpaid,1,FREESHIP,0,1,1,0,confirmed,3579.49,0,1,1
SYN-20260309-002851,2026-03-09T11:51:33.000Z,2026-03-09,1,18,3,69b66f179390b3e4eaa47113,regular,89,41138137,462226,-7,1,2,499800,39984,30000,75000,494784,499800,cash,unpaid,1,VEGGIE25,0,0,2,0,preparing,144.92,0,1,1
SYN-20260306-002852,2026-03-06T01:02:19.000Z,2026-03-06,5,8,3,69b66f179390b3e4eaa47119,regular,49,23556582,480747,-10,2,3,609700,48776,0,80000,578476,304850,cash,paid,1,FLASH25,0,3,0,0,completed,227.74,0,0,0
SYN-20260216-002853,2026-02-16T10:34:33.000Z,2026-02-16,1,17,2,69b66f179390b3e4eaa4710d,regular,128,62788236,490533,-27,2,2,449800,35984,30000,0,515784,224900,card,unpaid,0,,0,1,1,0,preparing,650.2,0,1,1
SYN-20251211-002854,2025-12-11T07:00:32.000Z,2025-12-11,4,14,12,69b66f179390b3e4eaa47119,regular,49,23556582,480747,-95,2,4,999600,79968,0,25000,1054568,499800,momo,paid,1,FREESHIP,0,0,4,0,completed,2261.77,0,0,0
SYN-20260214-002855,2026-02-14T13:21:36.000Z,2026-02-14,6,20,2,69b66f189390b3e4eaa4712e,regular,66,32415979,491151,-29,2,3,529700,42376,0,79455,492621,264850,momo,paid,1,SUMMER15,0,0,1,2,completed,695.42,0,0,0
SYN-20250504-002856,2025-05-04T10:18:50.000Z,2025-05-04,0,17,5,69b66f179390b3e4eaa47110,regular,80,39676181,495952,-316,1,2,379800,30384,30000,0,440184,379800,card,paid,0,,0,2,0,0,completed,7562.46,0,0,0
SYN-20250510-002857,2025-05-10T07:11:55.000Z,2025-05-10,6,14,5,69b66f179390b3e4eaa47110,regular,80,39676181,495952,-310,1,2,339800,27184,30000,25000,371984,339800,momo,paid,1,FREESHIP,2,0,0,0,delivering,7421.58,0,1,0
SYN-20251101-002858,2025-11-01T02:56:19.000Z,2025-11-01,6,9,11,69b66f189390b3e4eaa4712e,regular,66,32415979,491151,-135,1,2,519800,41584,0,0,561384,519800,card,unpaid,0,,0,0,2,0,completed,3225.84,0,0,1
SYN-20250606-002859,2025-06-06T09:25:13.000Z,2025-06-06,5,16,6,69b66f179390b3e4eaa47122,regular,84,40357330,480444,-283,2,2,354800,28384,30000,0,413184,177400,bank_transfer,unpaid,0,,1,1,0,0,pending,6771.36,0,1,1
SYN-20250415-002860,2025-04-15T06:23:40.000Z,2025-04-15,2,13,4,69b66f179390b3e4eaa47116,regular,82,38788483,473030,-335,1,2,359800,28784,30000,0,418584,359800,momo,paid,0,,0,2,0,0,completed,8022.38,0,0,0
SYN-20260221-002861,2026-02-21T05:11:41.000Z,2026-02-21,6,12,2,69b66f179390b3e4eaa4711c,regular,50,24230795,484616,-23,1,2,499800,39984,30000,80000,489784,499800,momo,unpaid,1,FLASH25,0,0,2,0,completed,535.58,0,0,1
SYN-20251120-002862,2025-11-20T13:24:15.000Z,2025-11-20,4,20,11,69b66f179390b3e4eaa47110,regular,80,39676181,495952,-115,1,1,239900,19192,30000,0,289092,239900,card,paid,0,,0,0,1,0,completed,2759.37,0,0,0
SYN-20250423-002863,2025-04-23T09:20:18.000Z,2025-04-23,3,16,4,69b66f179390b3e4eaa47110,regular,80,39676181,495952,-327,1,2,279800,22384,30000,0,332184,279800,cash,paid,0,,2,0,0,0,delivering,7827.44,0,1,0
SYN-20260225-002864,2026-02-25T07:42:58.000Z,2026-02-25,3,14,2,69b66f179390b3e4eaa4710a,vip,300,150762893,502543,-19,2,2,329800,26384,30000,98940,287244,164900,cash,unpaid,1,FIRSTORDER30,1,1,0,0,preparing,437.06,0,1,1
SYN-20251125-002865,2025-11-25T02:39:09.000Z,2025-11-25,2,9,11,69b66f179390b3e4eaa4711f,regular,96,51556197,537044,-111,2,3,639700,51176,0,0,690876,319850,momo,unpaid,0,,0,0,2,1,confirmed,2650.13,0,1,1
SYN-20260315-002866,2026-03-15T01:37:47.000Z,2026-03-15,0,8,3,69b66f179390b3e4eaa4712b,regular,83,34910035,420603,-1,2,2,329800,26384,30000,75000,311184,164900,cash,unpaid,1,VEGGIE25,1,0,0,1,delivering,11.15,0,1,1
SYN-20260223-002867,2026-02-23T10:23:53.000Z,2026-02-23,1,17,2,69b66f179390b3e4eaa4710d,regular,128,62788236,490533,-20,1,2,279800,22384,30000,27980,304204,279800,momo,paid,1,PROTEIN10,0,0,0,2,completed,482.38,0,0,0
SYN-20250506-002868,2025-05-06T13:26:41.000Z,2025-05-06,2,20,5,69b66f179390b3e4eaa47113,regular,89,41138137,462226,-313,2,3,629700,50376,0,75000,605076,314850,momo,paid,1,VEGGIE25,1,0,2,0,completed,7511.33,0,0,0
SYN-20251218-002869,2025-12-18T14:40:09.000Z,2025-12-18,4,21,12,69b66f189390b3e4eaa4712e,regular,66,32415979,491151,-87,2,2,409800,32784,30000,75000,397584,204900,card,unpaid,1,VEGGIE25,1,0,1,0,delivering,2086.11,0,1,1
SYN-20260304-002870,2026-03-04T12:31:21.000Z,2026-03-04,3,19,3,69b66f179390b3e4eaa4711f,regular,96,51556197,537044,-12,2,3,789700,63176,0,0,852876,394850,momo,paid,0,,0,0,3,0,completed,264.26,0,0,0
SYN-20251023-002871,2025-10-23T05:50:27.000Z,2025-10-23,4,12,10,69b66f179390b3e4eaa47122,regular,84,40357330,480444,-144,2,3,559700,44776,0,120000,484476,279850,momo,paid,1,FIRSTORDER30,2,0,1,0,delivering,3438.94,0,1,0
SYN-20250821-002872,2025-08-21T05:27:05.000Z,2025-08-21,4,12,8,69b66f179390b3e4eaa47122,regular,84,40357330,480444,-207,1,1,249900,19992,30000,0,299892,249900,card,paid,0,,0,0,1,0,completed,4951.33,0,0,0
SYN-20250615-002873,2025-06-15T10:47:42.000Z,2025-06-15,0,17,6,69b66f179390b3e4eaa4711f,regular,96,51556197,537044,-274,2,3,599700,47976,0,50000,597676,299850,card,unpaid,1,EATOMO50K,0,2,1,0,preparing,6553.98,0,1,1
SYN-20260313-002874,2026-03-13T03:07:21.000Z,2026-03-13,5,10,3,69b66f189390b3e4eaa47131,regular,82,38006436,463493,-3,1,1,179900,14392,30000,44975,179317,179900,momo,paid,1,VEGGIE25,1,0,0,0,delivering,57.66,0,1,0
SYN-20260215-002875,2026-02-15T06:49:36.000Z,2026-02-15,0,13,2,69b66f189390b3e4eaa4712e,regular,66,32415979,491151,-29,2,2,389800,31184,30000,116940,334044,194900,momo,paid,1,FIRSTORDER30,0,2,0,0,completed,677.95,0,0,0
SYN-20260203-002876,2026-02-03T03:04:28.000Z,2026-02-03,2,10,2,69b66f179390b3e4eaa4710a,vip,300,150762893,502543,-41,1,2,359800,28784,30000,50000,368584,359800,momo,paid,1,EATOMO50K,0,2,0,0,completed,969.7,0,0,0
SYN-20250610-002877,2025-06-10T13:29:26.000Z,2025-06-10,2,20,6,69b66f179390b3e4eaa4711f,regular,96,51556197,537044,-279,2,2,329800,26384,30000,0,386184,164900,card,unpaid,0,,0,1,0,1,confirmed,6671.29,0,1,1
SYN-20260208-002878,2026-02-08T06:40:20.000Z,2026-02-08,0,13,2,69b66f179390b3e4eaa47110,regular,80,39676181,495952,-36,1,2,479800,38384,30000,0,548184,479800,cash,paid,0,,0,0,2,0,completed,846.11,0,0,0
SYN-20250901-002879,2025-09-01T01:58:57.000Z,2025-09-01,1,8,9,69b66f179390b3e4eaa47128,regular,66,34270303,519247,-196,1,1,249900,19992,30000,0,299892,249900,cash,unpaid,0,,0,0,1,0,delivering,4690.8,0,1,1
SYN-20250429-002880,2025-04-29T01:56:40.000Z,2025-04-29,2,8,4,69b66f179390b3e4eaa4710a,vip,300,150762893,502543,-321,2,2,339800,27184,30000,67960,329024,169900,card,unpaid,1,HEALTHY20,0,1,0,1,cancelled,7690.83,1,0,1
SYN-20250730-002881,2025-07-30T08:19:01.000Z,2025-07-30,3,15,7,69b66f179390b3e4eaa4711c,regular,50,24230795,484616,-229,2,4,659600,52768,0,100000,612368,329800,card,paid,1,VIP100K,2,0,0,2,delivering,5476.46,0,1,0
SYN-20250614-002882,2025-06-14T09:42:19.000Z,2025-06-14,6,16,6,69b66f179390b3e4eaa4712b,regular,83,34910035,420603,-275,2,3,439700,35176,30000,0,504876,219850,cash,unpaid,0,,0,0,0,3,completed,6579.07,0,0,1
SYN-20260220-002883,2026-02-20T09:29:57.000Z,2026-02-20,5,16,2,69b66f179390b3e4eaa47125,regular,78,39418164,505361,-24,2,2,459800,36784,30000,75000,451584,229900,momo,unpaid,1,VEGGIE25,0,1,1,0,pending,555.28,0,1,1
SYN-20251230-002884,2025-12-30T09:16:32.000Z,2025-12-30,2,16,12,69b66f179390b3e4eaa4712b,regular,83,34910035,420603,-76,2,2,309800,24784,30000,0,364584,154900,cash,unpaid,0,,1,0,0,1,pending,1803.5,0,1,1
SYN-20251016-002885,2025-10-16T13:08:57.000Z,2025-10-16,4,20,10,69b66f189390b3e4eaa47131,regular,82,38006436,463493,-151,2,3,469700,37576,30000,0,537276,234850,momo,paid,0,,2,1,0,0,completed,3599.63,0,0,0
SYN-20251016-002886,2025-10-16T02:28:49.000Z,2025-10-16,4,9,10,69b66f179390b3e4eaa4710a,vip,300,150762893,502543,-151,2,3,534700,42776,0,50000,527476,267350,momo,paid,1,EATOMO50K,1,2,0,0,completed,3610.3,0,0,0
SYN-20250730-002887,2025-07-30T12:30:18.000Z,2025-07-30,3,19,7,69b66f189390b3e4eaa47134,regular,69,34548879,500708,-229,2,3,529700,42376,0,0,572076,264850,bank_transfer,unpaid,0,,1,2,0,0,pending,5472.27,0,1,1
SYN-20250318-002888,2025-03-18T01:41:51.000Z,2025-03-18,2,8,3,69b66f179390b3e4eaa4711f,regular,96,51556197,537044,-363,2,2,339800,27184,30000,67960,329024,169900,cash,unpaid,1,HEALTHY20,2,0,0,0,pending,8699.08,0,1,1
SYN-20251211-002889,2025-12-11T12:06:03.000Z,2025-12-11,4,19,12,69b66f189390b3e4eaa47131,regular,82,38006436,463493,-95,1,1,249900,19992,30000,62475,237417,249900,momo,paid,1,FLASH25,0,0,1,0,completed,2256.68,0,0,0
SYN-20260204-002890,2026-02-04T14:47:08.000Z,2026-02-04,3,21,2,69b66f179390b3e4eaa47122,regular,84,40357330,480444,-39,1,2,479800,38384,30000,95960,452224,479800,cash,unpaid,1,HEALTHY20,0,0,2,0,confirmed,933.99,0,1,1
SYN-20251101-002891,2025-11-01T09:13:10.000Z,2025-11-01,6,16,11,69b66f179390b3e4eaa47110,regular,80,39676181,495952,-135,2,3,519700,41576,0,75000,486276,259850,bank_transfer,paid,1,VEGGIE25,0,2,0,1,delivering,3219.56,0,1,0
SYN-20260312-002892,2026-03-12T04:41:57.000Z,2026-03-12,4,11,3,69b66f179390b3e4eaa47116,regular,82,38788483,473030,-4,2,2,404800,32384,30000,0,467184,202400,card,unpaid,0,,1,0,1,0,delivering,80.08,0,1,1
SYN-20260227-002893,2026-02-27T02:13:56.000Z,2026-02-27,5,9,2,69b66f179390b3e4eaa4710a,vip,300,150762893,502543,-17,2,2,449800,35984,30000,89960,425824,224900,momo,paid,1,HEALTHY20,0,1,1,0,completed,394.55,0,0,0
SYN-20260303-002894,2026-03-03T02:26:13.000Z,2026-03-03,2,9,3,69b66f179390b3e4eaa47122,regular,84,40357330,480444,-13,1,2,359800,28784,30000,0,418584,359800,cash,unpaid,0,,0,2,0,0,pending,298.34,0,1,1
SYN-20250331-002895,2025-03-31T06:50:21.000Z,2025-03-31,1,13,3,69b66f179390b3e4eaa47125,regular,78,39418164,505361,-350,1,1,149900,11992,30000,14990,176902,149900,momo,unpaid,1,WELCOME10,1,0,0,0,preparing,8381.94,0,1,1
SYN-20251006-002896,2025-10-06T09:19:22.000Z,2025-10-06,1,16,10,69b66f179390b3e4eaa47128,regular,66,34270303,519247,-160,2,2,329800,26384,30000,0,386184,164900,card,paid,0,,0,1,0,1,completed,3843.45,0,0,0
SYN-20260308-002897,2026-03-08T10:02:58.000Z,2026-03-08,0,17,3,69b66f179390b3e4eaa47110,regular,80,39676181,495952,-8,1,2,379800,30384,30000,0,440184,379800,cash,paid,0,,0,2,0,0,completed,170.73,0,0,0
SYN-20260220-002898,2026-02-20T10:39:56.000Z,2026-02-20,5,17,2,69b66f189390b3e4eaa47134,regular,69,34548879,500708,-24,2,2,349800,27984,30000,69960,337824,174900,cash,paid,1,HEALTHY20,1,1,0,0,completed,554.11,0,0,0
SYN-20250726-002899,2025-07-26T07:08:37.000Z,2025-07-26,6,14,7,69b66f179390b3e4eaa47128,regular,66,34270303,519247,-233,2,2,359800,28784,30000,71960,346624,179900,momo,paid,1,HEALTHY20,0,1,0,1,completed,5573.63,0,0,0
SYN-20250508-002900,2025-05-08T10:01:18.000Z,2025-05-08,4,17,5,69b66f189390b3e4eaa47134,regular,69,34548879,500708,-312,2,4,779600,62368,0,100000,741968,389800,momo,paid,1,VIP100K,0,0,2,2,completed,7466.76,0,0,0
SYN-20250629-002901,2025-06-29T10:38:02.000Z,2025-06-29,0,17,6,69b66f179390b3e4eaa4710a,vip,300,150762893,502543,-260,2,4,819600,65568,0,50000,835168,409800,momo,paid,1,EATOMO50K,0,4,0,0,completed,6218.14,0,0,0
SYN-20260223-002902,2026-02-23T07:34:16.000Z,2026-02-23,1,14,2,69b66f179390b3e4eaa47113,regular,89,41138137,462226,-21,2,3,544700,43576,0,54470,533806,272350,momo,unpaid,1,PROTEIN10,1,2,0,0,confirmed,485.21,0,1,1
SYN-20251010-002903,2025-10-10T14:53:24.000Z,2025-10-10,5,21,10,69b66f179390b3e4eaa4710d,regular,128,62788236,490533,-156,1,1,149900,11992,30000,0,191892,149900,card,paid,0,,0,0,0,1,completed,3741.89,0,0,0
SYN-20250630-002904,2025-06-30T14:33:09.000Z,2025-06-30,1,21,6,69b66f179390b3e4eaa4710a,vip,300,150762893,502543,-259,1,1,199900,15992,30000,0,245892,199900,momo,unpaid,0,,0,1,0,0,confirmed,6190.23,0,1,1
SYN-20250803-002905,2025-08-03T07:04:18.000Z,2025-08-03,0,14,8,69b66f179390b3e4eaa47110,regular,80,39676181,495952,-225,1,1,129900,10392,30000,25000,145292,129900,momo,unpaid,1,FREESHIP,0,0,0,1,delivering,5381.71,0,1,1
SYN-20260122-002906,2026-01-22T04:41:59.000Z,2026-01-22,4,11,1,69b66f179390b3e4eaa4710a,vip,300,150762893,502543,-53,1,2,539800,43184,0,80000,502984,539800,momo,paid,1,FLASH25,0,0,2,0,completed,1256.08,0,0,0
SYN-20260314-002907,2026-03-14T13:18:15.000Z,2026-03-14,6,20,3,69b66f179390b3e4eaa47122,regular,84,40357330,480444,-1,1,1,239900,19192,30000,59975,229117,239900,momo,paid,1,VEGGIE25,0,0,1,0,completed,23.47,0,0,0
SYN-20250617-002908,2025-06-17T09:52:05.000Z,2025-06-17,2,16,6,69b66f179390b3e4eaa4712b,regular,83,34910035,420603,-272,1,1,179900,14392,30000,0,224292,179900,momo,unpaid,0,,0,1,0,0,preparing,6506.91,0,1,1
SYN-20260303-002909,2026-03-03T05:20:24.000Z,2026-03-03,2,12,3,69b66f179390b3e4eaa47122,regular,84,40357330,480444,-13,1,1,249900,19992,30000,0,299892,249900,momo,unpaid,0,,0,0,1,0,confirmed,295.44,0,1,1
SYN-20260121-002910,2026-01-21T03:48:29.000Z,2026-01-21,3,10,1,69b66f179390b3e4eaa4710a,vip,300,150762893,502543,-54,1,1,249900,19992,30000,37485,262407,249900,card,paid,1,SUMMER15,0,0,1,0,completed,1280.97,0,0,0
SYN-20251123-002911,2025-11-23T04:39:23.000Z,2025-11-23,0,11,11,69b66f179390b3e4eaa4710a,vip,300,150762893,502543,-113,2,5,834500,66760,0,50000,851260,417250,cash,paid,1,EATOMO50K,3,2,0,0,completed,2696.12,0,0,0
SYN-20250904-002912,2025-09-04T13:39:08.000Z,2025-09-04,4,20,9,69b66f179390b3e4eaa4711f,regular,96,51556197,537044,-193,1,1,179900,14392,30000,44975,179317,179900,momo,unpaid,1,VEGGIE25,0,1,0,0,confirmed,4607.13,0,1,1
SYN-20260307-002913,2026-03-07T03:47:58.000Z,2026-03-07,6,10,3,69b66f179390b3e4eaa4711c,regular,50,24230795,484616,-9,2,3,589700,47176,0,80000,556876,294850,card,unpaid,1,FLASH25,0,2,0,1,confirmed,200.98,0,1,1
SYN-20260305-002914,2026-03-05T01:43:12.000Z,2026-03-05,4,8,3,69b66f179390b3e4eaa4710a,vip,300,150762893,502543,-11,2,2,419800,33584,30000,75000,408384,209900,cash,paid,1,VEGGIE25,1,0,1,0,completed,251.06,0,0,0
SYN-20250913-002915,2025-09-13T12:57:27.000Z,2025-09-13,6,19,9,69b66f179390b3e4eaa4710a,vip,300,150762893,502543,-184,1,1,149900,11992,30000,0,191892,149900,momo,paid,0,,0,0,0,1,completed,4391.82,0,0,0
SYN-20250709-002916,2025-07-09T05:29:13.000Z,2025-07-09,3,12,7,69b66f179390b3e4eaa47122,regular,84,40357330,480444,-250,1,1,139900,11192,30000,0,181092,139900,momo,unpaid,0,,1,0,0,0,pending,5983.29,0,1,1
SYN-20260311-002917,2026-03-11T07:34:44.000Z,2026-03-11,3,14,3,69b66f179390b3e4eaa4711f,regular,96,51556197,537044,-5,2,2,459800,36784,30000,0,526584,229900,card,unpaid,0,,0,1,1,0,delivering,101.2,0,1,1
SYN-20260226-002918,2026-02-26T11:33:06.000Z,2026-02-26,4,18,2,69b66f189390b3e4eaa47131,regular,82,38006436,463493,-18,1,1,229900,18392,30000,0,278292,229900,momo,paid,0,,0,0,1,0,completed,409.23,0,0,0
SYN-20251009-002919,2025-10-09T03:12:49.000Z,2025-10-09,4,10,10,69b66f179390b3e4eaa47125,regular,78,39418164,505361,-158,1,2,359800,28784,30000,0,418584,359800,bank_transfer,unpaid,0,,0,2,0,0,pending,3777.56,0,1,1
SYN-20260201-002920,2026-02-01T11:19:17.000Z,2026-02-01,0,18,2,69b66f179390b3e4eaa4710d,regular,128,62788236,490533,-42,1,1,199900,15992,30000,49975,195917,199900,momo,unpaid,1,FLASH25,0,1,0,0,confirmed,1009.46,0,1,1
SYN-20260312-002921,2026-03-12T08:57:04.000Z,2026-03-12,4,15,3,69b66f179390b3e4eaa4712b,regular,83,34910035,420603,-4,1,3,569700,45576,0,50000,565276,569700,momo,paid,1,EATOMO50K,0,3,0,0,completed,75.83,0,0,0
SYN-20260312-002922,2026-03-12T08:43:45.000Z,2026-03-12,4,15,3,69b66f189390b3e4eaa47134,regular,69,34548879,500708,-4,2,3,739700,59176,0,0,798876,369850,momo,paid,0,,0,0,3,0,delivering,76.05,0,1,0
SYN-20260201-002923,2026-02-01T02:45:04.000Z,2026-02-01,0,9,2,69b66f189390b3e4eaa4712e,regular,66,32415979,491151,-43,2,2,429800,34384,30000,0,494184,214900,cash,unpaid,0,,0,1,1,0,completed,1018.03,0,0,1
SYN-20260202-002924,2026-02-02T01:52:01.000Z,2026-02-02,1,8,2,69b66f179390b3e4eaa4710a,vip,300,150762893,502543,-42,2,4,839600,67168,0,80000,826768,419800,cash,paid,1,FLASH25,0,0,2,2,delivering,994.91,0,1,0
SYN-20250705-002925,2025-07-05T04:41:23.000Z,2025-07-05,6,11,7,69b66f179390b3e4eaa4710d,regular,128,62788236,490533,-254,2,2,489800,39184,30000,75000,483984,244900,momo,paid,1,VEGGIE25,0,0,2,0,completed,6080.09,0,0,0
SYN-20260314-002926,2026-03-14T05:19:09.000Z,2026-03-14,6,12,3,69b66f179390b3e4eaa47128,regular,66,34270303,519247,-2,1,2,479800,38384,30000,50000,498184,479800,cash,unpaid,1,EATOMO50K,0,0,2,0,confirmed,31.46,0,1,1
SYN-20260312-002927,2026-03-12T04:11:34.000Z,2026-03-12,4,11,3,69b66f179390b3e4eaa4712b,regular,83,34910035,420603,-4,1,1,159900,12792,30000,0,202692,159900,cash,paid,0,,1,0,0,0,delivering,80.58,0,1,0
SYN-20250924-002928,2025-09-24T14:34:27.000Z,2025-09-24,3,21,9,69b66f189390b3e4eaa47134,regular,69,34548879,500708,-173,2,3,759700,60776,0,0,820476,379850,cash,paid,0,,0,0,3,0,completed,4126.2,0,0,0
SYN-20250829-002929,2025-08-29T04:27:31.000Z,2025-08-29,5,11,8,69b66f179390b3e4eaa4710a,vip,300,150762893,502543,-199,2,2,379800,30384,30000,0,440184,189900,card,paid,0,,1,0,1,0,completed,4760.32,0,0,0
SYN-20250830-002930,2025-08-30T02:03:05.000Z,2025-08-30,6,9,8,69b66f179390b3e4eaa47122,regular,84,40357330,480444,-198,1,2,439800,35184,30000,0,504984,439800,momo,paid,0,,0,0,2,0,completed,4738.73,0,0,0
SYN-20251217-002931,2025-12-17T02:26:19.000Z,2025-12-17,3,9,12,69b66f179390b3e4eaa47113,regular,89,41138137,462226,-89,2,2,449800,35984,30000,0,515784,224900,card,unpaid,0,,0,1,1,0,preparing,2122.34,0,1,1
SYN-20250923-002932,2025-09-23T09:36:16.000Z,2025-09-23,2,16,9,69b66f179390b3e4eaa4710a,vip,300,150762893,502543,-174,2,4,719600,57568,0,25000,752168,359800,cash,paid,1,FREESHIP,0,0,2,2,completed,4155.17,0,0,0
SYN-20250429-002933,2025-04-29T11:22:05.000Z,2025-04-29,2,18,4,69b66f179390b3e4eaa4710a,vip,300,150762893,502543,-321,1,1,164900,13192,30000,0,208092,164900,bank_transfer,paid,0,,0,1,0,0,completed,7681.41,0,0,0
SYN-20250325-002934,2025-03-25T01:45:24.000Z,2025-03-25,2,8,3,69b66f179390b3e4eaa4710a,vip,300,150762893,502543,-356,2,4,829600,66368,0,50000,845968,414800,momo,paid,1,EATOMO50K,0,4,0,0,completed,8531.02,0,0,0
SYN-20250320-002935,2025-03-20T14:20:31.000Z,2025-03-20,4,21,3,69b66f179390b3e4eaa47125,regular,78,39418164,505361,-360,2,3,459700,36776,30000,0,526476,229850,cash,unpaid,0,,0,1,0,2,confirmed,8638.44,0,1,1
SYN-20250529-002936,2025-05-29T12:05:54.000Z,2025-05-29,4,19,5,69b66f179390b3e4eaa4711c,regular,50,24230795,484616,-291,1,1,239900,19192,30000,0,289092,239900,momo,paid,0,,0,0,1,0,delivering,6960.68,0,1,0
SYN-20250928-002937,2025-09-28T13:43:53.000Z,2025-09-28,0,20,9,69b66f179390b3e4eaa4711f,regular,96,51556197,537044,-169,2,3,659700,52776,0,0,712476,329850,cash,unpaid,0,,0,2,1,0,completed,4031.05,0,0,1
SYN-20260306-002938,2026-03-06T13:40:51.000Z,2026-03-06,5,20,3,69b66f189390b3e4eaa4712e,regular,66,32415979,491151,-9,2,2,374800,29984,30000,75000,359784,187400,momo,unpaid,1,VEGGIE25,1,1,0,0,confirmed,215.1,0,1,1
SYN-20260117-002939,2026-01-17T03:03:46.000Z,2026-01-17,6,10,1,69b66f179390b3e4eaa4711c,regular,50,24230795,484616,-58,1,1,249900,19992,30000,49980,249912,249900,momo,paid,1,HEALTHY20,0,0,1,0,completed,1377.71,0,0,0
SYN-20260113-002940,2026-01-13T10:51:03.000Z,2026-01-13,2,17,1,69b66f179390b3e4eaa4710d,regular,128,62788236,490533,-61,2,2,399800,31984,30000,50000,411784,199900,bank_transfer,paid,1,EATOMO50K,1,0,1,0,delivering,1465.93,0,1,0
SYN-20250613-002941,2025-06-13T09:58:28.000Z,2025-06-13,5,16,6,69b66f189390b3e4eaa47134,regular,69,34548879,500708,-276,1,2,419800,33584,30000,0,483384,419800,cash,paid,0,,0,2,0,0,completed,6602.8,0,0,0
SYN-20250730-002942,2025-07-30T09:05:28.000Z,2025-07-30,3,16,7,69b66f179390b3e4eaa4711c,regular,50,24230795,484616,-229,1,2,399800,31984,30000,75000,386784,399800,bank_transfer,unpaid,1,VEGGIE25,0,2,0,0,pending,5475.69,0,1,1
SYN-20250731-002943,2025-07-31T01:05:51.000Z,2025-07-31,4,8,7,69b66f179390b3e4eaa4712b,regular,83,34910035,420603,-228,2,3,574700,45976,0,0,620676,287350,card,unpaid,0,,0,3,0,0,completed,5459.68,0,0,1
SYN-20250907-002944,2025-09-07T03:46:11.000Z,2025-09-07,0,10,9,69b66f189390b3e4eaa47131,regular,82,38006436,463493,-190,2,2,359800,28784,30000,75000,343584,179900,momo,unpaid,1,VEGGIE25,1,1,0,0,preparing,4545.01,0,1,1
SYN-20250705-002945,2025-07-05T05:37:25.000Z,2025-07-05,6,12,7,69b66f179390b3e4eaa47125,regular,78,39418164,505361,-254,2,2,379800,30384,30000,0,440184,189900,cash,unpaid,0,,0,0,1,1,confirmed,6079.15,0,1,1
SYN-20250705-002946,2025-07-05T04:28:56.000Z,2025-07-05,6,11,7,69b66f179390b3e4eaa4710a,vip,300,150762893,502543,-254,2,2,419800,33584,30000,0,483384,209900,card,paid,0,,0,2,0,0,delivering,6080.3,0,1,0
SYN-20251025-002947,2025-10-25T01:10:44.000Z,2025-10-25,6,8,10,69b66f179390b3e4eaa47122,regular,84,40357330,480444,-142,2,3,469700,37576,30000,0,537276,234850,bank_transfer,paid,0,,3,0,0,0,completed,3395.6,0,0,0
SYN-20251023-002948,2025-10-23T12:00:08.000Z,2025-10-23,4,19,10,69b66f189390b3e4eaa4712e,regular,66,32415979,491151,-144,2,4,644600,51568,0,0,696168,322300,card,paid,0,,4,0,0,0,delivering,3432.78,0,1,0
SYN-20251108-002949,2025-11-08T12:14:11.000Z,2025-11-08,6,19,11,69b66f189390b3e4eaa47131,regular,82,38006436,463493,-128,2,3,759700,60776,0,0,820476,379850,momo,paid,0,,0,0,3,0,completed,3048.54,0,0,0
SYN-20250906-002950,2025-09-06T01:39:54.000Z,2025-09-06,6,8,9,69b66f179390b3e4eaa4710a,vip,300,150762893,502543,-191,1,2,379800,30384,30000,50000,390184,379800,momo,unpaid,1,EATOMO50K,0,2,0,0,confirmed,4571.11,0,1,1
SYN-20260220-002951,2026-02-20T10:10:31.000Z,2026-02-20,5,17,2,69b66f179390b3e4eaa4710d,regular,128,62788236,490533,-23,2,3,449700,35976,30000,0,515676,224850,card,unpaid,0,,0,1,0,2,confirmed,554.6,0,1,1
SYN-20251008-002952,2025-10-08T12:40:18.000Z,2025-10-08,3,19,10,69b66f179390b3e4eaa4710a,vip,300,150762893,502543,-159,1,1,149900,11992,30000,0,191892,149900,momo,paid,0,,0,0,0,1,completed,3792.11,0,0,0
SYN-20260205-002953,2026-02-05T14:11:58.000Z,2026-02-05,4,21,2,69b66f179390b3e4eaa4710a,vip,300,150762893,502543,-39,2,3,499700,39976,30000,0,569676,249850,cash,paid,0,,0,1,0,2,completed,910.58,0,0,0
SYN-20250629-002954,2025-06-29T11:31:17.000Z,2025-06-29,0,18,6,69b66f179390b3e4eaa47122,regular,84,40357330,480444,-259,1,1,179900,14392,30000,0,224292,179900,cash,unpaid,0,,0,1,0,0,preparing,6217.26,0,1,1
SYN-20260308-002955,2026-03-08T04:30:55.000Z,2026-03-08,0,11,3,69b66f179390b3e4eaa47110,regular,80,39676181,495952,-8,1,1,149900,11992,30000,0,191892,149900,bank_transfer,unpaid,0,,0,0,0,1,preparing,176.26,0,1,1
SYN-20250415-002956,2025-04-15T11:25:28.000Z,2025-04-15,2,18,4,69b66f179390b3e4eaa4710d,regular,128,62788236,490533,-334,2,2,359800,28784,30000,0,418584,179900,card,unpaid,0,,0,0,1,1,preparing,8017.35,0,1,1
SYN-20250328-002957,2025-03-28T12:33:43.000Z,2025-03-28,5,19,3,69b66f189390b3e4eaa47131,regular,82,38006436,463493,-353,1,1,169900,13592,30000,0,213492,169900,card,unpaid,0,,1,0,0,0,preparing,8448.22,0,1,1
SYN-20260120-002958,2026-01-20T05:32:30.000Z,2026-01-20,2,12,1,69b66f179390b3e4eaa4711f,regular,96,51556197,537044,-55,2,3,729700,58376,0,50000,738076,364850,card,unpaid,1,EATOMO50K,0,0,3,0,confirmed,1303.24,0,1,1
SYN-20251002-002959,2025-10-02T14:57:41.000Z,2025-10-02,4,21,10,69b66f179390b3e4eaa4712b,regular,83,34910035,420603,-164,1,1,154900,12392,30000,15490,181802,154900,bank_transfer,unpaid,1,WELCOME10,1,0,0,0,confirmed,3933.82,0,1,1
SYN-20250814-002960,2025-08-14T04:00:12.000Z,2025-08-14,4,11,8,69b66f179390b3e4eaa4710a,vip,300,150762893,502543,-214,1,1,239900,19192,30000,47980,241112,239900,momo,paid,1,HEALTHY20,0,0,1,0,completed,5120.77,0,0,0
SYN-20250526-002961,2025-05-26T10:27:13.000Z,2025-05-26,1,17,5,69b66f179390b3e4eaa4710a,vip,300,150762893,502543,-294,1,1,249900,19992,30000,37485,262407,249900,card,unpaid,1,SUMMER15,0,0,1,0,preparing,7034.32,0,1,1
SYN-20250819-002962,2025-08-19T06:46:29.000Z,2025-08-19,2,13,8,69b66f179390b3e4eaa4710a,vip,300,150762893,502543,-209,2,4,799600,63968,0,25000,838568,399800,bank_transfer,paid,1,FREESHIP,0,4,0,0,delivering,4998,0,1,0
SYN-20251101-002963,2025-11-01T10:19:50.000Z,2025-11-01,6,17,11,69b66f179390b3e4eaa4712b,regular,83,34910035,420603,-135,2,2,299800,23984,30000,0,353784,149900,cash,paid,0,,2,0,0,0,completed,3218.45,0,0,0
SYN-20260312-002964,2026-03-12T04:24:12.000Z,2026-03-12,4,11,3,69b66f179390b3e4eaa4710a,vip,300,150762893,502543,-4,1,1,129900,10392,30000,0,170292,129900,card,paid,0,,0,0,0,1,completed,80.37,0,0,0
SYN-20251204-002965,2025-12-04T05:02:50.000Z,2025-12-04,4,12,12,69b66f179390b3e4eaa47113,regular,89,41138137,462226,-102,2,4,739600,59168,0,25000,773768,369800,card,unpaid,1,FREESHIP,0,4,0,0,confirmed,2431.73,0,1,1
SYN-20260303-002966,2026-03-03T01:45:34.000Z,2026-03-03,2,8,3,69b66f179390b3e4eaa47119,regular,49,23556582,480747,-13,1,2,519800,41584,0,51980,509404,519800,cash,unpaid,1,PROTEIN10,0,0,2,0,confirmed,299.02,0,1,1
SYN-20260104-002967,2026-01-04T01:27:20.000Z,2026-01-04,0,8,1,69b66f179390b3e4eaa4711c,regular,50,24230795,484616,-71,2,5,849500,67960,0,0,917460,424750,momo,unpaid,0,,0,0,2,3,preparing,1691.32,0,1,1
SYN-20251231-002968,2025-12-31T14:33:31.000Z,2025-12-31,3,21,12,69b66f179390b3e4eaa4710a,vip,300,150762893,502543,-75,2,2,319800,25584,30000,63960,311424,159900,cash,paid,1,HEALTHY20,0,1,0,1,completed,1774.22,0,0,0
SYN-20251105-002969,2025-11-05T05:56:37.000Z,2025-11-05,3,12,11,69b66f179390b3e4eaa4710a,vip,300,150762893,502543,-131,2,3,749700,59976,0,25000,784676,374850,cash,paid,1,FREESHIP,0,1,2,0,completed,3126.83,0,0,0
SYN-20260303-002970,2026-03-03T05:53:21.000Z,2026-03-03,2,12,3,69b66f179390b3e4eaa47128,regular,66,34270303,519247,-13,2,2,399800,31984,30000,75000,386784,199900,momo,paid,1,VEGGIE25,0,0,1,1,completed,294.89,0,0,0
SYN-20250828-002971,2025-08-28T10:53:56.000Z,2025-08-28,4,17,8,69b66f179390b3e4eaa4710a,vip,300,150762893,502543,-200,2,3,619700,49576,0,120000,549276,309850,cash,paid,1,FIRSTORDER30,0,2,1,0,completed,4777.88,0,0,0
SYN-20260208-002972,2026-02-08T02:32:36.000Z,2026-02-08,0,9,2,69b66f189390b3e4eaa47131,regular,82,38006436,463493,-36,1,1,219900,17592,30000,43980,223512,219900,cash,paid,1,HEALTHY20,0,0,1,0,delivering,850.23,0,1,0
SYN-20250927-002973,2025-09-27T11:38:04.000Z,2025-09-27,6,18,9,69b66f179390b3e4eaa4710d,regular,128,62788236,490533,-169,1,1,249900,19992,30000,0,299892,249900,cash,unpaid,0,,0,0,1,0,cancelled,4057.14,1,0,1
SYN-20251115-002974,2025-11-15T14:50:20.000Z,2025-11-15,6,21,11,69b66f179390b3e4eaa4710a,vip,300,150762893,502543,-120,2,3,589700,47176,0,50000,586876,294850,cash,paid,1,EATOMO50K,0,3,0,0,completed,2877.94,0,0,0
SYN-20260314-002975,2026-03-14T07:16:05.000Z,2026-03-14,6,14,3,69b66f179390b3e4eaa4712b,regular,83,34910035,420603,-2,2,3,529700,42376,0,0,572076,264850,momo,unpaid,0,,2,0,1,0,confirmed,29.51,0,1,1
SYN-20250709-002976,2025-07-09T02:28:57.000Z,2025-07-09,3,9,7,69b66f179390b3e4eaa4710d,regular,128,62788236,490533,-250,2,4,759600,60768,0,75000,745368,379800,cash,paid,1,VEGGIE25,0,4,0,0,completed,5986.3,0,0,0
SYN-20260124-002977,2026-01-24T12:54:46.000Z,2026-01-24,6,19,1,69b66f179390b3e4eaa4710a,vip,300,150762893,502543,-51,1,1,154900,12392,30000,0,197292,154900,card,paid,0,,1,0,0,0,completed,1199.86,0,0,0
SYN-20260205-002978,2026-02-05T07:47:50.000Z,2026-02-05,4,14,2,69b66f179390b3e4eaa47125,regular,78,39418164,505361,-39,1,2,419800,33584,30000,0,483384,419800,momo,unpaid,0,,0,2,0,0,confirmed,916.98,0,1,1
SYN-20251101-002979,2025-11-01T14:07:46.000Z,2025-11-01,6,21,11,69b66f179390b3e4eaa4710d,regular,128,62788236,490533,-134,2,5,829500,66360,0,0,895860,414750,cash,unpaid,0,,3,2,0,0,delivering,3214.65,0,1,1
SYN-20251120-002980,2025-11-20T06:18:48.000Z,2025-11-20,4,13,11,69b66f179390b3e4eaa4711f,regular,96,51556197,537044,-116,2,2,379800,30384,30000,25000,415184,189900,card,unpaid,1,FREESHIP,0,0,1,1,completed,2766.46,0,0,1
SYN-20260314-002981,2026-03-14T07:09:12.000Z,2026-03-14,6,14,3,69b66f179390b3e4eaa47128,regular,66,34270303,519247,-2,2,4,879600,70368,0,0,949968,439800,momo,unpaid,0,,0,2,2,0,preparing,29.62,0,1,1
SYN-20250628-002982,2025-06-28T03:59:40.000Z,2025-06-28,6,10,6,69b66f189390b3e4eaa47134,regular,69,34548879,500708,-261,1,2,519800,41584,0,0,561384,519800,cash,unpaid,0,,0,0,2,0,confirmed,6248.78,0,1,1
SYN-20250916-002983,2025-09-16T06:01:12.000Z,2025-09-16,2,13,9,69b66f179390b3e4eaa4710a,vip,300,150762893,502543,-181,2,4,809600,64768,0,0,874368,404800,card,unpaid,0,,2,0,2,0,pending,4326.76,0,1,1
SYN-20250626-002984,2025-06-26T07:21:33.000Z,2025-06-26,4,14,6,69b66f189390b3e4eaa47131,regular,82,38006436,463493,-263,1,1,144900,11592,30000,0,186492,144900,momo,unpaid,0,,1,0,0,0,preparing,6293.42,0,1,1
SYN-20250824-002985,2025-08-24T11:23:52.000Z,2025-08-24,0,18,8,69b66f179390b3e4eaa47116,regular,82,38788483,473030,-203,2,3,544700,43576,0,75000,513276,272350,momo,paid,1,VEGGIE25,0,3,0,0,completed,4873.38,0,0,0
SYN-20260224-002986,2026-02-24T06:24:20.000Z,2026-02-24,2,13,2,69b66f179390b3e4eaa4710a,vip,300,150762893,502543,-20,2,2,399800,31984,30000,0,461784,199900,momo,paid,0,,0,0,1,1,delivering,462.37,0,1,0
SYN-20250630-002987,2025-06-30T13:40:32.000Z,2025-06-30,1,20,6,69b66f179390b3e4eaa47122,regular,84,40357330,480444,-258,2,2,529800,42384,0,0,572184,264900,momo,refunded,0,,0,0,2,0,cancelled,6191.1,1,0,0
SYN-20251222-002988,2025-12-22T01:19:53.000Z,2025-12-22,1,8,12,69b66f179390b3e4eaa47125,regular,78,39418164,505361,-84,2,5,874500,69960,0,0,944460,437250,card,paid,0,,3,2,0,0,completed,2003.45,0,0,0
SYN-20250916-002989,2025-09-16T06:06:47.000Z,2025-09-16,2,13,9,69b66f179390b3e4eaa4711f,regular,96,51556197,537044,-181,2,2,369800,29584,30000,36980,392404,184900,momo,paid,1,PROTEIN10,1,1,0,0,completed,4326.66,0,0,0
SYN-20251231-002990,2025-12-31T05:01:13.000Z,2025-12-31,3,12,12,69b66f189390b3e4eaa47131,regular,82,38006436,463493,-75,2,2,489800,39184,30000,0,558984,244900,cash,paid,0,,0,0,2,0,completed,1783.76,0,0,0
SYN-20250526-002991,2025-05-26T06:16:23.000Z,2025-05-26,1,13,5,69b66f189390b3e4eaa4712e,regular,66,32415979,491151,-294,2,5,1019500,81560,0,75000,1026060,509750,momo,unpaid,1,VEGGIE25,0,5,0,0,preparing,7038.5,0,1,1
SYN-20260218-002992,2026-02-18T02:02:00.000Z,2026-02-18,3,9,2,69b66f179390b3e4eaa47110,regular,80,39676181,495952,-26,2,3,589700,47176,0,58970,577906,294850,cash,unpaid,1,PROTEIN10,1,0,2,0,preparing,610.74,0,1,1
SYN-20260124-002993,2026-01-24T05:58:17.000Z,2026-01-24,6,12,1,69b66f179390b3e4eaa4710a,vip,300,150762893,502543,-51,2,4,779600,62368,0,60000,781968,389800,momo,paid,1,PROTEIN10,0,4,0,0,completed,1206.81,0,0,0
SYN-20260207-002994,2026-02-07T09:11:24.000Z,2026-02-07,6,16,2,69b66f179390b3e4eaa4710a,vip,300,150762893,502543,-37,2,4,679600,54368,0,0,733968,339800,cash,unpaid,0,,0,2,0,2,confirmed,867.59,0,1,1
SYN-20260225-002995,2026-02-25T10:23:37.000Z,2026-02-25,3,17,2,69b66f179390b3e4eaa47110,regular,80,39676181,495952,-19,2,4,789600,63168,0,0,852768,394800,cash,paid,0,,0,2,2,0,completed,434.38,0,0,0
SYN-20251029-002996,2025-10-29T05:14:27.000Z,2025-10-29,3,12,10,69b66f179390b3e4eaa4711f,regular,96,51556197,537044,-138,2,2,379800,30384,30000,0,440184,189900,momo,paid,0,,0,2,0,0,completed,3295.54,0,0,0
SYN-20250917-002997,2025-09-17T09:46:45.000Z,2025-09-17,3,16,9,69b66f179390b3e4eaa4710d,regular,128,62788236,490533,-179,2,3,584700,46776,0,0,631476,292350,momo,paid,0,,1,2,0,0,delivering,4299,0,1,0
SYN-20251206-002998,2025-12-06T02:36:55.000Z,2025-12-06,6,9,12,69b66f189390b3e4eaa47131,regular,82,38006436,463493,-100,2,2,429800,34384,30000,50000,444184,214900,cash,unpaid,1,EATOMO50K,1,0,1,0,confirmed,2386.16,0,1,1
SYN-20251219-002999,2025-12-19T05:37:48.000Z,2025-12-19,5,12,12,69b66f179390b3e4eaa4710a,vip,300,150762893,502543,-87,1,1,149900,11992,30000,0,191892,149900,bank_transfer,unpaid,0,,0,0,0,1,confirmed,2071.15,0,1,1
SYN-20251220-003000,2025-12-20T04:12:45.000Z,2025-12-20,6,11,12,69b66f179390b3e4eaa47119,regular,49,23556582,480747,-86,2,3,429700,34376,30000,0,494076,214850,momo,unpaid,0,,0,0,0,3,cancelled,2048.57,1,0,1
